#,Date-Time (PDT),Temp,DO
3,5/14/2025 14:27,14.72,10.46
4,5/14/2025 15:27,14.78,10.48
5,5/14/2025 16:27,14.84,10.51
6,5/14/2025 17:27,14.8,10.49
7,5/14/2025 18:27,14.79,10.48
8,5/14/2025 19:27,14.74,10.44
9,5/14/2025 20:27,14.69,10.36
10,5/14/2025 21:27,14.62,10.3
11,5/14/2025 22:27,14.56,10.27
12,5/14/2025 23:27,14.53,10.25
13,5/15/2025 0:27,14.49,10.22
14,5/15/2025 1:27,14.44,10.21
15,5/15/2025 2:27,14.39,10.18
16,5/15/2025 3:27,14.36,10.15
17,5/15/2025 4:27,14.31,10.12
18,5/15/2025 5:27,14.28,10.1
19,5/15/2025 6:27,14.26,10.11
20,5/15/2025 7:27,14.26,10.16
21,5/15/2025 8:27,14.28,10.23
22,5/15/2025 9:27,14.28,10.25
23,5/15/2025 10:27,14.27,10.27
24,5/15/2025 11:27,14.28,10.29
25,5/15/2025 12:27,14.34,10.34
26,5/15/2025 13:27,14.4,10.38
27,5/15/2025 14:27,14.39,10.4
28,5/15/2025 15:27,14.37,10.4
29,5/15/2025 16:27,14.34,10.41
30,5/15/2025 17:27,14.36,10.43
31,5/15/2025 18:27,14.4,10.45
32,5/15/2025 19:27,14.38,10.42
33,5/15/2025 20:27,14.34,10.35
34,5/15/2025 21:27,14.28,10.28
35,5/15/2025 22:27,14.23,10.23
36,5/15/2025 23:27,14.23,10.21
37,5/16/2025 0:27,14.19,10.21
38,5/16/2025 1:27,14.17,10.19
39,5/16/2025 2:27,14.14,10.16
40,5/16/2025 3:27,14.11,10.14
41,5/16/2025 4:27,14.09,10.12
42,5/16/2025 5:27,14.07,10.09
43,5/16/2025 6:27,14.05,10.1
44,5/16/2025 7:27,14.04,10.14
45,5/16/2025 8:27,14.06,10.19
46,5/16/2025 9:27,14.08,10.24
49,5/16/2025 10:27,14.12,10.27
50,5/16/2025 11:27,14.2,10.32
51,5/16/2025 12:27,14.29,10.36
52,5/16/2025 13:27,14.42,10.39
53,5/16/2025 14:27,14.49,10.39
54,5/16/2025 15:27,14.48,10.4
55,5/16/2025 16:27,14.45,10.39
56,5/16/2025 17:27,14.42,10.38
57,5/16/2025 18:27,14.4,10.36
58,5/16/2025 19:27,14.37,10.31
59,5/16/2025 20:27,14.32,10.25
60,5/16/2025 21:27,14.26,10.19
61,5/16/2025 22:27,14.22,10.16
62,5/16/2025 23:27,14.2,10.15
63,5/17/2025 0:27,14.16,10.13
64,5/17/2025 1:27,14.12,10.12
65,5/17/2025 2:27,14.08,10.1
66,5/17/2025 3:27,14.03,10.08
67,5/17/2025 4:27,13.99,10.07
68,5/17/2025 5:27,13.95,10.07
69,5/17/2025 6:27,13.92,10.06
70,5/17/2025 7:27,13.88,10.14
71,5/17/2025 8:27,13.87,10.2
72,5/17/2025 9:27,13.88,10.28
73,5/17/2025 10:27,13.92,10.31
74,5/17/2025 11:27,13.96,10.36
75,5/17/2025 12:27,14.18,10.42
76,5/17/2025 13:27,14.32,10.43
77,5/17/2025 14:27,14.42,10.45
78,5/17/2025 15:27,14.49,10.45
79,5/17/2025 16:27,14.4,10.45
80,5/17/2025 17:27,14.37,10.46
81,5/17/2025 18:27,14.32,10.46
82,5/17/2025 19:27,14.25,10.42
83,5/17/2025 20:27,14.17,10.38
84,5/17/2025 21:27,14.08,10.31
85,5/17/2025 22:27,14.01,10.27
86,5/17/2025 23:27,13.95,10.24
87,5/18/2025 0:27,13.91,10.23
88,5/18/2025 1:27,13.86,10.21
89,5/18/2025 2:27,13.8,10.19
90,5/18/2025 3:27,13.74,10.18
91,5/18/2025 4:27,13.68,10.16
92,5/18/2025 5:27,13.63,10.15
93,5/18/2025 6:27,13.58,10.17
94,5/18/2025 7:27,13.58,10.26
95,5/18/2025 8:27,13.59,10.33
96,5/18/2025 9:27,13.67,10.38
97,5/18/2025 10:27,13.77,10.42
98,5/18/2025 11:27,13.86,10.44
99,5/18/2025 12:27,14.03,10.46
100,5/18/2025 13:27,14.2,10.45
101,5/18/2025 14:27,14.14,10.45
102,5/18/2025 15:27,14.06,10.46
103,5/18/2025 16:27,14.08,10.5
104,5/18/2025 17:27,14.15,10.53
105,5/18/2025 18:27,14.17,10.51
106,5/18/2025 19:27,14.07,10.49
107,5/18/2025 20:27,13.97,10.42
108,5/18/2025 21:27,13.89,10.36
109,5/18/2025 22:27,13.84,10.33
110,5/18/2025 23:27,13.8,10.32
111,5/19/2025 0:27,13.78,10.3
112,5/19/2025 1:27,13.74,10.28
113,5/19/2025 2:27,13.69,10.26
114,5/19/2025 3:27,13.64,10.24
115,5/19/2025 4:27,13.58,10.22
116,5/19/2025 5:27,13.51,10.21
117,5/19/2025 6:27,13.49,10.2
118,5/19/2025 7:27,13.49,10.22
119,5/19/2025 8:27,13.49,10.27
120,5/19/2025 9:27,13.54,10.37
121,5/19/2025 10:27,13.6,10.4
122,5/19/2025 11:27,13.68,10.42
123,5/19/2025 12:27,13.72,10.44
124,5/19/2025 13:27,13.85,10.49
125,5/19/2025 14:27,13.99,10.51
126,5/19/2025 15:27,14.1,10.53
127,5/19/2025 16:27,14.18,10.53
128,5/19/2025 17:27,14.15,10.52
129,5/19/2025 18:27,14.12,10.49
130,5/19/2025 19:27,14.09,10.46
131,5/19/2025 20:27,14.06,10.4
132,5/19/2025 21:27,14.03,10.35
133,5/19/2025 22:27,13.98,10.32
134,5/19/2025 23:27,13.94,10.31
135,5/20/2025 0:27,13.89,10.28
136,5/20/2025 1:27,13.84,10.26
137,5/20/2025 2:27,13.8,10.25
138,5/20/2025 3:27,13.77,10.23
139,5/20/2025 4:27,13.76,10.22
140,5/20/2025 5:27,13.71,10.2
141,5/20/2025 6:27,13.69,10.23
142,5/20/2025 7:27,13.69,10.28
143,5/20/2025 8:27,13.71,10.36
144,5/20/2025 9:27,13.83,10.42
145,5/20/2025 10:27,13.9,10.43
146,5/20/2025 11:27,14.03,10.47
147,5/20/2025 12:27,14.19,10.49
148,5/20/2025 13:27,14.44,10.48
149,5/20/2025 14:27,14.61,10.5
150,5/20/2025 15:27,14.57,10.52
151,5/20/2025 16:27,14.52,10.52
152,5/20/2025 17:27,14.46,10.49
153,5/20/2025 18:27,14.39,10.5
154,5/20/2025 19:27,14.35,10.47
155,5/20/2025 20:27,14.32,10.41
156,5/20/2025 21:27,14.28,10.36
157,5/20/2025 22:27,14.25,10.33
158,5/20/2025 23:27,14.22,10.3
159,5/21/2025 0:27,14.19,10.28
160,5/21/2025 1:27,14.15,10.27
161,5/21/2025 2:27,14.1,10.25
162,5/21/2025 3:27,14.06,10.23
163,5/21/2025 4:27,14.02,10.21
164,5/21/2025 5:27,13.96,10.21
165,5/21/2025 6:27,13.93,10.22
166,5/21/2025 7:27,13.88,10.27
167,5/21/2025 8:27,13.9,10.34
168,5/21/2025 9:27,13.99,10.4
169,5/21/2025 10:27,14.29,10.42
170,5/21/2025 11:27,14.5,10.43
171,5/21/2025 12:27,14.51,10.45
172,5/21/2025 13:27,14.8,10.49
173,5/21/2025 14:27,14.9,10.5
174,5/21/2025 15:27,14.89,10.51
175,5/21/2025 16:27,14.89,10.54
176,5/21/2025 17:27,15.02,10.54
177,5/21/2025 18:27,15.07,10.51
178,5/21/2025 19:27,14.99,10.46
179,5/21/2025 20:27,14.85,10.41
180,5/21/2025 21:27,14.73,10.35
181,5/21/2025 22:27,14.65,10.33
182,5/21/2025 23:27,14.58,10.31
183,5/22/2025 0:27,14.48,10.3
184,5/22/2025 1:27,14.39,10.28
185,5/22/2025 2:27,14.32,10.25
186,5/22/2025 3:27,14.24,10.23
187,5/22/2025 4:27,14.16,10.21
188,5/22/2025 5:27,14.09,10.2
189,5/22/2025 6:27,14.02,10.22
190,5/22/2025 7:27,13.98,10.26
191,5/22/2025 8:27,14.01,10.32
192,5/22/2025 9:27,14.15,10.38
193,5/22/2025 9:43,13.57,10.16
194,5/22/2025 10:43,14.53,10.38
195,5/22/2025 11:43,14.76,10.41
196,5/22/2025 12:43,15.13,10.45
197,5/22/2025 13:43,14.98,10.44
198,5/22/2025 14:43,14.92,10.48
199,5/22/2025 15:43,14.93,10.48
200,5/22/2025 16:43,15.03,10.5
201,5/22/2025 17:43,15.14,10.47
202,5/22/2025 18:43,15.08,10.46
203,5/22/2025 19:43,14.96,10.43
204,5/22/2025 20:43,14.85,10.36
205,5/22/2025 21:43,14.78,10.33
206,5/22/2025 22:43,14.74,10.29
207,5/22/2025 23:43,14.7,10.27
208,5/23/2025 0:43,14.66,10.25
209,5/23/2025 1:43,14.61,10.23
210,5/23/2025 2:43,14.57,10.2
211,5/23/2025 3:43,14.53,10.17
212,5/23/2025 4:43,14.49,10.16
213,5/23/2025 5:43,14.44,10.15
214,5/23/2025 6:43,14.42,10.18
215,5/23/2025 7:43,14.43,10.24
216,5/23/2025 8:43,14.47,10.31
217,5/23/2025 9:43,14.54,10.37
218,5/23/2025 10:43,14.69,10.42
219,5/23/2025 11:43,14.95,10.41
220,5/23/2025 12:43,15.07,10.43
221,5/23/2025 13:43,15.27,10.43
222,5/23/2025 14:43,15.39,10.45
223,5/23/2025 15:43,15.5,10.45
224,5/23/2025 16:43,15.52,10.46
225,5/23/2025 17:43,15.51,10.45
226,5/23/2025 18:43,15.44,10.44
227,5/23/2025 19:43,15.36,10.41
228,5/23/2025 20:43,15.28,10.35
229,5/23/2025 21:43,15.21,10.28
230,5/23/2025 22:43,15.13,10.25
231,5/23/2025 23:43,15.07,10.23
232,5/24/2025 0:43,15,10.21
233,5/24/2025 1:43,14.91,10.18
234,5/24/2025 2:43,14.84,10.15
235,5/24/2025 3:43,14.77,10.13
236,5/24/2025 4:43,14.7,10.11
237,5/24/2025 5:43,14.64,10.09
238,5/24/2025 6:43,14.59,10.14
239,5/24/2025 7:43,14.59,10.2
240,5/24/2025 8:43,14.63,10.25
241,5/24/2025 9:43,14.77,10.28
242,5/24/2025 10:43,15.07,10.29
243,5/24/2025 11:43,15.37,10.34
244,5/24/2025 12:43,15.68,10.37
245,5/24/2025 13:43,16.08,10.34
246,5/24/2025 14:43,16.31,10.36
247,5/24/2025 15:43,16.38,10.33
248,5/24/2025 16:43,16.39,10.34
249,5/24/2025 17:43,16.33,10.33
250,5/24/2025 18:43,16.25,10.31
251,5/24/2025 19:43,16.16,10.27
252,5/24/2025 20:43,15.96,10.23
253,5/24/2025 21:43,15.76,10.21
254,5/24/2025 22:43,15.61,10.18
255,5/24/2025 23:43,15.48,10.17
256,5/25/2025 0:43,15.39,10.15
257,5/25/2025 1:43,15.3,10.13
258,5/25/2025 2:43,15.23,10.1
259,5/25/2025 3:43,15.15,10.07
260,5/25/2025 4:43,15.08,10.06
261,5/25/2025 5:43,15.02,10.05
262,5/25/2025 6:43,14.98,10.11
263,5/25/2025 7:43,14.97,10.15
264,5/25/2025 8:43,14.98,10.21
265,5/25/2025 9:43,15.04,10.23
266,5/25/2025 10:43,15.25,10.28
267,5/25/2025 11:43,15.55,10.31
268,5/25/2025 12:43,15.81,10.3
269,5/25/2025 13:43,15.96,10.31
270,5/25/2025 14:43,16.14,10.35
271,5/25/2025 15:43,16.17,10.32
272,5/25/2025 16:43,16.13,10.34
273,5/25/2025 17:43,16.03,10.32
274,5/25/2025 18:43,15.93,10.28
275,5/25/2025 19:43,15.86,10.22
276,5/25/2025 20:43,15.81,10.16
277,5/25/2025 21:43,15.75,10.11
278,5/25/2025 22:43,15.72,10.08
279,5/25/2025 23:43,15.67,10.05
280,5/26/2025 0:43,15.61,10.03
281,5/26/2025 1:43,15.56,10.01
282,5/26/2025 2:43,15.52,9.99
283,5/26/2025 3:43,15.47,9.98
284,5/26/2025 4:43,15.41,9.97
285,5/26/2025 5:43,15.37,9.96
286,5/26/2025 6:43,15.32,9.96
287,5/26/2025 7:43,15.32,10.04
288,5/26/2025 8:43,15.35,10.1
289,5/26/2025 9:43,15.46,10.19
290,5/26/2025 10:43,15.63,10.2
291,5/26/2025 11:43,15.58,10.22
292,5/26/2025 12:43,15.72,10.25
293,5/26/2025 13:43,15.87,10.29
294,5/26/2025 14:43,15.9,10.31
295,5/26/2025 15:43,15.87,10.33
296,5/26/2025 16:43,15.93,10.36
297,5/26/2025 17:43,15.96,10.33
298,5/26/2025 18:43,15.85,10.32
299,5/26/2025 19:43,15.72,10.28
300,5/26/2025 20:43,15.64,10.23
301,5/26/2025 21:43,15.59,10.16
302,5/26/2025 22:43,15.54,10.13
303,5/26/2025 23:43,15.49,10.11
304,5/27/2025 0:43,15.43,10.09
305,5/27/2025 1:43,15.38,10.08
306,5/27/2025 2:43,15.34,10.06
307,5/27/2025 3:43,15.29,10.04
308,5/27/2025 4:43,15.26,10.03
309,5/27/2025 5:43,15.23,10.02
310,5/27/2025 6:43,15.2,10.04
311,5/27/2025 7:43,15.21,10.1
312,5/27/2025 8:43,15.24,10.18
313,5/27/2025 9:43,15.31,10.23
314,5/27/2025 10:43,15.54,10.26
315,5/27/2025 11:43,15.88,10.25
316,5/27/2025 12:43,16.2,10.26
317,5/27/2025 13:43,16.53,10.27
318,5/27/2025 14:43,16.75,10.26
319,5/27/2025 15:43,16.83,10.25
320,5/27/2025 16:43,16.86,10.25
321,5/27/2025 17:43,16.81,10.23
322,5/27/2025 18:43,16.72,10.21
323,5/27/2025 19:43,16.58,10.17
324,5/27/2025 20:43,16.44,10.13
325,5/27/2025 21:43,16.33,10.1
326,5/27/2025 22:43,16.19,10.07
327,5/27/2025 23:43,16.05,10.07
328,5/28/2025 0:43,15.9,10.06
329,5/28/2025 1:43,15.75,10.05
330,5/28/2025 2:43,15.61,10.03
331,5/28/2025 3:43,15.48,10.02
332,5/28/2025 4:43,15.37,10
333,5/28/2025 5:43,15.27,9.99
334,5/28/2025 6:43,15.16,10.03
335,5/28/2025 7:43,15.09,10.08
336,5/28/2025 8:43,15.13,10.12
337,5/28/2025 9:43,15.29,10.17
338,5/28/2025 10:43,15.59,10.23
339,5/28/2025 11:43,15.9,10.25
340,5/28/2025 12:43,16.23,10.28
341,5/28/2025 13:43,16.57,10.28
342,5/28/2025 14:43,16.64,10.28
343,5/28/2025 15:43,16.51,10.28
344,5/28/2025 16:43,16.67,10.33
345,5/28/2025 17:43,16.84,10.31
346,5/28/2025 18:43,16.82,10.28
347,5/28/2025 19:43,16.68,10.2
348,5/28/2025 20:43,16.55,10.12
349,5/28/2025 21:43,16.47,10.07
350,5/28/2025 22:43,16.42,10.04
351,5/28/2025 23:43,16.37,10.01
352,5/29/2025 0:43,16.35,9.97
353,5/29/2025 1:43,16.31,9.93
354,5/29/2025 2:43,16.27,9.9
355,5/29/2025 3:43,16.22,9.87
356,5/29/2025 4:43,16.17,9.85
357,5/29/2025 5:43,16.14,9.83
358,5/29/2025 6:43,16.12,9.83
359,5/29/2025 7:43,16.11,9.88
360,5/29/2025 8:43,16.12,9.94
361,5/29/2025 9:43,16.18,10.02
362,5/29/2025 10:43,16.35,10.07
363,5/29/2025 11:43,16.61,10.09
364,5/29/2025 12:43,17,10.11
365,5/29/2025 13:43,17.33,10.12
366,5/29/2025 14:43,17.51,10.13
367,5/29/2025 15:43,17.34,10.11
368,5/29/2025 16:43,17.4,10.12
369,5/29/2025 17:43,17.38,10.11
370,5/29/2025 18:43,17.28,10.1
371,5/29/2025 19:43,17.15,10.06
372,5/29/2025 20:43,17.03,10.02
373,5/29/2025 21:43,16.94,9.97
374,5/29/2025 22:43,16.87,9.95
375,5/29/2025 23:43,16.78,9.93
376,5/30/2025 0:43,16.69,9.92
377,5/30/2025 1:43,16.61,9.9
378,5/30/2025 2:43,16.52,9.87
379,5/30/2025 3:43,16.47,9.85
380,5/30/2025 4:43,16.39,9.84
381,5/30/2025 5:43,16.34,9.83
382,5/30/2025 6:43,16.3,9.88
383,5/30/2025 7:43,16.29,9.95
384,5/30/2025 8:43,16.35,10
385,5/30/2025 9:43,16.43,9.97
386,5/30/2025 10:43,16.56,10.11
387,5/30/2025 11:43,16.71,10.15
388,5/30/2025 12:43,16.96,10.16
389,5/30/2025 13:43,17.35,10.19
390,5/30/2025 14:43,17.67,10.19
391,5/30/2025 15:43,17.67,10.17
392,5/30/2025 16:43,17.71,10.16
393,5/30/2025 17:43,17.76,10.13
394,5/30/2025 18:43,17.66,10.14
395,5/30/2025 19:43,17.47,10.1
396,5/30/2025 20:43,17.38,10.06
397,5/30/2025 21:43,17.32,9.97
398,5/30/2025 22:43,17.28,9.9
399,5/30/2025 23:43,17.25,9.86
400,5/31/2025 0:43,17.18,9.82
401,5/31/2025 1:43,17.12,9.79
402,5/31/2025 2:43,17.06,9.76
403,5/31/2025 3:43,17,9.72
404,5/31/2025 4:43,16.94,9.71
405,5/31/2025 5:43,16.89,9.69
406,5/31/2025 6:43,16.85,9.69
407,5/31/2025 7:43,16.81,9.71
408,5/31/2025 8:43,16.79,9.74
409,5/31/2025 9:43,16.79,9.8
410,5/31/2025 10:43,16.77,9.82
411,5/31/2025 11:43,16.76,9.82
412,5/31/2025 12:43,16.91,9.91
413,5/31/2025 13:43,17.05,9.95
414,5/31/2025 14:43,17.26,9.97
415,5/31/2025 15:43,17.45,9.87
416,5/31/2025 16:43,17.43,9.66
417,5/31/2025 17:43,17.52,9.83
418,5/31/2025 18:43,17.42,9.82
419,5/31/2025 19:43,17.28,9.79
420,5/31/2025 20:43,17.18,9.75
421,5/31/2025 21:43,17.11,9.68
422,5/31/2025 22:43,17.05,9.65
423,5/31/2025 23:43,16.97,9.64
424,6/1/2025 0:43,16.88,9.61
425,6/1/2025 1:43,16.8,9.6
426,6/1/2025 2:43,16.71,9.59
427,6/1/2025 3:43,16.64,9.57
428,6/1/2025 4:43,16.57,9.57
429,6/1/2025 5:43,16.52,9.57
430,6/1/2025 6:43,16.46,9.6
431,6/1/2025 7:43,16.47,9.68
432,6/1/2025 8:43,16.49,9.75
433,6/1/2025 9:43,16.55,9.81
434,6/1/2025 10:43,16.79,9.84
435,6/1/2025 11:43,17.07,9.88
436,6/1/2025 12:43,17.36,9.87
437,6/1/2025 13:43,17.68,9.89
438,6/1/2025 14:43,17.94,9.85
439,6/1/2025 15:43,17.91,9.86
440,6/1/2025 16:43,17.95,9.87
441,6/1/2025 17:43,17.89,9.85
442,6/1/2025 18:43,17.73,9.81
443,6/1/2025 19:43,17.59,9.82
444,6/1/2025 20:43,17.49,9.79
445,6/1/2025 21:43,17.36,9.76
446,6/1/2025 22:43,17.2,9.74
447,6/1/2025 23:43,17.03,9.74
448,6/2/2025 0:43,16.87,9.75
449,6/2/2025 1:43,16.71,9.75
450,6/2/2025 2:43,16.58,9.73
451,6/2/2025 3:43,16.47,9.73
452,6/2/2025 4:43,16.36,9.73
453,6/2/2025 5:43,16.24,9.73
454,6/2/2025 6:43,16.12,9.82
455,6/2/2025 7:43,16.06,9.88
456,6/2/2025 8:43,16.05,9.94
457,6/2/2025 9:43,16.13,10.01
458,6/2/2025 10:43,16.38,10.07
459,6/2/2025 11:43,16.65,10.11
460,6/2/2025 12:43,16.95,10.12
461,6/2/2025 13:43,17.22,10.12
462,6/2/2025 14:43,17.41,10.13
463,6/2/2025 15:43,17.45,10.11
464,6/2/2025 16:43,17.45,10.13
465,6/2/2025 17:43,17.37,10.12
466,6/2/2025 18:43,17.27,10.09
467,6/2/2025 19:43,17.11,10.07
468,6/2/2025 20:43,16.94,10.04
469,6/2/2025 21:43,16.78,9.99
470,6/2/2025 22:43,16.59,9.98
471,6/2/2025 23:43,16.42,9.98
472,6/3/2025 0:43,16.24,9.97
473,6/3/2025 1:43,16.06,9.98
474,6/3/2025 2:43,15.9,9.98
475,6/3/2025 3:43,15.75,9.97
476,6/3/2025 4:43,15.61,10.01
477,6/3/2025 5:43,15.46,10.02
478,6/3/2025 6:43,15.35,10.06
479,6/3/2025 7:43,15.28,10.1
480,6/3/2025 8:43,15.3,10.19
481,6/3/2025 9:43,15.41,10.23
482,6/3/2025 10:43,15.69,10.33
483,6/3/2025 11:43,15.97,10.33
484,6/3/2025 12:43,16.31,10.32
485,6/3/2025 13:43,16.6,10.32
486,6/3/2025 14:43,16.82,10.3
487,6/3/2025 15:43,16.88,10.29
488,6/3/2025 16:43,16.95,10.29
489,6/3/2025 17:43,16.92,10.26
490,6/3/2025 18:43,16.86,10.24
491,6/3/2025 19:43,16.71,10.19
492,6/3/2025 20:43,16.57,10.15
493,6/3/2025 21:43,16.46,10.1
494,6/3/2025 22:43,16.31,10.08
495,6/3/2025 23:43,16.16,10.05
496,6/4/2025 0:43,16.06,9.96
497,6/4/2025 1:43,16,9.87
498,6/4/2025 2:43,15.95,9.85
499,6/4/2025 3:43,15.91,9.8
500,6/4/2025 4:43,15.88,9.79
501,6/4/2025 5:43,15.85,9.8
502,6/4/2025 6:43,15.83,9.85
503,6/4/2025 7:43,15.83,9.89
504,6/4/2025 8:43,15.88,9.99
505,6/4/2025 9:43,16,10.02
506,6/4/2025 10:43,16.27,10.09
507,6/4/2025 11:43,16.64,10.09
508,6/4/2025 12:43,16.84,10.07
509,6/4/2025 13:43,16.91,10.09
510,6/4/2025 14:43,17.2,10.11
511,6/4/2025 15:43,17.24,10.02
512,6/4/2025 16:43,17.25,9.98
513,6/4/2025 17:43,17.19,10.01
514,6/4/2025 18:43,17.2,9.95
515,6/4/2025 19:43,17.14,9.95
516,6/4/2025 20:43,17.07,9.93
517,6/4/2025 21:43,16.99,9.9
518,6/4/2025 22:43,16.89,9.89
519,6/4/2025 23:43,16.76,9.91
520,6/5/2025 0:43,16.66,9.9
521,6/5/2025 1:43,16.55,9.91
522,6/5/2025 2:43,16.44,9.9
523,6/5/2025 3:43,16.35,9.87
524,6/5/2025 4:43,16.26,9.89
525,6/5/2025 5:43,16.18,9.89
526,6/5/2025 6:43,16.12,9.93
527,6/5/2025 7:43,16.08,9.99
528,6/5/2025 8:43,16.14,10.03
529,6/5/2025 9:43,16.31,10.1
530,6/5/2025 10:43,16.64,10.17
531,6/5/2025 11:43,16.99,10.14
532,6/5/2025 12:43,17.38,10.17
533,6/5/2025 13:43,17.74,10.19
534,6/5/2025 14:43,18,10.19
535,6/5/2025 15:43,18.06,10.17
536,6/5/2025 16:43,18.13,10.13
537,6/5/2025 17:43,18.15,10.12
538,6/5/2025 18:43,18.06,10.1
539,6/5/2025 19:43,17.96,10.07
540,6/5/2025 20:43,17.86,9.99
541,6/5/2025 21:43,17.74,9.91
542,6/5/2025 22:43,17.62,9.89
543,6/5/2025 23:43,17.48,9.89
544,6/6/2025 0:43,17.34,9.87
545,6/6/2025 1:43,17.2,9.86
546,6/6/2025 2:43,17.06,9.85
547,6/6/2025 3:43,16.93,9.84
548,6/6/2025 4:43,16.82,9.82
549,6/6/2025 5:43,16.74,9.83
550,6/6/2025 6:43,16.7,9.86
551,6/6/2025 7:43,16.69,9.93
552,6/6/2025 8:43,16.74,9.96
553,6/6/2025 9:43,16.87,10.03
554,6/6/2025 10:43,17.2,10.05
555,6/6/2025 11:43,17.53,10.08
556,6/6/2025 12:43,17.9,10.08
557,6/6/2025 13:43,18.27,10.08
558,6/6/2025 14:43,18.61,10.06
559,6/6/2025 15:43,18.64,10.06
560,6/6/2025 16:43,18.68,10.06
561,6/6/2025 17:43,18.6,10.01
562,6/6/2025 18:43,18.59,9.97
563,6/6/2025 19:43,18.57,9.85
564,6/6/2025 20:43,18.51,9.83
565,6/6/2025 21:43,18.4,9.73
566,6/6/2025 22:43,18.25,9.79
567,6/6/2025 23:43,18.09,9.78
568,6/7/2025 0:43,17.93,9.78
569,6/7/2025 1:43,17.74,9.77
570,6/7/2025 2:43,17.55,9.78
571,6/7/2025 3:43,17.38,9.77
572,6/7/2025 4:43,17.2,9.77
573,6/7/2025 5:43,17.06,9.77
574,6/7/2025 6:43,16.91,9.81
575,6/7/2025 7:43,16.83,9.85
576,6/7/2025 8:43,16.86,9.93
577,6/7/2025 9:43,16.99,9.99
578,6/7/2025 10:43,17.3,10.03
579,6/7/2025 11:43,17.63,10.07
580,6/7/2025 12:43,18.01,10.07
581,6/7/2025 13:43,18.36,10.08
582,6/7/2025 14:43,18.62,10.1
583,6/7/2025 15:43,18.68,10.06
584,6/7/2025 16:43,18.74,10.05
585,6/7/2025 17:43,18.72,10.03
586,6/7/2025 18:43,18.63,9.99
587,6/7/2025 19:43,18.47,9.96
588,6/7/2025 20:43,18.31,9.92
589,6/7/2025 21:43,18.18,9.89
590,6/7/2025 22:43,18.01,9.87
591,6/7/2025 23:43,17.85,9.87
592,6/8/2025 0:43,17.68,9.87
593,6/8/2025 1:43,17.53,9.87
594,6/8/2025 2:43,17.39,9.86
595,6/8/2025 3:43,17.28,9.84
596,6/8/2025 4:43,17.18,9.84
597,6/8/2025 5:43,17.09,9.83
598,6/8/2025 6:43,17.04,9.85
599,6/8/2025 7:43,17.02,9.88
600,6/8/2025 8:43,17.11,9.92
601,6/8/2025 9:43,17.31,9.98
602,6/8/2025 10:43,17.7,10.04
603,6/8/2025 11:43,18.12,10.05
604,6/8/2025 12:43,18.6,10.05
605,6/8/2025 13:43,19.01,10.07
606,6/8/2025 14:43,19.32,10.03
607,6/8/2025 15:43,19.4,10.01
608,6/8/2025 16:43,19.49,9.98
609,6/8/2025 17:43,19.48,9.95
610,6/8/2025 18:43,19.43,9.9
611,6/8/2025 19:43,19.34,9.86
612,6/8/2025 20:43,19.25,9.79
613,6/8/2025 21:43,19.17,9.73
614,6/8/2025 22:43,19.06,9.71
615,6/8/2025 23:43,18.94,9.7
616,6/9/2025 0:43,18.78,9.68
617,6/9/2025 1:43,18.6,9.68
618,6/9/2025 2:43,18.41,9.67
619,6/9/2025 3:43,18.24,9.66
620,6/9/2025 4:43,18.08,9.66
621,6/9/2025 5:43,17.93,9.67
622,6/9/2025 6:43,17.81,9.69
623,6/9/2025 7:43,17.74,9.73
624,6/9/2025 8:43,17.78,9.79
625,6/9/2025 9:43,17.91,9.85
626,6/9/2025 10:43,18.21,9.92
627,6/9/2025 11:43,18.52,9.95
628,6/9/2025 12:43,18.89,9.97
629,6/9/2025 13:43,19.21,9.97
630,6/9/2025 14:43,19.45,9.97
631,6/9/2025 15:43,19.46,9.93
632,6/9/2025 16:43,19.45,9.92
633,6/9/2025 17:43,19.37,9.91
634,6/9/2025 18:43,19.21,9.89
635,6/9/2025 19:43,18.98,9.88
636,6/9/2025 20:43,18.74,9.86
637,6/9/2025 21:43,18.53,9.83
638,6/9/2025 22:43,18.31,9.82
639,6/9/2025 23:43,18.09,9.82
640,6/10/2025 0:43,17.87,9.81
641,6/10/2025 1:43,17.64,9.83
642,6/10/2025 2:43,17.4,9.86
643,6/10/2025 3:43,17.17,9.89
644,6/10/2025 4:43,16.92,9.93
645,6/10/2025 5:43,16.68,9.98
646,6/10/2025 6:43,16.46,10.04
647,6/10/2025 7:43,16.29,10.11
648,6/10/2025 8:43,16.26,10.19
649,6/10/2025 9:43,16.35,10.26
650,6/10/2025 10:43,16.62,10.33
651,6/10/2025 11:43,16.9,10.35
652,6/10/2025 12:43,17.21,10.36
653,6/10/2025 13:43,17.49,10.37
654,6/10/2025 14:43,17.72,10.39
655,6/10/2025 15:43,17.81,10.37
656,6/10/2025 16:43,17.83,10.34
657,6/10/2025 17:43,17.79,10.31
658,6/10/2025 18:43,17.7,10.28
659,6/10/2025 19:43,17.54,10.25
660,6/10/2025 20:43,17.35,10.22
661,6/10/2025 21:43,17.16,10.2
662,6/10/2025 22:43,16.94,10.2
663,6/10/2025 23:43,16.73,10.22
664,6/11/2025 0:43,16.52,10.21
665,6/11/2025 1:43,16.35,10.21
666,6/11/2025 2:43,16.18,10.19
667,6/11/2025 3:43,16.04,10.21
668,6/11/2025 4:43,15.93,10.19
669,6/11/2025 5:43,15.84,10.21
670,6/11/2025 6:43,15.79,10.24
671,6/11/2025 7:43,15.8,10.32
672,6/11/2025 8:43,15.88,10.35
673,6/11/2025 9:43,16.1,10.37
674,6/11/2025 10:43,16.46,10.42
675,6/11/2025 11:43,16.8,10.42
676,6/11/2025 12:43,17.15,10.42
677,6/11/2025 13:43,17.57,10.41
678,6/11/2025 14:43,17.74,10.39
679,6/11/2025 15:43,17.86,10.38
680,6/11/2025 16:43,17.98,10.35
681,6/11/2025 17:43,18.02,10.34
682,6/11/2025 18:43,18.02,10.29
683,6/11/2025 19:43,17.96,10.24
684,6/11/2025 20:43,17.87,10.17
685,6/11/2025 21:43,17.75,10.08
686,6/11/2025 22:43,17.64,10.03
687,6/11/2025 23:43,17.52,10.02
688,6/12/2025 0:43,17.43,10.01
689,6/12/2025 1:43,17.39,9.97
690,6/12/2025 2:43,17.35,9.94
691,6/12/2025 3:43,17.3,9.9
692,6/12/2025 4:43,17.27,9.86
693,6/12/2025 5:43,17.24,9.83
694,6/12/2025 6:43,17.22,9.83
695,6/12/2025 7:43,17.23,9.86
696,6/12/2025 8:43,17.24,9.88
697,6/12/2025 9:43,17.3,9.91
698,6/12/2025 10:43,17.41,9.96
699,6/12/2025 11:43,17.58,10.01
700,6/12/2025 12:43,17.89,10.02
701,6/12/2025 13:43,18.4,10.01
702,6/12/2025 14:43,18.68,9.98
703,6/12/2025 15:43,18.5,9.86
704,6/12/2025 16:43,18.46,9.88
705,6/12/2025 17:43,18.65,9.91
706,6/12/2025 18:43,18.76,9.87
707,6/12/2025 19:43,18.72,9.81
708,6/12/2025 20:43,18.64,9.73
709,6/12/2025 21:43,18.6,9.66
710,6/12/2025 22:43,18.59,9.61
711,6/12/2025 23:43,18.57,9.58
712,6/13/2025 0:43,18.54,9.55
713,6/13/2025 1:43,18.52,9.52
714,6/13/2025 2:43,18.47,9.48
715,6/13/2025 3:43,18.4,9.45
716,6/13/2025 4:43,18.38,9.42
717,6/13/2025 5:43,18.36,9.39
718,6/13/2025 6:43,18.35,9.4
719,6/13/2025 7:43,18.36,9.45
720,6/13/2025 8:43,18.4,9.52
721,6/13/2025 9:43,18.53,9.61
722,6/13/2025 10:43,18.72,9.66
723,6/13/2025 11:43,18.83,9.66
724,6/13/2025 12:43,18.92,9.67
725,6/13/2025 13:43,18.97,9.65
726,6/13/2025 14:43,18.96,9.62
727,6/13/2025 15:43,18.99,9.62
728,6/13/2025 16:43,19.06,9.67
729,6/13/2025 17:43,19.19,9.71
730,6/13/2025 18:43,19.28,9.7
731,6/13/2025 19:43,19.25,9.65
732,6/13/2025 20:43,19.17,9.55
733,6/13/2025 21:43,19.07,9.47
734,6/13/2025 22:43,19.01,9.44
735,6/13/2025 23:43,18.93,9.42
736,6/14/2025 0:43,18.87,9.42
737,6/14/2025 1:43,18.8,9.4
738,6/14/2025 2:43,18.73,9.38
739,6/14/2025 3:43,18.65,9.37
740,6/14/2025 4:43,18.59,9.35
741,6/14/2025 5:43,18.53,9.34
742,6/14/2025 6:43,18.49,9.37
743,6/14/2025 7:43,18.48,9.44
744,6/14/2025 8:43,18.54,9.52
745,6/14/2025 9:43,18.59,9.54
746,6/14/2025 10:43,18.9,9.54
747,6/14/2025 11:43,19.25,9.59
748,6/14/2025 12:43,19.39,9.58
749,6/14/2025 13:43,19.4,9.59
750,6/14/2025 14:43,19.37,9.62
751,6/14/2025 15:43,19.44,9.65
752,6/14/2025 16:43,19.42,9.61
753,6/14/2025 17:43,19.41,9.56
754,6/14/2025 18:43,19.38,9.55
755,6/14/2025 19:43,19.35,9.56
756,6/14/2025 20:43,19.31,9.51
757,6/14/2025 21:43,19.21,9.45
758,6/14/2025 22:43,19.08,9.4
759,6/14/2025 23:43,18.98,9.39
760,6/15/2025 0:43,18.87,9.39
761,6/15/2025 1:43,18.78,9.38
762,6/15/2025 2:43,18.69,9.36
763,6/15/2025 3:43,18.61,9.35
764,6/15/2025 4:43,18.56,9.33
765,6/15/2025 5:43,18.49,9.32
766,6/15/2025 6:43,18.43,9.37
767,6/15/2025 7:43,18.39,9.41
768,6/15/2025 8:43,18.41,9.47
769,6/15/2025 9:43,18.54,9.52
770,6/15/2025 10:43,18.88,9.51
771,6/15/2025 11:43,19.23,9.56
772,6/15/2025 12:43,19.63,9.57
773,6/15/2025 13:43,19.72,9.55
774,6/15/2025 14:43,20.12,9.58
775,6/15/2025 15:43,20.23,9.57
776,6/15/2025 16:43,20.32,9.55
777,6/15/2025 17:43,20.29,9.53
778,6/15/2025 18:43,20.22,9.51
779,6/15/2025 19:43,20.11,9.46
780,6/15/2025 20:43,19.97,9.42
781,6/15/2025 21:43,19.83,9.38
782,6/15/2025 22:43,19.72,9.34
783,6/15/2025 23:43,19.6,9.34
784,6/16/2025 0:43,19.45,9.34
785,6/16/2025 1:43,19.3,9.32
786,6/16/2025 2:43,19.17,9.31
787,6/16/2025 3:43,19.02,9.29
788,6/16/2025 4:43,18.91,9.28
789,6/16/2025 5:43,18.8,9.28
790,6/16/2025 6:43,18.71,9.33
791,6/16/2025 7:43,18.67,9.4
792,6/16/2025 8:43,18.67,9.46
793,6/16/2025 9:43,18.68,9.51
794,6/16/2025 10:43,18.72,9.55
795,6/16/2025 11:43,18.97,9.61
796,6/16/2025 12:43,19.2,9.6
797,6/16/2025 13:43,19.6,9.59
798,6/16/2025 14:43,19.93,9.56
799,6/16/2025 15:43,19.91,9.55
800,6/16/2025 16:43,19.83,9.57
801,6/16/2025 17:43,19.8,9.55
802,6/16/2025 18:43,19.72,9.54
803,6/16/2025 19:43,19.55,9.5
804,6/16/2025 20:43,19.43,9.46
805,6/16/2025 21:43,19.34,9.42
806,6/16/2025 22:43,19.26,9.39
807,6/16/2025 23:43,19.19,9.37
808,6/17/2025 0:43,19.09,9.36
809,6/17/2025 1:43,18.98,9.35
810,6/17/2025 2:43,18.88,9.33
811,6/17/2025 3:43,18.78,9.31
812,6/17/2025 4:43,18.7,9.3
813,6/17/2025 5:43,18.62,9.3
814,6/17/2025 6:43,18.58,9.32
815,6/17/2025 7:43,18.56,9.35
816,6/17/2025 8:43,18.59,9.41
817,6/17/2025 9:43,18.66,9.47
818,6/17/2025 10:43,18.73,9.51
819,6/17/2025 11:43,18.8,9.54
820,6/17/2025 12:43,18.9,9.55
821,6/17/2025 13:43,18.93,9.55
822,6/17/2025 14:43,19.08,9.6
823,6/17/2025 15:43,19.29,9.61
824,6/17/2025 16:43,19.28,9.57
825,6/17/2025 17:43,19.18,9.55
826,6/17/2025 18:43,19.12,9.52
827,6/17/2025 19:43,19.1,9.51
828,6/17/2025 20:43,19.08,9.46
829,6/17/2025 21:43,19.03,9.41
830,6/17/2025 22:43,19,9.37
831,6/17/2025 23:43,18.97,9.35
832,6/18/2025 0:43,18.94,9.33
833,6/18/2025 1:43,18.9,9.31
834,6/18/2025 2:43,18.85,9.31
835,6/18/2025 3:43,18.79,9.28
836,6/18/2025 4:43,18.73,9.27
837,6/18/2025 5:43,18.69,9.26
838,6/18/2025 6:43,18.67,9.29
839,6/18/2025 7:43,18.68,9.34
840,6/18/2025 8:43,18.74,9.41
841,6/18/2025 9:43,18.75,9.42
842,6/18/2025 10:43,18.89,9.47
843,6/18/2025 11:43,19.19,9.49
844,6/18/2025 12:43,19.3,9.5
845,6/18/2025 13:43,19.2,9.5
846,6/18/2025 14:43,19.1,9.51
847,6/18/2025 15:43,19.15,9.53
848,6/18/2025 16:43,19.17,9.55
849,6/18/2025 17:43,19.12,9.55
850,6/18/2025 18:43,19.07,9.55
851,6/18/2025 19:43,18.99,9.51
852,6/18/2025 20:43,18.92,9.49
853,6/18/2025 21:43,18.86,9.42
854,6/18/2025 22:43,18.81,9.39
855,6/18/2025 23:43,18.75,9.37
856,6/19/2025 0:43,18.68,9.37
857,6/19/2025 1:43,18.58,9.36
858,6/19/2025 2:43,18.5,9.35
859,6/19/2025 3:43,18.43,9.32
860,6/19/2025 4:43,18.36,9.32
861,6/19/2025 5:43,18.3,9.31
862,6/19/2025 6:43,18.27,9.34
863,6/19/2025 7:43,18.3,9.4
864,6/19/2025 8:43,18.36,9.46
865,6/19/2025 9:43,18.4,9.48
866,6/19/2025 10:43,18.76,9.47
867,6/19/2025 11:43,19.07,9.46
868,6/19/2025 12:43,19.39,9.5
869,6/19/2025 13:43,19.42,9.52
870,6/19/2025 14:43,19.67,9.55
871,6/19/2025 15:43,19.83,9.56
872,6/19/2025 16:43,19.82,9.56
873,6/19/2025 17:43,19.77,9.52
874,6/19/2025 18:43,19.53,9.48
875,6/19/2025 19:43,19.37,9.46
876,6/19/2025 20:43,19.27,9.44
877,6/19/2025 21:43,19.17,9.4
878,6/19/2025 22:43,19.07,9.36
879,6/19/2025 23:43,18.97,9.34
880,6/20/2025 0:43,18.89,9.32
881,6/20/2025 1:43,18.79,9.31
882,6/20/2025 2:43,18.7,9.28
883,6/20/2025 3:43,18.62,9.27
884,6/20/2025 4:43,18.55,9.25
885,6/20/2025 5:43,18.5,9.25
886,6/20/2025 6:43,18.45,9.27
887,6/20/2025 7:43,18.43,9.35
888,6/20/2025 8:43,18.48,9.4
889,6/20/2025 9:43,18.53,9.44
890,6/20/2025 10:43,18.68,9.48
891,6/20/2025 11:43,19.12,9.45
892,6/20/2025 12:43,19.25,9.49
893,6/20/2025 13:43,19.37,9.48
894,6/20/2025 14:43,19.25,9.49
895,6/20/2025 15:43,19.45,9.53
896,6/20/2025 16:43,19.47,9.49
897,6/20/2025 17:43,19.32,9.49
898,6/20/2025 18:43,19.26,9.47
899,6/20/2025 19:43,19.22,9.46
900,6/20/2025 20:43,19.14,9.42
901,6/20/2025 21:43,19.07,9.37
902,6/20/2025 22:43,18.98,9.34
903,6/20/2025 23:43,18.94,9.32
904,6/21/2025 0:43,18.84,9.31
905,6/21/2025 1:43,18.76,9.3
906,6/21/2025 2:43,18.68,9.28
907,6/21/2025 3:43,18.63,9.26
908,6/21/2025 4:43,18.58,9.25
909,6/21/2025 5:43,18.52,9.23
910,6/21/2025 6:43,18.46,9.24
911,6/21/2025 7:43,18.45,9.26
912,6/21/2025 8:43,18.44,9.3
913,6/21/2025 9:43,18.44,9.33
914,6/21/2025 10:43,18.52,9.38
915,6/21/2025 11:43,18.54,9.4
916,6/21/2025 12:43,18.56,9.41
917,6/21/2025 13:43,18.6,9.42
918,6/21/2025 14:43,18.62,9.46
919,6/21/2025 15:43,18.67,9.49
920,6/21/2025 16:43,18.74,9.52
921,6/21/2025 17:43,18.81,9.54
922,6/21/2025 18:43,18.85,9.53
923,6/21/2025 19:43,18.8,9.51
924,6/21/2025 20:43,18.72,9.47
925,6/21/2025 21:43,18.67,9.42
926,6/21/2025 22:43,18.65,9.38
927,6/21/2025 23:43,18.61,9.36
928,6/22/2025 0:43,18.58,9.35
929,6/22/2025 1:43,18.54,9.34
930,6/22/2025 2:43,18.51,9.32
931,6/22/2025 3:43,18.48,9.3
932,6/22/2025 4:43,18.45,9.29
933,6/22/2025 5:43,18.42,9.28
934,6/22/2025 6:43,18.4,9.29
935,6/22/2025 7:43,18.4,9.36
936,6/22/2025 8:43,18.43,9.4
937,6/22/2025 9:43,18.45,9.41
938,6/22/2025 10:43,18.44,9.43
939,6/22/2025 11:43,18.47,9.45
940,6/22/2025 12:43,18.48,9.47
941,6/22/2025 13:43,18.48,9.49
942,6/22/2025 14:43,18.52,9.51
943,6/22/2025 15:43,18.54,9.53
944,6/22/2025 16:43,18.55,9.54
945,6/22/2025 17:43,18.54,9.52
946,6/22/2025 18:43,18.52,9.52
947,6/22/2025 19:43,18.51,9.49
948,6/22/2025 20:43,18.47,9.47
949,6/22/2025 21:43,18.41,9.43
950,6/22/2025 22:43,18.36,9.41
951,6/22/2025 23:43,18.31,9.39
952,6/23/2025 0:43,18.27,9.39
953,6/23/2025 1:43,18.25,9.37
954,6/23/2025 2:43,18.21,9.36
955,6/23/2025 3:43,18.19,9.34
956,6/23/2025 4:43,18.15,9.34
957,6/23/2025 5:43,18.11,9.33
958,6/23/2025 6:43,18.1,9.34
959,6/23/2025 7:43,18.12,9.41
960,6/23/2025 8:43,18.19,9.49
961,6/23/2025 9:43,18.29,9.52
962,6/23/2025 10:43,18.58,9.53
963,6/23/2025 11:43,18.89,9.53
964,6/23/2025 12:43,19.23,9.53
965,6/23/2025 13:43,19.32,9.56
966,6/23/2025 14:43,19.62,9.57
967,6/23/2025 15:43,19.77,9.55
968,6/23/2025 16:43,19.85,9.55
969,6/23/2025 17:43,19.81,9.55
970,6/23/2025 18:43,19.7,9.54
971,6/23/2025 19:43,19.6,9.53
972,6/23/2025 20:43,19.49,9.49
973,6/23/2025 21:43,19.36,9.44
974,6/23/2025 22:43,19.25,9.42
975,6/23/2025 23:43,19.14,9.4
976,6/24/2025 0:43,19,9.39
977,6/24/2025 1:43,18.85,9.38
978,6/24/2025 2:43,18.71,9.36
979,6/24/2025 3:43,18.6,9.35
980,6/24/2025 4:43,18.48,9.34
981,6/24/2025 5:43,18.37,9.34
982,6/24/2025 6:43,18.31,9.36
983,6/24/2025 7:43,18.27,9.4
984,6/24/2025 8:43,18.31,9.43
985,6/24/2025 9:43,18.45,9.48
986,6/24/2025 10:43,18.69,9.52
987,6/24/2025 11:43,18.88,9.55
988,6/24/2025 12:43,19.07,9.56
989,6/24/2025 13:43,19.16,9.57
990,6/24/2025 14:43,19.15,9.58
991,6/24/2025 15:43,19.16,9.62
992,6/24/2025 16:43,19.23,9.63
993,6/24/2025 17:43,19.23,9.63
994,6/24/2025 18:43,19.14,9.61
995,6/24/2025 19:43,19.02,9.56
996,6/24/2025 20:43,18.94,9.51
997,6/24/2025 21:43,18.9,9.48
998,6/24/2025 22:43,18.89,9.44
999,6/24/2025 23:43,18.88,9.42
1000,6/25/2025 0:43,18.85,9.39
1001,6/25/2025 1:43,18.82,9.36
1002,6/25/2025 2:43,18.78,9.34
1003,6/25/2025 3:43,18.75,9.31
1004,6/25/2025 4:43,18.7,9.29
1005,6/25/2025 5:43,18.67,9.28
1006,6/25/2025 6:43,18.65,9.3
1007,6/25/2025 7:43,18.64,9.32
1008,6/25/2025 8:43,18.64,9.34
1009,6/25/2025 9:43,18.66,9.38
1010,6/25/2025 10:43,18.71,9.44
1011,6/25/2025 11:43,18.75,9.47
1012,6/25/2025 12:43,18.84,9.51
1013,6/25/2025 13:43,18.98,9.53
1014,6/25/2025 14:43,19.04,9.56
1015,6/25/2025 15:43,19.06,9.58
1016,6/25/2025 16:43,19.09,9.58
1017,6/25/2025 17:43,19.05,9.55
1018,6/25/2025 18:43,18.99,9.54
1019,6/25/2025 19:43,18.93,9.51
1020,6/25/2025 20:43,18.89,9.48
1021,6/25/2025 21:43,18.82,9.46
1022,6/25/2025 22:43,18.73,9.42
1023,6/25/2025 23:43,18.67,9.4
1024,6/26/2025 0:43,18.63,9.38
1025,6/26/2025 1:43,18.59,9.36
1026,6/26/2025 2:43,18.52,9.35
1027,6/26/2025 3:43,18.45,9.33
1028,6/26/2025 4:43,18.4,9.32
1029,6/26/2025 5:43,18.35,9.31
1030,6/26/2025 6:43,18.34,9.33
1031,6/26/2025 7:43,18.34,9.38
1032,6/26/2025 8:43,18.41,9.43
1033,6/26/2025 9:43,18.48,9.48
1034,6/26/2025 10:43,18.54,9.51
1035,6/26/2025 11:43,18.67,9.53
1036,6/26/2025 12:43,18.78,9.54
1037,6/26/2025 13:43,18.82,9.55
1038,6/26/2025 14:43,18.81,9.56
1039,6/26/2025 15:43,18.76,9.53
1040,6/26/2025 16:43,18.73,9.54
1041,6/26/2025 17:43,18.72,9.53
1042,6/26/2025 18:43,18.72,9.54
1043,6/26/2025 19:43,18.7,9.53
1044,6/26/2025 20:43,18.64,9.48
1045,6/26/2025 21:43,18.58,9.44
1046,6/26/2025 22:43,18.52,9.4
1047,6/26/2025 23:43,18.48,9.39
1048,6/27/2025 0:43,18.43,9.38
1049,6/27/2025 1:43,18.39,9.37
1050,6/27/2025 2:43,18.36,9.36
1051,6/27/2025 3:43,18.29,9.35
1052,6/27/2025 4:43,18.25,9.34
1053,6/27/2025 5:43,18.22,9.33
1054,6/27/2025 6:43,18.21,9.36
1055,6/27/2025 7:43,18.22,9.42
1056,6/27/2025 8:43,18.28,9.48
1057,6/27/2025 9:43,18.33,9.51
1058,6/27/2025 10:43,18.32,9.48
1059,6/27/2025 11:43,18.28,9.49
1060,6/27/2025 12:43,18.3,9.52
1061,6/27/2025 13:43,18.4,9.57
1062,6/27/2025 14:43,18.48,9.6
1063,6/27/2025 15:43,18.55,9.62
1064,6/27/2025 16:43,18.54,9.62
1065,6/27/2025 17:43,18.54,9.63
1066,6/27/2025 18:43,18.52,9.62
1067,6/27/2025 19:43,18.46,9.57
1068,6/27/2025 20:43,18.42,9.54
1069,6/27/2025 21:43,18.38,9.5
1070,6/27/2025 22:43,18.34,9.48
1071,6/27/2025 23:43,18.31,9.47
1072,6/28/2025 0:43,18.29,9.45
1073,6/28/2025 1:43,18.26,9.44
1074,6/28/2025 2:43,18.23,9.42
1075,6/28/2025 3:43,18.19,9.41
1076,6/28/2025 4:43,18.16,9.4
1077,6/28/2025 5:43,18.13,9.39
1078,6/28/2025 6:43,18.13,9.41
1079,6/28/2025 7:43,18.15,9.46
1080,6/28/2025 8:43,18.16,9.49
1081,6/28/2025 9:43,18.3,9.56
1082,6/28/2025 10:43,18.57,9.55
1083,6/28/2025 11:43,18.81,9.55
1084,6/28/2025 12:43,19.25,9.57
1085,6/28/2025 13:43,19.61,9.57
1086,6/28/2025 14:43,19.76,9.57
1087,6/28/2025 15:43,19.88,9.56
1088,6/28/2025 16:43,19.89,9.57
1089,6/28/2025 17:43,19.9,9.57
1090,6/28/2025 18:43,19.84,9.56
1091,6/28/2025 19:43,19.77,9.55
1092,6/28/2025 20:43,19.69,9.5
1093,6/28/2025 21:43,19.58,9.47
1094,6/28/2025 22:43,19.48,9.43
1095,6/28/2025 23:43,19.37,9.42
1096,6/29/2025 0:43,19.25,9.42
1097,6/29/2025 1:43,19.1,9.4
1098,6/29/2025 2:43,18.95,9.4
1099,6/29/2025 3:43,18.81,9.39
1100,6/29/2025 4:43,18.68,9.38
1101,6/29/2025 5:43,18.56,9.38
1102,6/29/2025 6:43,18.47,9.39
1103,6/29/2025 7:43,18.43,9.43
1104,6/29/2025 8:43,18.47,9.46
1105,6/29/2025 9:43,18.61,9.48
1106,6/29/2025 10:43,18.95,9.5
1107,6/29/2025 11:43,19.28,9.52
1108,6/29/2025 12:43,19.64,9.53
1109,6/29/2025 13:43,20.01,9.54
1110,6/29/2025 14:43,20.27,9.54
1111,6/29/2025 15:43,20.29,9.46
1112,6/29/2025 16:43,20.35,9.47
1113,6/29/2025 17:43,20.35,9.5
1114,6/29/2025 18:43,20.25,9.48
1115,6/29/2025 19:43,20.13,9.45
1116,6/29/2025 20:43,20,9.43
1117,6/29/2025 21:43,19.89,9.4
1118,6/29/2025 22:43,19.75,9.38
1119,6/29/2025 23:43,19.61,9.37
1120,6/30/2025 0:43,19.44,9.38
1121,6/30/2025 1:43,19.26,9.38
1122,6/30/2025 2:43,19.11,9.37
1123,6/30/2025 3:43,18.95,9.36
1124,6/30/2025 4:43,18.8,9.36
1125,6/30/2025 5:43,18.65,9.36
1126,6/30/2025 6:43,18.54,9.39
1127,6/30/2025 7:43,18.47,9.41
1128,6/30/2025 8:43,18.49,9.47
1129,6/30/2025 9:43,18.64,9.52
1130,6/30/2025 10:43,19.01,9.58
1131,6/30/2025 11:43,19.33,9.56
1132,6/30/2025 12:43,19.68,9.58
1133,6/30/2025 13:43,20.02,9.6
1134,6/30/2025 14:43,20.32,9.59
1135,6/30/2025 15:43,20.35,9.58
1136,6/30/2025 16:43,20.41,9.56
1137,6/30/2025 17:43,20.41,9.55
1138,6/30/2025 18:43,20.38,9.52
1139,6/30/2025 19:43,20.29,9.49
1140,6/30/2025 20:43,20.21,9.45
1141,6/30/2025 21:43,20.13,9.4
1142,6/30/2025 22:43,20.05,9.38
1143,6/30/2025 23:43,19.95,9.36
1144,7/1/2025 0:43,19.84,9.34
1145,7/1/2025 1:43,19.72,9.33
1146,7/1/2025 2:43,19.61,9.32
1147,7/1/2025 3:43,19.51,9.29
1148,7/1/2025 4:43,19.42,9.27
1149,7/1/2025 5:43,19.35,9.27
1150,7/1/2025 6:43,19.29,9.26
1151,7/1/2025 7:43,19.26,9.29
1152,7/1/2025 8:43,19.33,9.3
1153,7/1/2025 9:43,19.51,9.36
1154,7/1/2025 10:43,19.9,9.42
1155,7/1/2025 11:43,20.29,9.44
1156,7/1/2025 12:43,20.72,9.44
1157,7/1/2025 13:43,21.13,9.42
1158,7/1/2025 14:43,21.45,9.41
1159,7/1/2025 15:43,21.52,9.39
1160,7/1/2025 16:43,21.65,9.38
1161,7/1/2025 17:43,21.63,9.35
1162,7/1/2025 18:43,21.53,9.31
1163,7/1/2025 19:43,21.37,9.29
1164,7/1/2025 20:43,21.25,9.25
1165,7/1/2025 21:43,21.19,9.18
1166,7/1/2025 22:43,21.14,9.14
1167,7/1/2025 23:43,21.1,9.12
1168,7/2/2025 0:43,21.02,9.09
1169,7/2/2025 1:43,20.92,9.05
1170,7/2/2025 2:43,20.81,9.03
1171,7/2/2025 3:43,20.7,9.01
1172,7/2/2025 4:43,20.59,9
1173,7/2/2025 5:43,20.48,8.99
1174,7/2/2025 6:43,20.39,9.02
1175,7/2/2025 7:43,20.35,9.08
1176,7/2/2025 8:43,20.42,9.18
1177,7/2/2025 9:43,20.51,9.23
1178,7/2/2025 10:43,20.71,9.29
1179,7/2/2025 11:43,20.85,9.29
1180,7/2/2025 12:43,21.18,9.28
1181,7/2/2025 13:43,21.52,9.27
1182,7/2/2025 14:43,21.83,9.26
1183,7/2/2025 15:43,21.83,9.24
1184,7/2/2025 16:43,21.85,9.22
1185,7/2/2025 17:43,21.78,9.21
1186,7/2/2025 18:43,21.59,9.2
1187,7/2/2025 19:43,21.39,9.18
1188,7/2/2025 20:43,21.24,9.13
1189,7/2/2025 21:43,21.12,9.09
1190,7/2/2025 22:43,21.03,9.05
1191,7/2/2025 23:43,20.93,9.05
1192,7/3/2025 0:43,20.81,9.03
1193,7/3/2025 1:43,20.69,9.03
1194,7/3/2025 2:43,20.59,9
1195,7/3/2025 3:43,20.49,8.99
1196,7/3/2025 4:43,20.4,8.98
1197,7/3/2025 5:43,20.31,8.97
1198,7/3/2025 6:43,20.25,9
1199,7/3/2025 7:43,20.17,9.03
1200,7/3/2025 8:43,20.17,9.1
1201,7/3/2025 9:43,20.25,9.16
1202,7/3/2025 10:43,20.52,9.23
1203,7/3/2025 11:43,20.75,9.24
1204,7/3/2025 12:43,21.04,9.28
1205,7/3/2025 13:43,21.41,9.27
1206,7/3/2025 14:43,21.72,9.23
1207,7/3/2025 15:43,21.73,9.23
1208,7/3/2025 16:43,21.81,9.24
1209,7/3/2025 17:43,21.72,9.2
1210,7/3/2025 18:43,21.58,9.18
1211,7/3/2025 19:43,21.45,9.14
1212,7/3/2025 20:43,21.35,9.11
1213,7/3/2025 21:43,21.26,9.07
1214,7/3/2025 22:43,21.17,9.04
1215,7/3/2025 23:43,21.08,9.03
1216,7/4/2025 0:43,20.99,9
1217,7/4/2025 1:43,20.86,8.99
1218,7/4/2025 2:43,20.72,8.98
1219,7/4/2025 3:43,20.62,8.97
1220,7/4/2025 4:43,20.51,8.95
1221,7/4/2025 5:43,20.4,8.95
1222,7/4/2025 6:43,20.33,8.96
1223,7/4/2025 7:43,20.28,8.98
1224,7/4/2025 8:43,20.32,9.03
1225,7/4/2025 9:43,20.47,9.07
1226,7/4/2025 10:43,20.79,9.12
1227,7/4/2025 11:43,21.1,9.16
1228,7/4/2025 12:43,21.48,9.17
1229,7/4/2025 13:43,21.84,9.17
1230,7/4/2025 14:43,22.04,9.18
1231,7/4/2025 15:43,22.08,9.18
1232,7/4/2025 16:43,22.09,9.18
1233,7/4/2025 17:43,22.06,9.19
1234,7/4/2025 18:43,21.95,9.16
1235,7/4/2025 19:43,21.79,9.15
1236,7/4/2025 20:43,21.63,9.11
1237,7/4/2025 21:43,21.51,9.06
1238,7/4/2025 22:43,21.4,9.02
1239,7/4/2025 23:43,21.29,9
1240,7/5/2025 0:43,21.18,9
1241,7/5/2025 1:43,21.02,8.99
1242,7/5/2025 2:43,20.88,8.98
1243,7/5/2025 3:43,20.76,8.96
1244,7/5/2025 4:43,20.64,8.95
1245,7/5/2025 5:43,20.54,8.95
1246,7/5/2025 6:43,20.47,8.99
1247,7/5/2025 7:43,20.43,9.04
1248,7/5/2025 8:43,20.43,9.08
1249,7/5/2025 9:43,20.48,9.13
1250,7/5/2025 10:43,20.7,9.2
1251,7/5/2025 11:43,20.9,9.22
1252,7/5/2025 12:43,21.07,9.23
1253,7/5/2025 13:43,21.2,9.25
1254,7/5/2025 14:43,21.28,9.25
1255,7/5/2025 15:43,21.28,9.24
1256,7/5/2025 16:43,21.25,9.28
1257,7/5/2025 17:43,21.33,9.24
1258,7/5/2025 18:43,21.33,9.21
1259,7/5/2025 19:43,21.25,9.18
1260,7/5/2025 20:43,21.12,9.14
1261,7/5/2025 21:43,21.04,9.1
1262,7/5/2025 22:43,20.96,9.07
1263,7/5/2025 23:43,20.89,9.06
1264,7/6/2025 0:43,20.81,9.05
1265,7/6/2025 1:43,20.73,9.03
1266,7/6/2025 2:43,20.63,9.02
1267,7/6/2025 3:43,20.53,9.01
1268,7/6/2025 4:43,20.45,8.99
1269,7/6/2025 5:43,20.37,8.99
1270,7/6/2025 6:43,20.31,8.99
1271,7/6/2025 7:43,20.29,9.03
1272,7/6/2025 8:43,20.4,9.13
1273,7/6/2025 9:43,20.55,9.18
1274,7/6/2025 10:43,20.74,9.23
1275,7/6/2025 11:43,21.06,9.19
1276,7/6/2025 12:43,21.47,9.18
1277,7/6/2025 13:43,21.79,9.19
1278,7/6/2025 14:43,22.08,9.19
1279,7/6/2025 15:43,22.04,9.19
1280,7/6/2025 16:43,21.94,9.19
1281,7/6/2025 17:43,21.87,9.19
1282,7/6/2025 18:43,21.81,9.16
1283,7/6/2025 19:43,21.74,9.12
1284,7/6/2025 20:43,21.68,9.07
1285,7/6/2025 21:43,21.62,9.01
1286,7/6/2025 22:43,21.53,8.98
1287,7/6/2025 23:43,21.41,8.96
1288,7/7/2025 0:43,21.3,8.95
1289,7/7/2025 1:43,21.17,8.94
1290,7/7/2025 2:43,21.04,8.92
1291,7/7/2025 3:43,20.91,8.91
1292,7/7/2025 4:43,20.79,8.9
1293,7/7/2025 5:43,20.67,8.91
1294,7/7/2025 6:43,20.58,8.93
1295,7/7/2025 7:43,20.51,8.95
1296,7/7/2025 8:43,20.52,9
1297,7/7/2025 9:43,20.67,9.03
1298,7/7/2025 10:43,21,9.11
1299,7/7/2025 11:43,21.33,9.13
1300,7/7/2025 12:43,21.64,9.16
1301,7/7/2025 13:43,21.87,9.19
1302,7/7/2025 14:43,22.07,9.18
1303,7/7/2025 15:43,22.2,9.17
1304,7/7/2025 16:43,22.26,9.16
1305,7/7/2025 17:43,22.2,9.15
1306,7/7/2025 18:43,22.08,9.12
1307,7/7/2025 19:43,21.99,9.12
1308,7/7/2025 20:43,21.99,9.06
1309,7/7/2025 21:43,21.92,9
1310,7/7/2025 22:43,21.86,8.96
1311,7/7/2025 23:43,21.77,8.93
1312,7/8/2025 0:43,21.72,8.91
1313,7/8/2025 1:43,21.66,8.88
1314,7/8/2025 2:43,21.62,8.86
1315,7/8/2025 3:43,21.56,8.84
1316,7/8/2025 4:43,21.47,8.82
1317,7/8/2025 5:43,21.37,8.81
1318,7/8/2025 6:43,21.3,8.84
1319,7/8/2025 7:43,21.31,8.91
1320,7/8/2025 8:43,21.37,9.01
1321,7/8/2025 9:43,21.48,9.07
1322,7/8/2025 10:43,21.62,9.12
1323,7/8/2025 11:43,21.83,9.18
1324,7/8/2025 12:43,21.99,9.15
1325,7/8/2025 13:43,22.12,9.15
1326,7/8/2025 14:43,22.12,9.17
1327,7/8/2025 15:43,22.03,9.12
1328,7/8/2025 16:43,22.03,9.14
1329,7/8/2025 17:43,21.96,9.12
1330,7/8/2025 18:43,21.89,9.09
1331,7/8/2025 19:43,21.83,9.05
1332,7/8/2025 20:43,21.76,8.98
1333,7/8/2025 21:43,21.68,8.94
1334,7/8/2025 22:43,21.61,8.9
1335,7/8/2025 23:43,21.53,8.89
1336,7/9/2025 0:43,21.47,8.88
1337,7/9/2025 1:43,21.41,8.86
1338,7/9/2025 2:43,21.33,8.84
1339,7/9/2025 3:43,21.27,8.83
1340,7/9/2025 4:43,21.21,8.81
1341,7/9/2025 5:43,21.16,8.81
1342,7/9/2025 6:43,21.11,8.83
1343,7/9/2025 7:43,21.1,8.9
1344,7/9/2025 8:43,21.1,8.94
1345,7/9/2025 9:43,21.11,9.01
1346,7/9/2025 10:43,21.13,9.04
1347,7/9/2025 11:43,21.17,9.11
1348,7/9/2025 12:43,21.26,9.16
1349,7/9/2025 13:43,21.29,9.14
1350,7/9/2025 14:43,21.33,9.18
1351,7/9/2025 15:43,21.31,9.17
1352,7/9/2025 16:43,21.32,9.16
1353,7/9/2025 17:43,21.32,9.17
1354,7/9/2025 18:43,21.3,9.14
1355,7/9/2025 19:43,21.24,9.1
1356,7/9/2025 20:43,21.13,9.05
1357,7/9/2025 21:43,21.02,9
1358,7/9/2025 22:43,20.96,8.97
1359,7/9/2025 23:43,20.9,8.95
1360,7/10/2025 0:43,20.83,8.94
1361,7/10/2025 1:43,20.72,8.94
1362,7/10/2025 2:43,20.63,8.93
1363,7/10/2025 3:43,20.56,8.92
1364,7/10/2025 4:43,20.51,8.9
1365,7/10/2025 5:43,20.44,8.9
1366,7/10/2025 6:43,20.39,8.94
1367,7/10/2025 7:43,20.38,9.01
1368,7/10/2025 8:43,20.4,9.1
1369,7/10/2025 9:43,20.54,9.2
1370,7/10/2025 10:43,20.81,9.21
1371,7/10/2025 11:43,20.97,9.25
1372,7/10/2025 12:43,21.29,9.22
1373,7/10/2025 13:43,21.37,9.26
1374,7/10/2025 14:43,21.35,9.25
1375,7/10/2025 15:43,21.34,9.24
1376,7/10/2025 16:43,21.36,9.25
1377,7/10/2025 17:43,21.39,9.25
1378,7/10/2025 18:43,21.36,9.19
1379,7/10/2025 19:43,21.33,9.15
1380,7/10/2025 20:43,21.25,9.1
1381,7/10/2025 21:43,21.13,9.05
1382,7/10/2025 22:43,21.03,9.03
1383,7/10/2025 23:43,20.95,9.01
1384,7/11/2025 0:43,20.87,9
1385,7/11/2025 1:43,20.78,8.99
1386,7/11/2025 2:43,20.66,8.99
1387,7/11/2025 3:43,20.56,8.97
1388,7/11/2025 4:43,20.47,8.96
1389,7/11/2025 5:43,20.37,8.96
1390,7/11/2025 6:43,20.3,8.97
1391,7/11/2025 7:43,20.26,8.99
1392,7/11/2025 8:43,20.3,9.02
1393,7/11/2025 9:43,20.46,9.06
1394,7/11/2025 10:43,20.85,9.22
1395,7/11/2025 11:43,21.19,9.24
1396,7/11/2025 12:43,21.55,9.19
1397,7/11/2025 13:43,21.91,9.21
1398,7/11/2025 14:43,22.13,9.17
1399,7/11/2025 15:43,22.17,9.17
1400,7/11/2025 16:43,22.15,9.21
1401,7/11/2025 17:43,21.96,9.23
1402,7/11/2025 18:43,21.88,9.23
1403,7/11/2025 19:43,21.75,9.16
1404,7/11/2025 20:43,21.63,9.1
1405,7/11/2025 21:43,21.53,9.06
1406,7/11/2025 22:43,21.47,9.02
1407,7/11/2025 23:43,21.42,8.99
1408,7/12/2025 0:43,21.34,8.99
1409,7/12/2025 1:43,21.25,8.97
1410,7/12/2025 2:43,21.18,8.95
1411,7/12/2025 3:43,21.09,8.94
1412,7/12/2025 4:43,21,8.93
1413,7/12/2025 5:43,20.91,8.93
1414,7/12/2025 6:43,20.84,8.94
1415,7/12/2025 7:43,20.79,8.97
1416,7/12/2025 8:43,20.82,9.01
1417,7/12/2025 9:43,20.95,9.06
1418,7/12/2025 10:43,21.33,9.17
1419,7/12/2025 11:43,21.73,9.16
1420,7/12/2025 12:43,22.16,9.15
1421,7/12/2025 13:43,22.54,9.16
1422,7/12/2025 14:43,22.81,9.11
1423,7/12/2025 15:43,22.9,9.1
1424,7/12/2025 16:43,22.98,9.08
1425,7/12/2025 17:43,22.92,9.06
1426,7/12/2025 18:43,22.8,9.02
1427,7/12/2025 19:43,22.68,8.99
1428,7/12/2025 20:43,22.6,8.96
1429,7/12/2025 21:43,22.57,8.9
1430,7/12/2025 22:43,22.52,8.87
1431,7/12/2025 23:43,22.44,8.85
1432,7/13/2025 0:43,22.33,8.85
1433,7/13/2025 1:43,22.19,8.84
1434,7/13/2025 2:43,22.05,8.83
1435,7/13/2025 3:43,21.9,8.83
1436,7/13/2025 4:43,21.75,8.82
1437,7/13/2025 5:43,21.6,8.82
1438,7/13/2025 6:43,21.48,8.84
1439,7/13/2025 7:43,21.39,8.88
1440,7/13/2025 8:43,21.39,8.93
1441,7/13/2025 9:43,21.53,9.01
1442,7/13/2025 10:43,21.92,9.14
1443,7/13/2025 11:43,22.24,9.14
1444,7/13/2025 12:43,22.68,9.15
1445,7/13/2025 13:43,23.06,9.14
1446,7/13/2025 14:43,23.3,9.07
1447,7/13/2025 15:43,23.36,9.05
1448,7/13/2025 16:43,23.45,9.03
1449,7/13/2025 17:43,23.4,9.03
1450,7/13/2025 18:43,23.23,8.99
1451,7/13/2025 19:43,23.02,8.95
1452,7/13/2025 20:43,22.97,8.89
1453,7/13/2025 21:43,22.94,8.82
1454,7/13/2025 22:43,22.89,8.78
1455,7/13/2025 23:43,22.8,8.77
1456,7/14/2025 0:43,22.69,8.76
1457,7/14/2025 1:43,22.6,8.76
1458,7/14/2025 2:43,22.48,8.75
1459,7/14/2025 3:43,22.39,8.73
1460,7/14/2025 4:43,22.28,8.69
1461,7/14/2025 5:43,22.18,8.67
1462,7/14/2025 6:43,22.08,8.69
1463,7/14/2025 7:43,22,8.73
1464,7/14/2025 8:43,22.01,8.78
1465,7/14/2025 9:43,22.14,8.93
1466,7/14/2025 10:43,22.38,9.1
1467,7/14/2025 11:43,22.67,9.06
1468,7/14/2025 12:43,23.14,9.1
1469,7/14/2025 13:43,23.51,9.05
1470,7/14/2025 14:43,23.76,8.98
1471,7/14/2025 15:43,23.8,8.96
1472,7/14/2025 16:43,23.81,8.93
1473,7/14/2025 17:43,23.77,8.9
1474,7/14/2025 18:43,23.65,8.86
1475,7/14/2025 19:43,23.51,8.82
1476,7/14/2025 20:43,23.34,8.77
1477,7/14/2025 21:43,23.19,8.72
1478,7/14/2025 22:43,23.04,8.7
1479,7/14/2025 23:43,22.89,8.7
1480,7/15/2025 0:43,22.73,8.7
1481,7/15/2025 1:43,22.56,8.7
1482,7/15/2025 2:43,22.37,8.7
1483,7/15/2025 3:43,22.15,8.7
1484,7/15/2025 4:43,21.97,8.69
1485,7/15/2025 5:43,21.79,8.71
1486,7/15/2025 6:43,21.63,8.74
1487,7/15/2025 7:43,21.48,8.79
1488,7/15/2025 8:43,21.44,8.86
1489,7/15/2025 9:43,21.53,8.92
1490,7/15/2025 10:43,21.91,9.15
1491,7/15/2025 11:43,22.23,9.12
1492,7/15/2025 12:43,22.61,9.15
1493,7/15/2025 13:43,22.89,9.13
1494,7/15/2025 14:43,22.84,9.11
1495,7/15/2025 15:43,23.02,9.05
1496,7/15/2025 16:43,23.02,9.04
1497,7/15/2025 17:43,22.96,9.04
1498,7/15/2025 18:43,22.84,9.02
1499,7/15/2025 19:43,22.69,8.99
1500,7/15/2025 20:43,22.54,8.94
1501,7/15/2025 21:43,22.41,8.89
1502,7/15/2025 22:43,22.28,8.86
1503,7/15/2025 23:43,22.15,8.84
1504,7/16/2025 0:43,22.04,8.84
1505,7/16/2025 1:43,21.92,8.83
1506,7/16/2025 2:43,21.77,8.82
1507,7/16/2025 3:43,21.63,8.82
1508,7/16/2025 4:43,21.48,8.81
1509,7/16/2025 5:43,21.36,8.79
1510,7/16/2025 6:43,21.25,8.84
1511,7/16/2025 7:43,21.18,8.88
1512,7/16/2025 8:43,21.19,8.94
1513,7/16/2025 9:43,21.34,9
1514,7/16/2025 10:43,21.73,9.24
1515,7/16/2025 11:43,22.09,9.24
1516,7/16/2025 12:43,22.48,9.21
1517,7/16/2025 13:43,22.83,9.19
1518,7/16/2025 14:43,23.06,9.07
1519,7/16/2025 15:43,23.09,9.05
1520,7/16/2025 16:43,23.16,9.03
1521,7/16/2025 17:43,23.1,9.01
1522,7/16/2025 18:43,22.93,8.99
1523,7/16/2025 19:43,22.78,8.94
1524,7/16/2025 20:43,22.6,8.9
1525,7/16/2025 21:43,22.45,8.84
1526,7/16/2025 22:43,22.31,8.81
1527,7/16/2025 23:43,22.17,8.8
1528,7/17/2025 0:43,22.02,8.8
1529,7/17/2025 1:43,21.85,8.8
1530,7/17/2025 2:43,21.69,8.79
1531,7/17/2025 3:43,21.53,8.79
1532,7/17/2025 4:43,21.37,8.78
1533,7/17/2025 5:43,21.21,8.79
1534,7/17/2025 6:43,21.08,8.83
1535,7/17/2025 7:43,20.97,8.88
1536,7/17/2025 8:43,20.96,8.97
1537,7/17/2025 9:43,21.08,9.07
1538,7/17/2025 10:43,21.42,9.45
1539,7/17/2025 11:43,21.77,9.44
1540,7/17/2025 12:43,22.15,9.42
1541,7/17/2025 13:43,22.47,9.37
1542,7/17/2025 14:43,22.62,9.18
1543,7/17/2025 15:43,22.68,9.26
1544,7/17/2025 16:43,22.7,9.18
1545,7/17/2025 17:43,22.71,9.14
1546,7/17/2025 18:43,22.63,9.1
1547,7/17/2025 19:43,22.48,9.06
1548,7/17/2025 20:43,22.32,9.01
1549,7/17/2025 21:43,22.21,8.94
1550,7/17/2025 22:43,22.12,8.91
1551,7/17/2025 23:43,22.04,8.88
1552,7/18/2025 0:43,21.97,8.86
1553,7/18/2025 1:43,21.9,8.84
1554,7/18/2025 2:43,21.83,8.81
1555,7/18/2025 3:43,21.74,8.79
1556,7/18/2025 4:43,21.66,8.76
1557,7/18/2025 5:43,21.58,8.76
1558,7/18/2025 6:43,21.53,8.8
1559,7/18/2025 7:43,21.52,8.92
1560,7/18/2025 8:43,21.55,9.05
1561,7/18/2025 9:43,21.57,8.98
1562,7/18/2025 10:43,21.6,9.13
1563,7/18/2025 11:43,21.73,9.4
1564,7/18/2025 12:43,21.87,9.29
1565,7/18/2025 13:43,22.32,9.45
1566,7/18/2025 14:43,22.47,9.18
1567,7/18/2025 15:43,22.8,9.11
1568,7/18/2025 16:43,22.94,9.03
1569,7/18/2025 17:43,22.9,9.02
1570,7/18/2025 18:43,22.8,8.97
1571,7/18/2025 19:43,22.63,8.96
1572,7/18/2025 20:43,22.46,8.88
1573,7/18/2025 21:43,22.3,8.83
1574,7/18/2025 22:43,22.16,8.79
1575,7/18/2025 23:43,22.09,8.78
1576,7/19/2025 0:43,22.03,8.77
1577,7/19/2025 1:43,21.99,8.76
1578,7/19/2025 2:43,21.93,8.73
1579,7/19/2025 3:43,21.85,8.72
1580,7/19/2025 4:43,21.77,8.69
1581,7/19/2025 5:43,21.68,8.71
1582,7/19/2025 6:43,21.62,8.75
1583,7/19/2025 7:43,21.58,8.94
1584,7/19/2025 8:43,21.57,9.1
1585,7/19/2025 9:43,21.61,9.23
1586,7/19/2025 10:43,21.82,9.47
1587,7/19/2025 11:43,22.16,9.36
1588,7/19/2025 12:43,22.48,9.25
1589,7/19/2025 13:43,22.87,9.26
1590,7/19/2025 14:43,23.07,9.04
1591,7/19/2025 15:43,23.11,9.03
1592,7/19/2025 16:43,23.11,8.99
1593,7/19/2025 17:43,23.01,8.96
1594,7/19/2025 18:43,22.9,8.93
1595,7/19/2025 19:43,22.75,8.89
1596,7/19/2025 20:43,22.54,8.83
1597,7/19/2025 21:43,22.41,8.77
1598,7/19/2025 22:43,22.32,8.74
1599,7/19/2025 23:43,22.22,8.73
1600,7/20/2025 0:43,22.11,8.73
1601,7/20/2025 1:43,22.02,8.71
1602,7/20/2025 2:43,21.91,8.71
1603,7/20/2025 3:43,21.84,8.68
1604,7/20/2025 4:43,21.78,8.67
1605,7/20/2025 5:43,21.7,8.65
1606,7/20/2025 6:43,21.65,8.72
1607,7/20/2025 7:43,21.6,8.82
1608,7/20/2025 8:43,21.58,8.86
1609,7/20/2025 9:43,21.65,8.97
1610,7/20/2025 10:43,21.87,9.31
1611,7/20/2025 11:43,22.29,9.39
1612,7/20/2025 12:43,22.68,9.33
1613,7/20/2025 13:43,23.06,9.26
1614,7/20/2025 14:43,23.29,9.02
1615,7/20/2025 15:43,23.36,9.07
1616,7/20/2025 16:43,23.29,9.05
1617,7/20/2025 17:43,23.25,8.93
1618,7/20/2025 18:43,23.16,8.9
1619,7/20/2025 19:43,23.02,8.84
1620,7/20/2025 20:43,22.89,8.77
1621,7/20/2025 21:43,22.74,8.71
1622,7/20/2025 22:43,22.6,8.69
1623,7/20/2025 23:43,22.46,8.67
1624,7/21/2025 0:43,22.33,8.67
1625,7/21/2025 1:43,22.21,8.66
1626,7/21/2025 2:43,22.08,8.65
1627,7/21/2025 3:43,21.98,8.64
1628,7/21/2025 4:43,21.88,8.61
1629,7/21/2025 5:43,21.78,8.62
1630,7/21/2025 6:43,21.69,8.66
1631,7/21/2025 7:43,21.63,8.72
1632,7/21/2025 8:43,21.66,8.78
1633,7/21/2025 9:43,21.78,8.92
1634,7/21/2025 10:43,22.17,9.29
1635,7/21/2025 11:43,22.53,9.2
1636,7/21/2025 12:43,22.95,9.11
1637,7/21/2025 13:43,23.36,9.12
1638,7/21/2025 14:43,23.58,8.97
1639,7/21/2025 15:43,23.6,9.03
1640,7/21/2025 16:43,23.7,8.89
1641,7/21/2025 17:43,23.63,8.95
1642,7/21/2025 18:43,23.53,8.86
1643,7/21/2025 19:43,23.36,8.83
1644,7/21/2025 20:43,23.19,8.75
1645,7/21/2025 21:43,23.08,8.68
1646,7/21/2025 22:43,22.97,8.65
1647,7/21/2025 23:43,22.86,8.63
1648,7/22/2025 0:43,22.78,8.62
1649,7/22/2025 1:43,22.69,8.61
1650,7/22/2025 2:43,22.57,8.59
1651,7/22/2025 3:43,22.46,8.59
1652,7/22/2025 4:43,22.36,8.58
1653,7/22/2025 5:43,22.26,8.57
1654,7/22/2025 6:43,22.17,8.64
1655,7/22/2025 7:43,22.15,8.69
1656,7/22/2025 8:43,22.15,8.81
1657,7/22/2025 9:43,22.2,9.01
1658,7/22/2025 10:43,22.49,9.14
1659,7/22/2025 11:43,22.8,9.13
1660,7/22/2025 12:43,23.2,9.06
1661,7/22/2025 13:43,23.56,9.02
1662,7/22/2025 14:43,23.76,8.92
1663,7/22/2025 15:43,23.81,8.9
1664,7/22/2025 16:43,23.84,8.87
1665,7/22/2025 17:43,23.75,8.85
1666,7/22/2025 18:43,23.66,8.82
1667,7/22/2025 19:43,23.52,8.76
1668,7/22/2025 20:43,23.36,8.71
1669,7/22/2025 21:43,23.23,8.67
1670,7/22/2025 22:43,23.11,8.64
1671,7/22/2025 23:43,22.95,8.63
1672,7/23/2025 0:43,22.8,8.63
1673,7/23/2025 1:43,22.65,8.63
1674,7/23/2025 2:43,22.51,8.62
1675,7/23/2025 3:43,22.37,8.62
1676,7/23/2025 4:43,22.24,8.6
1677,7/23/2025 5:43,22.16,8.59
1678,7/23/2025 6:43,22.07,8.62
1679,7/23/2025 7:43,22.01,8.73
1680,7/23/2025 8:43,22.02,8.89
1681,7/23/2025 9:43,22.03,8.99
1682,7/23/2025 10:43,22.33,9.13
1683,7/23/2025 11:43,22.65,9.06
1684,7/23/2025 12:43,23.04,9.04
1685,7/23/2025 13:43,23.4,9
1686,7/23/2025 14:43,23.56,8.91
1687,7/23/2025 15:43,23.61,8.91
1688,7/23/2025 16:43,23.65,8.89
1689,7/23/2025 17:43,23.61,8.87
1690,7/23/2025 18:43,23.53,8.84
1691,7/23/2025 19:43,23.44,8.79
1692,7/23/2025 20:43,23.31,8.73
1693,7/23/2025 21:43,23.18,8.68
1694,7/23/2025 22:43,23.07,8.65
1695,7/23/2025 23:43,22.96,8.63
1696,7/24/2025 0:43,22.85,8.63
1697,7/24/2025 1:43,22.76,8.61
1698,7/24/2025 2:43,22.67,8.6
1699,7/24/2025 3:43,22.57,8.59
1700,7/24/2025 4:43,22.45,8.57
1701,7/24/2025 5:43,22.36,8.56
1702,7/24/2025 6:43,22.27,8.6
1703,7/24/2025 7:43,22.19,8.66
1704,7/24/2025 8:43,22.16,8.72
1705,7/24/2025 9:43,22.24,8.91
1706,7/24/2025 10:43,22.55,9.06
1707,7/24/2025 11:43,22.9,9.03
1708,7/24/2025 12:43,23.32,9.02
1709,7/24/2025 13:43,23.68,9
1710,7/24/2025 14:43,23.89,8.9
1711,7/24/2025 15:43,23.93,8.88
1712,7/24/2025 16:43,23.92,8.87
1713,7/24/2025 17:43,23.79,8.85
1714,7/24/2025 18:43,23.63,8.81
1715,7/24/2025 19:43,23.45,8.77
1716,7/24/2025 20:43,23.26,8.72
1717,7/24/2025 21:43,23.1,8.66
1718,7/24/2025 22:43,22.95,8.66
1719,7/24/2025 23:43,22.83,8.64
1720,7/25/2025 0:43,22.72,8.65
1721,7/25/2025 1:43,22.63,8.63
1722,7/25/2025 2:43,22.52,8.62
1723,7/25/2025 3:43,22.43,8.59
1724,7/25/2025 4:43,22.33,8.58
1725,7/25/2025 5:43,22.24,8.57
1726,7/25/2025 6:43,22.16,8.59
1727,7/25/2025 7:43,22.12,8.64
1728,7/25/2025 8:43,22.1,8.75
1729,7/25/2025 9:43,22.12,8.92
1730,7/25/2025 10:43,22.31,9.06
1731,7/25/2025 11:43,22.56,9.09
1732,7/25/2025 12:43,22.83,9.08
1733,7/25/2025 13:43,23.14,9.04
1734,7/25/2025 14:43,23.13,8.99
1735,7/25/2025 15:43,23.15,8.98
1736,7/25/2025 16:43,23.12,9.01
1737,7/25/2025 17:43,22.94,9.01
1738,7/25/2025 18:43,22.76,8.98
1739,7/25/2025 19:43,22.65,8.93
1740,7/25/2025 20:43,22.5,8.84
1741,7/25/2025 21:43,22.38,8.76
1742,7/25/2025 22:43,22.27,8.71
1743,7/25/2025 23:43,22.19,8.69
1744,7/26/2025 0:43,22.11,8.68
1745,7/26/2025 1:43,22.02,8.68
1746,7/26/2025 2:43,21.95,8.67
1747,7/26/2025 3:43,21.9,8.65
1748,7/26/2025 4:43,21.84,8.63
1749,7/26/2025 5:43,21.78,8.62
1750,7/26/2025 6:43,21.74,8.63
1751,7/26/2025 7:43,21.74,8.71
1752,7/26/2025 8:43,21.75,8.84
1753,7/26/2025 9:43,21.82,8.99
1754,7/26/2025 10:43,22.04,9.02
1755,7/26/2025 11:43,22.33,8.99
1756,7/26/2025 12:43,22.73,8.96
1757,7/26/2025 13:43,23,8.96
1758,7/26/2025 14:43,23.14,8.91
1759,7/26/2025 15:43,23.05,8.91
1760,7/26/2025 16:43,22.85,8.93
1761,7/26/2025 17:43,22.87,8.97
1762,7/26/2025 18:43,22.81,8.9
1763,7/26/2025 19:43,22.66,8.84
1764,7/26/2025 20:43,22.54,8.77
1765,7/26/2025 21:43,22.41,8.71
1766,7/26/2025 22:43,22.29,8.69
1767,7/26/2025 23:43,22.19,8.68
1768,7/27/2025 0:43,22.08,8.67
1769,7/27/2025 1:43,21.96,8.67
1770,7/27/2025 2:43,21.85,8.67
1771,7/27/2025 3:43,21.75,8.66
1772,7/27/2025 4:43,21.66,8.64
1773,7/27/2025 5:43,21.57,8.63
1774,7/27/2025 6:43,21.51,8.65
1775,7/27/2025 7:43,21.47,8.68
1776,7/27/2025 8:43,21.48,8.77
1777,7/27/2025 9:43,21.58,8.94
1778,7/27/2025 10:43,21.9,9
1779,7/27/2025 11:43,22.22,9
1780,7/27/2025 12:43,22.63,9.02
1781,7/27/2025 13:43,22.97,9.03
1782,7/27/2025 14:43,23.18,8.96
1783,7/27/2025 15:43,23.22,8.93
1784,7/27/2025 16:43,23.2,8.93
1785,7/27/2025 17:43,23.13,8.91
1786,7/27/2025 18:43,22.95,8.89
1787,7/27/2025 19:43,22.82,8.85
1788,7/27/2025 20:43,22.71,8.8
1789,7/27/2025 21:43,22.59,8.74
1790,7/27/2025 22:43,22.45,8.72
1791,7/27/2025 23:43,22.33,8.71
1792,7/28/2025 0:43,22.19,8.7
1793,7/28/2025 1:43,22.05,8.69
1794,7/28/2025 2:43,21.93,8.69
1795,7/28/2025 3:43,21.8,8.67
1796,7/28/2025 4:43,21.67,8.67
1797,7/28/2025 5:43,21.58,8.66
1798,7/28/2025 6:43,21.49,8.69
1799,7/28/2025 7:43,21.44,8.74
1800,7/28/2025 8:43,21.44,8.79
1801,7/28/2025 9:43,21.55,8.99
1802,7/28/2025 10:43,21.89,9.03
1803,7/28/2025 11:43,22.22,9.09
1804,7/28/2025 12:43,22.61,9.08
1805,7/28/2025 13:43,22.98,9.07
1806,7/28/2025 14:43,23.15,8.99
1807,7/28/2025 15:43,23.23,8.95
1808,7/28/2025 16:43,23.28,8.96
1809,7/28/2025 17:43,23.19,8.95
1810,7/28/2025 18:43,23.09,8.92
1811,7/28/2025 19:43,22.97,8.88
1812,7/28/2025 20:43,22.82,8.81
1813,7/28/2025 21:43,22.71,8.75
1814,7/28/2025 22:43,22.62,8.73
1815,7/28/2025 23:43,22.54,8.7
1816,7/29/2025 0:43,22.45,8.7
1817,7/29/2025 1:43,22.34,8.71
1818,7/29/2025 2:43,22.24,8.68
1819,7/29/2025 3:43,22.12,8.68
1820,7/29/2025 4:43,22,8.65
1821,7/29/2025 5:43,21.88,8.66
1822,7/29/2025 6:43,21.79,8.69
1823,7/29/2025 7:43,21.72,8.74
1824,7/29/2025 8:43,21.72,8.79
1825,7/29/2025 9:43,21.86,8.97
1826,7/29/2025 10:43,22.21,9.04
1827,7/29/2025 11:43,22.55,9.06
1828,7/29/2025 12:43,22.96,9.08
1829,7/29/2025 13:43,23.31,9.08
1830,7/29/2025 14:43,23.54,8.98
1831,7/29/2025 15:43,23.62,8.94
1832,7/29/2025 16:43,23.68,8.93
1833,7/29/2025 17:43,23.65,8.92
1834,7/29/2025 18:43,23.57,8.88
1835,7/29/2025 19:43,23.42,8.84
1836,7/29/2025 20:43,23.27,8.77
1837,7/29/2025 21:43,23.14,8.71
1838,7/29/2025 22:43,23.02,8.69
1839,7/29/2025 23:43,22.88,8.68
1840,7/30/2025 0:43,22.74,8.67
1841,7/30/2025 1:43,22.61,8.66
1842,7/30/2025 2:43,22.47,8.66
1843,7/30/2025 3:43,22.34,8.64
1844,7/30/2025 4:43,22.22,8.63
1845,7/30/2025 5:43,22.11,8.61
1846,7/30/2025 6:43,22.01,8.64
1847,7/30/2025 7:43,21.95,8.7
1848,7/30/2025 8:43,21.93,8.76
1849,7/30/2025 9:43,22.07,8.94
1850,7/30/2025 10:43,22.41,9.06
1851,7/30/2025 11:43,22.75,9.08
1852,7/30/2025 12:43,23.14,9.07
1853,7/30/2025 13:43,23.47,9.06
1854,7/30/2025 14:43,23.68,8.94
1855,7/30/2025 15:43,23.74,8.93
1856,7/30/2025 16:43,23.85,8.94
1857,7/30/2025 17:43,23.8,8.95
1858,7/30/2025 18:43,23.62,8.93
1859,7/30/2025 19:43,23.48,8.87
1860,7/30/2025 20:43,23.37,8.77
1861,7/30/2025 21:43,23.28,8.69
1862,7/30/2025 22:43,23.24,8.65
1863,7/30/2025 23:43,23.17,8.62
1864,7/31/2025 0:43,23.1,8.61
1865,7/31/2025 1:43,23.02,8.59
1866,7/31/2025 2:43,22.93,8.59
1867,7/31/2025 3:43,22.84,8.57
1868,7/31/2025 4:43,22.74,8.53
1869,7/31/2025 5:43,22.63,8.51
1870,7/31/2025 6:43,22.55,8.56
1871,7/31/2025 7:43,22.48,8.63
1872,7/31/2025 8:43,22.46,8.8
1873,7/31/2025 9:43,22.5,8.87
1874,7/31/2025 10:43,23.26,8.89
1875,7/31/2025 11:43,23.09,9.04
1876,7/31/2025 12:43,23.5,9.06
1877,7/31/2025 13:43,23.87,9.02
1878,7/31/2025 14:43,24.13,8.89
1879,7/31/2025 15:43,24.23,8.89
1880,7/31/2025 16:43,24.25,8.86
1881,7/31/2025 17:43,24.18,8.83
1882,7/31/2025 18:43,24.09,8.78
1883,7/31/2025 19:43,23.97,8.73
1884,7/31/2025 20:43,23.85,8.66
1885,7/31/2025 21:43,23.75,8.59
1886,7/31/2025 22:43,23.63,8.57
1887,7/31/2025 23:43,23.48,8.56
1888,8/1/2025 0:43,23.31,8.57
1889,8/1/2025 1:43,23.13,8.57
1890,8/1/2025 2:43,22.94,8.55
1891,8/1/2025 3:43,22.78,8.55
1892,8/1/2025 4:43,22.63,8.54
1893,8/1/2025 5:43,22.5,8.53
1894,8/1/2025 6:43,22.38,8.57
1895,8/1/2025 7:43,22.32,8.68
1896,8/1/2025 8:43,22.25,8.73
1897,8/1/2025 9:43,22.29,8.9
1898,8/1/2025 10:43,22.54,9.15
1899,8/1/2025 11:43,22.82,9.14
1900,8/1/2025 12:43,23.15,9.14
1901,8/1/2025 13:43,23.48,9.08
1902,8/1/2025 14:43,23.68,8.95
1903,8/1/2025 15:43,23.72,8.93
1904,8/1/2025 16:43,23.72,8.9
1905,8/1/2025 17:43,23.65,8.89
1906,8/1/2025 18:43,23.5,8.86
1907,8/1/2025 19:43,23.32,8.8
1908,8/1/2025 20:43,23.16,8.73
1909,8/1/2025 21:43,23.05,8.68
1910,8/1/2025 22:43,22.96,8.66
1911,8/1/2025 23:43,22.85,8.64
1912,8/2/2025 0:43,22.75,8.64
1913,8/2/2025 1:43,22.65,8.63
1914,8/2/2025 2:43,22.53,8.61
1915,8/2/2025 3:43,22.44,8.6
1916,8/2/2025 4:43,22.37,8.58
1917,8/2/2025 5:43,22.31,8.57
1918,8/2/2025 6:43,22.24,8.61
1919,8/2/2025 7:43,22.2,8.78
1920,8/2/2025 8:43,22.18,8.87
1921,8/2/2025 9:43,22.21,9.06
1922,8/2/2025 10:43,22.47,9.28
1923,8/2/2025 11:43,22.8,9.22
1924,8/2/2025 12:43,23.18,9.21
1925,8/2/2025 13:43,23.55,9.16
1926,8/2/2025 14:43,23.72,8.93
1927,8/2/2025 15:43,23.74,8.9
1928,8/2/2025 16:43,23.75,8.88
1929,8/2/2025 17:43,23.65,8.86
1930,8/2/2025 18:43,23.51,8.84
1931,8/2/2025 19:43,23.32,8.79
1932,8/2/2025 20:43,23.14,8.79
1933,8/2/2025 21:43,23.01,8.65
1934,8/2/2025 22:43,22.91,8.63
1935,8/2/2025 23:43,22.82,8.63
1936,8/3/2025 0:43,22.73,8.62
1937,8/3/2025 1:43,22.63,8.62
1938,8/3/2025 2:43,22.54,8.61
1939,8/3/2025 3:43,22.46,8.59
1940,8/3/2025 4:43,22.41,8.56
1941,8/3/2025 5:43,22.33,8.55
1942,8/3/2025 6:43,22.26,8.58
1943,8/3/2025 7:43,22.22,8.64
1944,8/3/2025 8:43,22.2,8.83
1945,8/3/2025 9:43,22.26,9.06
1946,8/3/2025 10:43,22.31,9.1
1947,8/3/2025 11:43,22.37,9.17
1948,8/3/2025 12:43,22.54,9.36
1949,8/3/2025 13:43,22.71,9.47
1950,8/3/2025 14:43,22.98,9.18
1951,8/3/2025 15:43,23.15,9.11
1952,8/3/2025 16:43,23.27,9.07
1953,8/3/2025 17:43,23.06,9
1954,8/3/2025 18:43,22.92,8.91
1955,8/3/2025 19:43,22.78,8.84
1956,8/3/2025 20:43,22.75,8.76
1957,8/3/2025 21:43,22.68,8.69
1958,8/3/2025 22:43,22.58,8.66
1959,8/3/2025 23:43,22.48,8.63
1960,8/4/2025 0:43,22.38,8.62
1961,8/4/2025 1:43,22.27,8.62
1962,8/4/2025 2:43,22.18,8.59
1963,8/4/2025 3:43,22.12,8.58
1964,8/4/2025 4:43,22.08,8.56
1965,8/4/2025 5:43,22.03,8.55
1966,8/4/2025 6:43,21.99,8.58
1967,8/4/2025 7:43,21.97,8.72
1968,8/4/2025 8:43,21.99,8.89
1969,8/4/2025 9:43,22.07,9.23
1970,8/4/2025 10:43,22.27,9.3
1971,8/4/2025 11:43,22.51,9.26
1972,8/4/2025 12:43,22.83,9.24
1973,8/4/2025 13:43,23.01,9.19
1974,8/4/2025 14:43,23.12,9.07
1975,8/4/2025 15:43,23.1,9.16
1976,8/4/2025 16:43,23.16,9.09
1977,8/4/2025 17:43,23.05,9.09
1978,8/4/2025 18:43,22.89,9.02
1979,8/4/2025 19:43,22.7,8.93
1980,8/4/2025 20:43,22.55,8.81
1981,8/4/2025 21:43,22.46,8.74
1982,8/4/2025 22:43,22.38,8.7
1983,8/4/2025 23:43,22.32,8.68
1984,8/5/2025 0:43,22.25,8.67
1985,8/5/2025 1:43,22.17,8.66
1986,8/5/2025 2:43,22.09,8.64
1987,8/5/2025 3:43,22.01,8.63
1988,8/5/2025 4:43,21.95,8.6
1989,8/5/2025 5:43,21.88,8.59
1990,8/5/2025 6:43,21.84,8.61
1991,8/5/2025 7:43,21.8,8.71
1992,8/5/2025 8:43,21.83,8.9
1993,8/5/2025 9:43,21.87,9.05
1994,8/5/2025 10:43,21.95,9.24
1995,8/5/2025 11:43,21.98,9.22
1996,8/5/2025 12:43,22.08,9.33
1997,8/5/2025 13:43,22.25,9.35
1998,8/5/2025 14:43,22.16,9.17
1999,8/5/2025 15:43,22.05,8.97
2000,8/5/2025 16:43,21.98,9.09
2001,8/5/2025 17:43,21.95,9.06
2002,8/5/2025 18:43,21.91,8.96
2003,8/5/2025 19:43,21.89,8.84
2004,8/5/2025 20:43,21.84,8.77
2005,8/5/2025 21:43,21.81,8.71
2006,8/5/2025 22:43,21.78,8.68
2007,8/5/2025 23:43,21.76,8.67
2008,8/6/2025 0:43,21.74,8.66
2009,8/6/2025 1:43,21.7,8.65
2010,8/6/2025 2:43,21.67,8.63
2011,8/6/2025 3:43,21.61,8.62
2012,8/6/2025 4:43,21.57,8.6
2013,8/6/2025 5:43,21.52,8.58
2014,8/6/2025 6:43,21.48,8.58
2015,8/6/2025 7:43,21.48,8.63
2016,8/6/2025 8:43,21.5,8.76
2017,8/6/2025 9:43,21.56,9.18
2018,8/6/2025 10:43,21.87,9.4
2019,8/6/2025 11:43,21.95,9.33
2020,8/6/2025 12:43,22.16,9.22
2021,8/6/2025 13:43,22.23,9.34
2022,8/6/2025 14:43,22.28,9.24
2023,8/6/2025 15:43,22.31,9.28
2024,8/6/2025 16:43,22.37,9.22
2025,8/6/2025 17:43,22.3,9.11
2026,8/6/2025 18:43,22.2,9.04
2027,8/6/2025 19:43,22.11,8.94
2028,8/6/2025 20:43,22.01,8.84
2029,8/6/2025 21:43,21.93,8.77
2030,8/6/2025 22:43,21.84,8.74
2031,8/6/2025 23:43,21.75,8.73
2032,8/7/2025 0:43,21.67,8.72
2033,8/7/2025 1:43,21.59,8.71
2034,8/7/2025 2:43,21.48,8.69
2035,8/7/2025 3:43,21.43,8.68
2036,8/7/2025 4:43,21.4,8.66
2037,8/7/2025 5:43,21.36,8.65
2038,8/7/2025 6:43,21.29,8.69
2039,8/7/2025 7:43,21.24,8.76
2040,8/7/2025 8:43,21.21,8.88
2041,8/7/2025 9:43,21.27,9
2042,8/7/2025 10:43,21.52,9.39
2043,8/7/2025 11:43,21.84,9.41
2044,8/7/2025 12:43,22.16,9.28
2045,8/7/2025 13:43,22.05,9.16
2046,8/7/2025 14:43,22.13,9.37
2047,8/7/2025 15:43,22.24,9.26
2048,8/7/2025 16:43,22.33,9.28
2049,8/7/2025 17:43,22.33,9.23
2050,8/7/2025 18:43,22.3,9.15
2051,8/7/2025 19:43,22.19,8.99
2052,8/7/2025 20:43,22.08,8.9
2053,8/7/2025 21:43,21.96,8.85
2054,8/7/2025 22:43,21.88,8.82
2055,8/7/2025 23:43,21.81,8.81
2056,8/8/2025 0:43,21.74,8.79
2057,8/8/2025 1:43,21.64,8.78
2058,8/8/2025 2:43,21.57,8.77
2059,8/8/2025 3:43,21.51,8.74
2060,8/8/2025 4:43,21.41,8.74
2061,8/8/2025 5:43,21.31,8.73
2062,8/8/2025 6:43,21.23,8.76
2063,8/8/2025 7:43,21.23,8.89
2064,8/8/2025 8:43,21.26,8.94
2065,8/8/2025 9:43,21.34,9.05
2066,8/8/2025 10:43,21.61,9.24
2067,8/8/2025 11:43,21.93,9.2
2068,8/8/2025 12:43,22.28,9.17
2069,8/8/2025 13:43,22.59,9.25
2070,8/8/2025 14:43,22.73,9.2
2071,8/8/2025 15:43,22.8,9.22
2072,8/8/2025 16:43,22.76,9.21
2073,8/8/2025 17:43,22.67,9.21
2074,8/8/2025 18:43,22.56,9.15
2075,8/8/2025 19:43,22.47,9.03
2076,8/8/2025 20:43,22.38,8.91
2077,8/8/2025 21:43,22.3,8.84
2078,8/8/2025 22:43,22.22,8.8
2079,8/8/2025 23:43,22.15,8.78
2080,8/9/2025 0:43,22.07,8.77
2081,8/9/2025 1:43,21.99,8.76
2082,8/9/2025 2:43,21.91,8.74
2083,8/9/2025 3:43,21.82,8.71
2084,8/9/2025 4:43,21.74,8.69
2085,8/9/2025 5:43,21.65,8.69
2086,8/9/2025 6:43,21.57,8.73
2087,8/9/2025 7:43,21.52,8.8
2088,8/9/2025 8:43,21.53,8.91
2089,8/9/2025 9:43,21.63,9.08
2090,8/9/2025 10:43,21.86,9.2
2091,8/9/2025 11:43,22.16,9.24
2092,8/9/2025 12:43,22.5,9.21
2093,8/9/2025 13:43,22.88,9.22
2094,8/9/2025 14:43,23.08,9.1
2095,8/9/2025 15:43,23.14,9.07
2096,8/9/2025 16:43,23.19,9.07
2097,8/9/2025 17:43,23.15,9.03
2098,8/9/2025 18:43,23.07,8.98
2099,8/9/2025 19:43,22.95,8.9
2100,8/9/2025 20:43,22.81,8.83
2101,8/9/2025 21:43,22.73,8.77
2102,8/9/2025 22:43,22.64,8.75
2103,8/9/2025 23:43,22.54,8.75
2104,8/10/2025 0:43,22.43,8.75
2105,8/10/2025 1:43,22.31,8.74
2106,8/10/2025 2:43,22.18,8.73
2107,8/10/2025 3:43,22.06,8.7
2108,8/10/2025 4:43,21.94,8.7
2109,8/10/2025 5:43,21.83,8.69
2110,8/10/2025 6:43,21.73,8.71
2111,8/10/2025 7:43,21.66,8.76
2112,8/10/2025 8:43,21.66,8.81
2113,8/10/2025 9:43,21.74,8.9
2114,8/10/2025 10:43,22.04,9.16
2115,8/10/2025 11:43,22.36,9.19
2116,8/10/2025 12:43,22.75,9.21
2117,8/10/2025 13:43,23.09,9.22
2118,8/10/2025 14:43,23.3,9.05
2119,8/10/2025 15:43,23.4,9.03
2120,8/10/2025 16:43,23.47,9.01
2121,8/10/2025 17:43,23.41,8.97
2122,8/10/2025 18:43,23.28,8.93
2123,8/10/2025 19:43,23.13,8.87
2124,8/10/2025 20:43,23.02,8.8
2125,8/10/2025 21:43,22.97,8.75
2126,8/10/2025 22:43,22.89,8.73
2127,8/10/2025 23:43,22.8,8.72
2128,8/11/2025 0:43,22.69,8.72
2129,8/11/2025 1:43,22.57,8.71
2130,8/11/2025 2:43,22.43,8.69
2131,8/11/2025 3:43,22.31,8.67
2132,8/11/2025 4:43,22.2,8.66
2133,8/11/2025 5:43,22.1,8.65
2134,8/11/2025 6:43,22.01,8.69
2135,8/11/2025 7:43,21.94,8.74
2136,8/11/2025 8:43,21.92,8.82
2137,8/11/2025 9:43,22,8.91
2138,8/11/2025 10:43,22.29,9.19
2139,8/11/2025 11:43,22.63,9.26
2140,8/11/2025 12:43,23,9.26
2141,8/11/2025 13:43,23.36,9.26
2142,8/11/2025 14:43,23.55,9.07
2143,8/11/2025 15:43,23.65,9.03
2144,8/11/2025 16:43,23.67,9.01
2145,8/11/2025 17:43,23.59,8.97
2146,8/11/2025 18:43,23.47,8.95
2147,8/11/2025 19:43,23.32,8.88
2148,8/11/2025 20:43,23.18,8.8
2149,8/11/2025 21:43,23.05,8.75
2150,8/11/2025 22:43,22.93,8.73
2151,8/11/2025 23:43,22.79,8.73
2152,8/12/2025 0:43,22.62,8.73
2153,8/12/2025 1:43,22.46,8.72
2154,8/12/2025 2:43,22.33,8.71
2155,8/12/2025 3:43,22.2,8.7
2156,8/12/2025 4:43,22.09,8.68
2157,8/12/2025 5:43,22,8.67
2158,8/12/2025 6:43,21.93,8.69
2159,8/12/2025 7:43,21.88,8.74
2160,8/12/2025 8:43,21.88,8.8
2161,8/12/2025 9:43,22,8.89
2162,8/12/2025 10:43,22.33,9.21
2163,8/12/2025 11:43,22.68,9.24
2164,8/12/2025 12:43,23.1,9.25
2165,8/12/2025 13:43,23.46,9.22
2166,8/12/2025 14:43,23.63,9.09
2167,8/12/2025 15:43,23.76,9.13
2168,8/12/2025 16:43,23.81,9.16
2169,8/12/2025 17:43,23.76,9.09
2170,8/12/2025 18:43,23.62,9.01
2171,8/12/2025 19:43,23.53,8.91
2172,8/12/2025 20:43,23.5,8.77
2173,8/12/2025 21:43,23.52,8.67
2174,8/12/2025 22:43,23.5,8.62
2175,8/12/2025 23:43,23.43,8.61
2176,8/13/2025 0:43,23.34,8.6
2177,8/13/2025 1:43,23.22,8.58
2178,8/13/2025 2:43,23.07,8.55
2179,8/13/2025 3:43,22.92,8.55
2180,8/13/2025 4:43,22.77,8.53
2181,8/13/2025 5:43,22.62,8.53
2182,8/13/2025 6:43,22.48,8.58
2183,8/13/2025 7:43,22.39,8.66
2184,8/13/2025 8:43,22.34,8.81
2185,8/13/2025 9:43,22.39,9.01
2186,8/13/2025 10:43,22.62,9.3
2187,8/13/2025 11:43,22.93,9.32
2188,8/13/2025 12:43,23.27,9.29
2189,8/13/2025 13:43,23.59,9.3
2190,8/13/2025 14:43,23.54,9.12
2191,8/13/2025 15:43,23.6,9.16
2192,8/13/2025 16:43,23.62,9.15
2193,8/13/2025 17:43,23.5,9.07
2194,8/13/2025 18:43,23.33,8.98
2195,8/13/2025 19:43,23.15,8.87
2196,8/13/2025 20:43,23.01,8.75
2197,8/13/2025 21:43,22.92,8.68
2198,8/13/2025 22:43,22.84,8.65
2199,8/13/2025 23:43,22.76,8.62
2200,8/14/2025 0:43,22.69,8.62
2201,8/14/2025 1:43,22.62,8.6
2202,8/14/2025 2:43,22.56,8.58
2203,8/14/2025 3:43,22.49,8.57
2204,8/14/2025 4:43,22.4,8.55
2205,8/14/2025 5:43,22.33,8.53
2206,8/14/2025 6:43,22.25,8.53
2207,8/14/2025 7:43,22.18,8.63
2208,8/14/2025 8:43,22.15,8.76
2209,8/14/2025 9:43,22.15,8.96
2210,8/14/2025 10:43,22.22,9.08
2211,8/14/2025 11:43,22.5,9.4
2212,8/14/2025 12:43,22.74,9.41
2213,8/14/2025 13:43,22.86,9.23
2214,8/14/2025 14:43,22.73,9.02
2215,8/14/2025 15:43,22.67,9.09
2216,8/14/2025 16:43,22.48,8.99
2217,8/14/2025 17:43,22.36,8.88
2218,8/14/2025 18:43,22.25,8.87
2219,8/14/2025 19:43,22.17,8.8
2220,8/14/2025 20:43,22.11,8.69
2221,8/14/2025 21:43,22.06,8.63
2222,8/14/2025 22:43,22.02,8.6
2223,8/14/2025 23:43,21.99,8.58
2224,8/15/2025 0:43,21.94,8.58
2225,8/15/2025 1:43,21.91,8.56
2226,8/15/2025 2:43,21.88,8.55
2227,8/15/2025 3:43,21.84,8.52
2228,8/15/2025 4:43,21.82,8.51
2229,8/15/2025 5:43,21.79,8.51
2230,8/15/2025 6:43,21.78,8.51
2231,8/15/2025 7:43,21.76,8.58
2232,8/15/2025 8:43,21.75,8.61
2233,8/15/2025 9:43,21.74,8.7
2234,8/15/2025 10:43,21.77,8.88
2235,8/15/2025 11:43,21.78,8.92
2236,8/15/2025 12:43,21.78,9.02
2237,8/15/2025 13:43,21.8,9.01
2238,8/15/2025 14:43,21.82,9.04
2239,8/15/2025 15:43,21.78,8.86
2240,8/15/2025 16:43,21.78,8.92
2241,8/15/2025 17:43,21.77,8.88
2242,8/15/2025 18:43,21.75,8.79
2243,8/15/2025 19:43,21.73,8.71
2244,8/15/2025 20:43,21.68,8.64
2245,8/15/2025 21:43,21.62,8.58
2246,8/15/2025 22:43,21.56,8.56
2247,8/15/2025 23:43,21.52,8.55
2248,8/16/2025 0:43,21.5,8.54
2249,8/16/2025 1:43,21.49,8.54
2250,8/16/2025 2:43,21.47,8.52
2251,8/16/2025 3:43,21.46,8.53
2252,8/16/2025 4:43,21.44,8.51
2253,8/16/2025 5:43,21.41,8.52
2254,8/16/2025 6:43,21.39,8.53
2255,8/16/2025 7:43,21.39,8.63
2256,8/16/2025 8:43,21.42,8.8
2257,8/16/2025 9:43,21.48,8.97
2258,8/16/2025 10:43,21.54,8.94
2259,8/16/2025 11:43,21.61,9.08
2260,8/16/2025 12:43,21.7,9.3
2261,8/16/2025 13:43,21.88,9.31
2262,8/16/2025 14:43,22.02,9.28
2263,8/16/2025 15:43,22.04,9.14
2264,8/16/2025 16:43,22.1,9.25
2265,8/16/2025 17:43,22.11,9.2
2266,8/16/2025 18:43,22.04,9
2267,8/16/2025 19:43,21.96,8.95
2268,8/16/2025 20:43,21.86,8.82
2269,8/16/2025 21:43,21.76,8.75
2270,8/16/2025 22:43,21.68,8.72
2271,8/16/2025 23:43,21.64,8.7
2272,8/17/2025 0:43,21.61,8.69
2273,8/17/2025 1:43,21.6,8.69
2274,8/17/2025 2:43,21.56,8.67
2275,8/17/2025 3:43,21.51,8.67
2276,8/17/2025 4:43,21.45,8.65
2277,8/17/2025 5:43,21.37,8.63
2278,8/17/2025 6:43,21.27,8.67
2279,8/17/2025 7:43,21.21,8.8
2280,8/17/2025 8:43,21.25,9.02
2281,8/17/2025 9:43,21.33,9.26
2282,8/17/2025 10:43,21.5,9.49
2283,8/17/2025 11:43,21.77,9.51
2284,8/17/2025 12:43,21.89,9.47
2285,8/17/2025 13:43,21.93,9.43
2286,8/17/2025 14:43,22.11,9.48
2287,8/17/2025 15:43,22.12,9.3
2288,8/17/2025 16:43,22.05,9.21
2289,8/17/2025 17:43,21.99,9.29
2290,8/17/2025 18:43,21.96,9.16
2291,8/17/2025 19:43,21.89,8.98
2292,8/17/2025 20:43,21.8,8.85
2293,8/17/2025 21:43,21.7,8.77
2294,8/17/2025 22:43,21.62,8.74
2295,8/17/2025 23:43,21.54,8.73
2296,8/18/2025 0:43,21.49,8.73
2297,8/18/2025 1:43,21.43,8.72
2298,8/18/2025 2:43,21.37,8.7
2299,8/18/2025 3:43,21.32,8.7
2300,8/18/2025 4:43,21.26,8.68
2301,8/18/2025 5:43,21.22,8.66
2302,8/18/2025 6:43,21.18,8.67
2303,8/18/2025 7:43,21.17,8.86
2304,8/18/2025 8:43,21.18,9.1
2305,8/18/2025 9:43,21.28,9.39
2306,8/18/2025 10:43,21.45,9.58
2307,8/18/2025 11:43,21.81,9.58
2308,8/18/2025 12:43,22.03,9.47
2309,8/18/2025 13:43,22.05,9.47
2310,8/18/2025 14:43,22.2,9.37
2311,8/18/2025 15:43,22.27,9.38
2312,8/18/2025 16:43,22.14,9.32
2313,8/18/2025 17:43,22.04,9.21
2314,8/18/2025 18:43,22.02,9.18
2315,8/18/2025 19:43,21.93,9.02
2316,8/18/2025 20:43,21.82,8.88
2317,8/18/2025 21:43,21.72,8.8
2318,8/18/2025 22:43,21.65,8.75
2319,8/18/2025 23:43,21.59,8.74
2320,8/19/2025 0:43,21.55,8.74
2321,8/19/2025 1:43,21.52,8.73
2322,8/19/2025 2:43,21.45,8.72
2323,8/19/2025 3:43,21.39,8.71
2324,8/19/2025 4:43,21.33,8.7
2325,8/19/2025 5:43,21.29,8.68
2326,8/19/2025 6:43,21.25,8.68
2327,8/19/2025 7:43,21.23,8.75
2328,8/19/2025 8:43,21.24,8.89
2329,8/19/2025 9:43,21.3,9.01
2330,8/19/2025 10:43,21.39,9.2
2331,8/19/2025 11:43,21.53,9.38
2332,8/19/2025 12:43,21.56,9.3
2333,8/19/2025 13:43,21.53,9.26
2334,8/19/2025 14:43,21.61,9.37
2335,8/19/2025 15:43,21.64,9.21
2336,8/19/2025 16:43,21.66,9.19
2337,8/19/2025 17:43,21.67,9.23
2338,8/19/2025 18:43,21.65,9.17
2339,8/19/2025 19:43,21.62,9.04
2340,8/19/2025 20:43,21.52,8.9
2341,8/19/2025 21:43,21.41,8.83
2342,8/19/2025 22:43,21.33,8.78
2343,8/19/2025 23:43,21.29,8.77
2344,8/20/2025 0:43,21.24,8.77
2345,8/20/2025 1:43,21.21,8.77
2346,8/20/2025 2:43,21.17,8.76
2347,8/20/2025 3:43,21.14,8.74
2348,8/20/2025 4:43,21.08,8.74
2349,8/20/2025 5:43,21.01,8.72
2350,8/20/2025 6:43,20.93,8.77
2351,8/20/2025 7:43,20.9,8.96
2352,8/20/2025 8:43,20.88,9.06
2353,8/20/2025 9:43,20.93,9.38
2354,8/20/2025 10:43,21.19,9.5
2355,8/20/2025 11:43,21.5,9.42
2356,8/20/2025 12:43,21.88,9.43
2357,8/20/2025 13:43,22.25,9.42
2358,8/20/2025 14:43,22.37,9.13
2359,8/20/2025 15:43,22.49,9.1
2360,8/20/2025 16:43,22.55,9.12
2361,8/20/2025 17:43,22.5,9.1
2362,8/20/2025 18:43,22.36,9.05
2363,8/20/2025 19:43,22.21,8.98
2364,8/20/2025 20:43,22.05,8.88
2365,8/20/2025 21:43,21.91,8.84
2366,8/20/2025 22:43,21.82,8.81
2367,8/20/2025 23:43,21.74,8.8
2368,8/21/2025 0:43,21.66,8.81
2369,8/21/2025 1:43,21.57,8.8
2370,8/21/2025 2:43,21.46,8.79
2371,8/21/2025 3:43,21.35,8.79
2372,8/21/2025 4:43,21.24,8.77
2373,8/21/2025 5:43,21.11,8.76
2374,8/21/2025 6:43,21.01,8.8
2375,8/21/2025 7:43,20.93,8.92
2376,8/21/2025 8:43,20.94,9.12
2377,8/21/2025 9:43,21.03,9.3
2378,8/21/2025 10:43,21.31,9.59
2379,8/21/2025 11:43,21.64,9.57
2380,8/21/2025 12:43,21.99,9.48
2381,8/21/2025 13:43,22.37,9.5
2382,8/21/2025 14:43,22.48,9.16
2383,8/21/2025 15:43,22.58,9.16
2384,8/21/2025 16:43,22.62,9.13
2385,8/21/2025 17:43,22.53,9.12
2386,8/21/2025 18:43,22.41,9.07
2387,8/21/2025 19:43,22.25,8.99
2388,8/21/2025 20:43,22.1,8.89
2389,8/21/2025 21:43,21.98,8.84
2390,8/21/2025 22:43,21.86,8.81
2391,8/21/2025 23:43,21.74,8.81
2392,8/22/2025 0:43,21.63,8.81
2393,8/22/2025 1:43,21.52,8.81
2394,8/22/2025 2:43,21.42,8.8
2395,8/22/2025 3:43,21.29,8.79
2396,8/22/2025 4:43,21.16,8.78
2397,8/22/2025 5:43,21.03,8.77
2398,8/22/2025 6:43,20.93,8.79
2399,8/22/2025 7:43,20.84,8.88
2400,8/22/2025 8:43,20.82,8.96
2401,8/22/2025 9:43,20.9,9.15
2402,8/22/2025 10:43,21.23,9.51
2403,8/22/2025 11:43,21.59,9.5
2404,8/22/2025 12:43,21.98,9.48
2405,8/22/2025 13:43,22.33,9.46
2406,8/22/2025 14:43,22.43,9.15
2407,8/22/2025 15:43,22.52,9.13
2408,8/22/2025 16:43,22.57,9.08
2409,8/22/2025 17:43,22.5,9.08
2410,8/22/2025 18:43,22.41,9
2411,8/22/2025 19:43,22.25,8.94
2412,8/22/2025 20:43,22.09,8.85
2413,8/22/2025 21:43,21.94,8.82
2414,8/22/2025 22:43,21.81,8.81
2415,8/22/2025 23:43,21.68,8.81
2416,8/23/2025 0:43,21.56,8.82
2417,8/23/2025 1:43,21.43,8.82
2418,8/23/2025 2:43,21.29,8.81
2419,8/23/2025 3:43,21.16,8.8
2420,8/23/2025 4:43,21.04,8.79
2421,8/23/2025 5:43,20.92,8.78
2422,8/23/2025 6:43,20.8,8.82
2423,8/23/2025 7:43,20.73,8.9
2424,8/23/2025 8:43,20.7,8.98
2425,8/23/2025 9:43,20.79,9.25
2426,8/23/2025 10:43,21.12,9.54
2427,8/23/2025 11:43,21.49,9.56
2428,8/23/2025 12:43,21.89,9.55
2429,8/23/2025 13:43,22.27,9.52
2430,8/23/2025 14:43,22.37,9.17
2431,8/23/2025 15:43,22.49,9.14
2432,8/23/2025 16:43,22.54,9.11
2433,8/23/2025 17:43,22.48,9.08
2434,8/23/2025 18:43,22.37,9.02
2435,8/23/2025 19:43,22.23,8.93
2436,8/23/2025 20:43,22.11,8.84
2437,8/23/2025 21:43,22,8.8
2438,8/23/2025 22:43,21.9,8.79
2439,8/23/2025 23:43,21.8,8.79
2440,8/24/2025 0:43,21.68,8.79
2441,8/24/2025 1:43,21.55,8.79
2442,8/24/2025 2:43,21.41,8.8
2443,8/24/2025 3:43,21.27,8.78
2444,8/24/2025 4:43,21.15,8.78
2445,8/24/2025 5:43,21.02,8.77
2446,8/24/2025 6:43,20.91,8.8
2447,8/24/2025 7:43,20.83,8.91
2448,8/24/2025 8:43,20.79,9.02
2449,8/24/2025 9:43,20.88,9.23
2450,8/24/2025 10:43,21.18,9.64
2451,8/24/2025 11:43,21.54,9.67
2452,8/24/2025 12:43,21.92,9.64
2453,8/24/2025 13:43,22.29,9.59
2454,8/24/2025 14:43,22.44,9.22
2455,8/24/2025 15:43,22.58,9.18
2456,8/24/2025 16:43,22.66,9.16
2457,8/24/2025 17:43,22.61,9.11
2458,8/24/2025 18:43,22.51,9.04
2459,8/24/2025 19:43,22.36,8.94
2460,8/24/2025 20:43,22.26,8.84
2461,8/24/2025 21:43,22.2,8.78
2462,8/24/2025 22:43,22.16,8.76
2463,8/24/2025 23:43,22.13,8.74
2464,8/25/2025 0:43,22.05,8.74
2465,8/25/2025 1:43,21.95,8.73
2466,8/25/2025 2:43,21.82,8.73
2467,8/25/2025 3:43,21.67,8.72
2468,8/25/2025 4:43,21.53,8.7
2469,8/25/2025 5:43,21.4,8.68
2470,8/25/2025 6:43,21.28,8.74
2471,8/25/2025 7:43,21.18,8.86
2472,8/25/2025 8:43,21.15,9.01
2473,8/25/2025 9:43,21.2,9.24
2474,8/25/2025 10:43,21.49,9.69
2475,8/25/2025 11:43,21.84,9.78
2476,8/25/2025 12:43,22.23,9.71
2477,8/25/2025 13:43,22.58,9.68
2478,8/25/2025 14:43,22.71,9.28
2479,8/25/2025 15:43,22.84,9.21
2480,8/25/2025 16:43,22.93,9.18
2481,8/25/2025 17:43,22.89,9.11
2482,8/25/2025 18:43,22.79,9.04
2483,8/25/2025 19:43,22.65,8.94
2484,8/25/2025 20:43,22.54,8.82
2485,8/25/2025 21:43,22.44,8.76
2486,8/25/2025 22:43,22.37,8.75
2487,8/25/2025 23:43,22.29,8.73
2488,8/26/2025 0:43,22.18,8.73
2489,8/26/2025 1:43,22.07,8.73
2490,8/26/2025 2:43,21.93,8.72
2491,8/26/2025 3:43,21.81,8.71
2492,8/26/2025 4:43,21.68,8.7
2493,8/26/2025 5:43,21.56,8.67
2494,8/26/2025 6:43,21.47,8.72
2495,8/26/2025 7:43,21.39,8.84
2496,8/26/2025 8:43,21.37,8.98
2497,8/26/2025 9:43,21.44,9.2
2498,8/26/2025 10:43,21.75,9.68
2499,8/26/2025 11:43,22.1,9.69
2500,8/26/2025 12:43,22.46,9.61
2501,8/26/2025 13:43,22.87,9.6
2502,8/26/2025 14:43,23,9.19
2503,8/26/2025 15:43,23.12,9.15
2504,8/26/2025 16:43,23.22,9.12
2505,8/26/2025 17:43,23.23,9.06
2506,8/26/2025 18:43,23.14,9
2507,8/26/2025 19:43,22.98,8.88
2508,8/26/2025 20:43,22.87,8.77
2509,8/26/2025 21:43,22.82,8.71
2510,8/26/2025 22:43,22.81,8.68
2511,8/26/2025 23:43,22.79,8.66
2512,8/27/2025 0:43,22.75,8.64
2513,8/27/2025 1:43,22.67,8.62
2514,8/27/2025 2:43,22.57,8.6
2515,8/27/2025 3:43,22.49,8.57
2516,8/27/2025 4:43,22.41,8.55
2517,8/27/2025 5:43,22.32,8.54
2518,8/27/2025 6:43,22.25,8.55
2519,8/27/2025 7:43,22.2,8.69
2520,8/27/2025 8:43,22.2,8.93
2521,8/27/2025 9:43,22.29,9.26
2522,8/27/2025 10:43,22.53,9.65
2523,8/27/2025 11:43,22.88,9.69
2524,8/27/2025 12:43,23.19,9.61
2525,8/27/2025 13:43,23.54,9.53
2526,8/27/2025 14:43,23.67,9.16
2527,8/27/2025 15:43,23.86,9.1
2528,8/27/2025 16:43,23.93,9.06
2529,8/27/2025 17:43,23.9,8.98
2530,8/27/2025 18:43,23.78,8.91
2531,8/27/2025 19:43,23.64,8.76
2532,8/27/2025 20:43,23.49,8.64
2533,8/27/2025 21:43,23.35,8.59
2534,8/27/2025 22:43,23.24,8.57
2535,8/27/2025 23:43,23.18,8.55
2536,8/28/2025 0:43,23.12,8.55
2537,8/28/2025 1:43,23.07,8.53
2538,8/28/2025 2:43,23,8.53
2539,8/28/2025 3:43,22.93,8.51
2540,8/28/2025 4:43,22.87,8.48
2541,8/28/2025 5:43,22.79,8.46
2542,8/28/2025 6:43,22.71,8.48
2543,8/28/2025 7:43,22.67,8.6
2544,8/28/2025 8:43,22.65,8.8
2545,8/28/2025 9:43,22.68,8.94
2546,8/28/2025 10:43,22.75,9.35
2547,8/28/2025 11:43,22.81,9.42
2548,8/28/2025 12:43,22.88,9.31
2549,8/28/2025 13:43,22.98,9.39
2550,8/28/2025 14:43,22.99,9.34
2551,8/28/2025 15:43,23.02,9.26
2552,8/28/2025 16:43,23.05,9.26
2553,8/28/2025 17:43,23.03,9.14
2554,8/28/2025 18:43,23.04,9.01
2555,8/28/2025 19:43,23.01,8.83
2556,8/28/2025 20:43,22.93,8.68
2557,8/28/2025 21:43,22.83,8.61
2558,8/28/2025 22:43,22.75,8.57
2559,8/28/2025 23:43,22.69,8.55
2560,8/29/2025 0:43,22.64,8.56
2561,8/29/2025 1:43,22.61,8.54
2562,8/29/2025 2:43,22.55,8.54
2563,8/29/2025 3:43,22.46,8.53
2564,8/29/2025 4:43,22.38,8.51
2565,8/29/2025 5:43,22.29,8.5
2566,8/29/2025 6:43,22.22,8.52
2567,8/29/2025 7:43,22.17,8.78
2568,8/29/2025 8:43,22.18,9.02
2569,8/29/2025 9:43,22.25,9.35
2570,8/29/2025 10:43,22.48,9.68
2571,8/29/2025 11:43,22.77,9.59
2572,8/29/2025 12:43,23.1,9.5
2573,8/29/2025 13:43,23.45,9.41
2574,8/29/2025 14:43,23.56,9.1
2575,8/29/2025 15:43,23.7,9.05
2576,8/29/2025 16:43,23.73,9.03
2577,8/29/2025 17:43,23.65,8.96
2578,8/29/2025 18:43,23.54,8.86
2579,8/29/2025 19:43,23.4,8.75
2580,8/29/2025 20:43,23.22,8.64
2581,8/29/2025 21:43,23.05,8.59
2582,8/29/2025 22:43,22.92,8.58
2583,8/29/2025 23:43,22.86,8.57
2584,8/30/2025 0:43,22.8,8.57
2585,8/30/2025 1:43,22.73,8.55
2586,8/30/2025 2:43,22.66,8.53
2587,8/30/2025 3:43,22.6,8.52
2588,8/30/2025 4:43,22.53,8.51
2589,8/30/2025 5:43,22.45,8.49
2590,8/30/2025 6:43,22.38,8.5
2591,8/30/2025 7:43,22.33,8.63
2592,8/30/2025 8:43,22.31,8.8
2593,8/30/2025 9:43,22.34,9.19
2594,8/30/2025 10:43,22.41,9.41
2595,8/30/2025 11:43,22.74,9.63
2596,8/30/2025 12:43,22.98,9.58
2597,8/30/2025 13:43,23.26,9.51
2598,8/30/2025 14:43,23.35,9.33
2599,8/30/2025 15:43,23.5,9.11
2600,8/30/2025 16:43,23.45,9
2601,8/30/2025 17:43,23.4,9.03
2602,8/30/2025 18:43,23.28,8.94
2603,8/30/2025 19:43,23.17,8.71
2604,8/30/2025 20:43,23.09,8.61
2605,8/30/2025 21:43,23.04,8.55
2606,8/30/2025 22:43,22.99,8.54
2607,8/30/2025 23:43,22.92,8.53
2608,8/31/2025 0:43,22.82,8.53
2609,8/31/2025 1:43,22.71,8.52
2610,8/31/2025 2:43,22.61,8.5
2611,8/31/2025 3:43,22.48,8.5
2612,8/31/2025 4:43,22.38,8.49
2613,8/31/2025 5:43,22.29,8.48
2614,8/31/2025 6:43,22.2,8.5
2615,8/31/2025 7:43,22.12,8.69
2616,8/31/2025 8:43,22.13,9.13
2617,8/31/2025 9:43,22.22,9.24
2618,8/31/2025 10:43,22.46,9.6
2619,8/31/2025 11:43,22.66,9.5
2620,8/31/2025 12:43,22.74,9.47
2621,8/31/2025 13:43,22.87,9.55
2622,8/31/2025 14:43,23.12,9.42
2623,8/31/2025 15:43,23.19,9.29
2624,8/31/2025 16:43,23.23,9.22
2625,8/31/2025 17:43,23.17,9.14
2626,8/31/2025 18:43,23.05,8.94
2627,8/31/2025 19:43,22.9,8.77
2628,8/31/2025 20:43,22.8,8.64
2629,8/31/2025 21:43,22.69,8.6
2630,8/31/2025 22:43,22.61,8.58
2631,8/31/2025 23:43,22.54,8.58
2632,9/1/2025 0:43,22.49,8.57
2633,9/1/2025 1:43,22.41,8.56
2634,9/1/2025 2:43,22.35,8.54
2635,9/1/2025 3:43,22.29,8.54
2636,9/1/2025 4:43,22.25,8.51
2637,9/1/2025 5:43,22.18,8.5
2638,9/1/2025 6:43,22.14,8.49
2639,9/1/2025 7:43,22.09,8.6
2640,9/1/2025 8:43,22.08,8.79
2641,9/1/2025 9:43,22.12,9.39
2642,9/1/2025 10:43,22.32,9.61
2643,9/1/2025 11:43,22.52,9.67
2644,9/1/2025 12:43,22.8,9.58
2645,9/1/2025 13:43,23.1,9.47
2646,9/1/2025 14:43,23.21,9.19
2647,9/1/2025 15:43,23.35,9.11
2648,9/1/2025 16:43,23.38,9.06
2649,9/1/2025 17:43,23.28,8.99
2650,9/1/2025 18:43,23.16,8.89
2651,9/1/2025 19:43,23.05,8.74
2652,9/1/2025 20:43,22.94,8.62
2653,9/1/2025 21:43,22.85,8.58
2654,9/1/2025 22:43,22.78,8.56
2655,9/1/2025 23:43,22.69,8.56
2656,9/2/2025 0:43,22.59,8.56
2657,9/2/2025 1:43,22.5,8.55
2658,9/2/2025 2:43,22.45,8.54
2659,9/2/2025 3:43,22.37,8.52
2660,9/2/2025 4:43,22.29,8.51
2661,9/2/2025 5:43,22.21,8.49
2662,9/2/2025 6:43,22.15,8.5
2663,9/2/2025 7:43,22.1,8.64
2664,9/2/2025 8:43,22.1,8.98
2665,9/2/2025 9:43,22.11,9.52
2666,9/2/2025 10:43,22.31,9.72
2667,9/2/2025 11:43,22.53,9.69
2668,9/2/2025 12:43,22.82,9.6
2669,9/2/2025 13:43,23.15,9.45
2670,9/2/2025 14:43,23.21,9.13
2671,9/2/2025 15:43,23.35,9.06
2672,9/2/2025 16:43,23.38,9.04
2673,9/2/2025 17:43,23.32,8.95
2674,9/2/2025 18:43,23.23,8.87
2675,9/2/2025 19:43,23.13,8.72
2676,9/2/2025 20:43,23.01,8.61
2677,9/2/2025 21:43,22.91,8.57
2678,9/2/2025 22:43,22.82,8.56
2679,9/2/2025 23:43,22.72,8.55
2680,9/3/2025 0:43,22.63,8.56
2681,9/3/2025 1:43,22.52,8.55
2682,9/3/2025 2:43,22.42,8.54
2683,9/3/2025 3:43,22.31,8.53
2684,9/3/2025 4:43,22.21,8.52
2685,9/3/2025 5:43,22.13,8.5
2686,9/3/2025 6:43,22.06,8.51
2687,9/3/2025 7:43,22.01,8.81
2688,9/3/2025 8:43,22.02,9.05
2689,9/3/2025 9:43,22.07,9.52
2690,9/3/2025 10:43,22.31,9.64
2691,9/3/2025 11:43,22.55,9.73
2692,9/3/2025 12:43,22.85,9.64
2693,9/3/2025 13:43,23.17,9.5
2694,9/3/2025 14:43,23.24,9.19
2695,9/3/2025 15:43,23.39,9.12
2696,9/3/2025 16:43,23.48,9.11
2697,9/3/2025 17:43,23.5,9
2698,9/3/2025 18:43,23.42,8.9
2699,9/3/2025 19:43,23.3,8.73
2700,9/3/2025 20:43,23.18,8.62
2701,9/3/2025 21:43,23.1,8.57
2702,9/3/2025 22:43,23.03,8.55
2703,9/3/2025 23:43,22.97,8.53
2704,9/4/2025 0:43,22.92,8.52
2705,9/4/2025 1:43,22.84,8.5
2706,9/4/2025 2:43,22.77,8.48
2707,9/4/2025 3:43,22.69,8.47
2708,9/4/2025 4:43,22.62,8.45
2709,9/4/2025 5:43,22.55,8.44
2710,9/4/2025 6:43,22.48,8.44
2711,9/4/2025 7:43,22.42,8.6
2712,9/4/2025 8:43,22.41,8.92
2713,9/4/2025 9:43,22.46,9.33
2714,9/4/2025 10:43,22.64,9.66
2715,9/4/2025 11:43,22.91,9.77
2716,9/4/2025 12:43,23.13,9.74
2717,9/4/2025 13:43,23.39,9.63
2718,9/4/2025 14:43,23.46,9.5
2719,9/4/2025 15:43,23.63,9.32
2720,9/4/2025 16:43,23.64,9.14
2721,9/4/2025 17:43,23.59,9.06
2722,9/4/2025 18:43,23.5,8.92
2723,9/4/2025 19:43,23.35,8.71
2724,9/4/2025 20:43,23.22,8.58
2725,9/4/2025 21:43,23.15,8.53
2726,9/4/2025 22:43,23.09,8.5
2727,9/4/2025 23:43,23.03,8.48
2728,9/5/2025 0:43,22.97,8.47
2729,9/5/2025 1:43,22.91,8.46
2730,9/5/2025 2:43,22.83,8.45
2731,9/5/2025 3:43,22.75,8.43
2732,9/5/2025 4:43,22.65,8.42
2733,9/5/2025 5:43,22.59,8.4
2734,9/5/2025 6:43,22.54,8.39
2735,9/5/2025 7:43,22.53,8.58
2736,9/5/2025 8:43,22.54,8.98
2737,9/5/2025 9:43,22.58,9.47
2738,9/5/2025 10:43,22.71,9.45
2739,9/5/2025 11:43,22.96,9.49
2740,9/5/2025 12:43,23.23,9.43
2741,9/5/2025 13:43,23.51,9.22
2742,9/5/2025 14:43,23.59,9.09
2743,9/5/2025 15:43,23.7,9.03
2744,9/5/2025 16:43,23.72,8.94
2745,9/5/2025 17:43,23.63,8.86
2746,9/5/2025 18:43,23.48,8.75
2747,9/5/2025 19:43,23.37,8.61
2748,9/5/2025 20:43,23.27,8.54
2749,9/5/2025 21:43,23.21,8.5
2750,9/5/2025 22:43,23.14,8.49
2751,9/5/2025 23:43,23.05,8.47
2752,9/6/2025 0:43,22.97,8.47
2753,9/6/2025 1:43,22.87,8.47
2754,9/6/2025 2:43,22.76,8.46
2755,9/6/2025 3:43,22.64,8.44
2756,9/6/2025 4:43,22.54,8.42
2757,9/6/2025 5:43,22.43,8.41
2758,9/6/2025 6:43,22.33,8.42
2759,9/6/2025 7:43,22.27,8.54
2760,9/6/2025 8:43,22.29,8.84
2761,9/6/2025 9:43,22.35,9.24
2762,9/6/2025 10:43,22.49,9.32
2763,9/6/2025 11:43,22.64,9.34
2764,9/6/2025 12:43,22.98,9.29
2765,9/6/2025 13:43,23.06,9.18
2766,9/6/2025 14:43,23.1,9.07
2767,9/6/2025 15:43,23.18,9.18
2768,9/6/2025 16:43,23.14,8.9
2769,9/6/2025 17:43,22.98,8.86
2770,9/6/2025 18:43,22.86,8.76
2771,9/6/2025 19:43,22.73,8.64
2772,9/6/2025 20:43,22.66,8.59
2773,9/6/2025 21:43,22.6,8.56
2774,9/6/2025 22:43,22.52,8.55
2775,9/6/2025 23:43,22.42,8.56
2776,9/7/2025 0:43,22.34,8.55
2777,9/7/2025 1:43,22.23,8.54
2778,9/7/2025 2:43,22.13,8.54
2779,9/7/2025 3:43,22.07,8.51
2780,9/7/2025 4:43,22,8.5
2781,9/7/2025 5:43,21.93,8.46
2782,9/7/2025 6:43,21.85,8.47
2783,9/7/2025 7:43,21.79,8.65
2784,9/7/2025 8:43,21.79,8.83
2785,9/7/2025 9:43,21.78,9.21
2786,9/7/2025 10:43,21.95,9.33
2787,9/7/2025 11:43,22.14,9.39
2788,9/7/2025 12:43,22.44,9.37
2789,9/7/2025 13:43,22.63,9.28
2790,9/7/2025 14:43,22.6,9.22
2791,9/7/2025 15:43,22.55,9.22
2792,9/7/2025 16:43,22.52,9.17
2793,9/7/2025 17:43,22.42,9.11
2794,9/7/2025 18:43,22.32,8.98
2795,9/7/2025 19:43,22.2,8.81
2796,9/7/2025 20:43,22.13,8.72
2797,9/7/2025 21:43,22.06,8.67
2798,9/7/2025 22:43,22.01,8.65
2799,9/7/2025 23:43,21.97,8.65
2800,9/8/2025 0:43,21.95,8.65
2801,9/8/2025 1:43,21.9,8.64
2802,9/8/2025 2:43,21.85,8.62
2803,9/8/2025 3:43,21.8,8.6
2804,9/8/2025 4:43,21.74,8.58
2805,9/8/2025 5:43,21.71,8.56
2806,9/8/2025 6:43,21.68,8.56
2807,9/8/2025 7:43,21.66,8.64
2808,9/8/2025 8:43,21.66,8.74
2809,9/8/2025 9:43,21.71,9.05
2810,9/8/2025 10:43,21.82,9.22
2811,9/8/2025 11:43,21.9,9.29
2812,9/8/2025 12:43,22.03,9.32
2813,9/8/2025 13:43,22.04,9.18
2814,9/8/2025 14:43,22.12,9.33
2815,9/8/2025 15:43,22.12,9.24
2816,9/8/2025 16:43,22.12,9.15
2817,9/8/2025 17:43,22.07,9.04
2818,9/8/2025 18:43,22.03,8.95
2819,9/8/2025 19:43,21.94,8.81
2820,9/8/2025 20:43,21.83,8.72
2821,9/8/2025 21:43,21.74,8.68
2822,9/8/2025 22:43,21.67,8.66
2823,9/8/2025 23:43,21.62,8.65
2824,9/9/2025 0:43,21.56,8.66
2825,9/9/2025 1:43,21.52,8.64
2826,9/9/2025 2:43,21.49,8.63
2827,9/9/2025 3:43,21.47,8.61
2828,9/9/2025 4:43,21.47,8.59
2829,9/9/2025 5:43,21.45,8.57
2830,9/9/2025 6:43,21.44,8.56
2831,9/9/2025 7:43,21.43,8.65
2832,9/9/2025 8:43,21.46,8.8
2833,9/9/2025 9:43,21.52,8.98
2834,9/9/2025 10:43,21.62,9.13
2835,9/9/2025 11:43,21.74,9.33
2836,9/9/2025 12:43,21.92,9.39
2837,9/9/2025 13:43,22.22,9.36
2838,9/9/2025 14:43,22.3,9.25
2839,9/9/2025 15:43,22.49,9.19
2840,9/9/2025 16:43,22.58,9.11
2841,9/9/2025 17:43,22.54,9
2842,9/9/2025 18:43,22.48,8.94
2843,9/9/2025 19:43,22.35,8.78
2844,9/9/2025 20:43,22.21,8.7
2845,9/9/2025 21:43,22.08,8.66
2846,9/9/2025 22:43,21.97,8.64
2847,9/9/2025 23:43,21.9,8.64
2848,9/10/2025 0:43,21.84,8.64
2849,9/10/2025 1:43,21.78,8.63
2850,9/10/2025 2:43,21.73,8.61
2851,9/10/2025 3:43,21.66,8.59
2852,9/10/2025 4:43,21.59,8.58
2853,9/10/2025 5:43,21.51,8.57
2854,9/10/2025 6:43,21.43,8.56
2855,9/10/2025 7:43,21.38,8.66
2856,9/10/2025 8:43,21.43,8.88
2857,9/10/2025 9:43,21.49,9.21
2858,9/10/2025 10:43,21.71,9.42
2859,9/10/2025 11:43,21.97,9.43
2860,9/10/2025 12:43,22.24,9.39
2861,9/10/2025 13:43,22.47,9.31
2862,9/10/2025 14:43,22.55,9.11
2863,9/10/2025 15:43,22.73,9.03
2864,9/10/2025 16:43,22.79,8.99
2865,9/10/2025 17:43,22.79,8.95
2866,9/10/2025 18:43,22.73,8.88
2867,9/10/2025 19:43,22.58,8.75
2868,9/10/2025 20:43,22.45,8.67
2869,9/10/2025 21:43,22.37,8.64
2870,9/10/2025 22:43,22.33,8.63
2871,9/10/2025 23:43,22.29,8.62
2872,9/11/2025 0:43,22.23,8.62
2873,9/11/2025 1:43,22.14,8.61
2874,9/11/2025 2:43,22.06,8.59
2875,9/11/2025 3:43,21.97,8.57
2876,9/11/2025 4:43,21.90,8.55
2877,9/11/2025 5:43,21.83,8.56
2878,9/11/2025 6:43,21.79,8.54
2879,9/11/2025 7:43,21.74,8.66
2880,9/11/2025 8:43,21.72,8.85
2881,9/11/2025 9:43,21.71,9.22
2882,9/11/2025 10:43,21.86,9.28
2883,9/11/2025 11:43,22.05,9.27
2884,9/11/2025 12:43,22.27,9.25
2885,9/11/2025 13:43,22.52,9.22
2886,9/11/2025 14:43,22.60,9.09
2887,9/11/2025 15:43,22.71,9.04
2888,9/11/2025 16:43,22.74,9.00
2889,9/11/2025 17:43,22.65,8.96
2890,9/11/2025 18:43,22.51,8.91
2891,9/11/2025 19:43,22.37,8.79
2892,9/11/2025 20:43,22.24,8.71
2893,9/11/2025 21:43,22.13,8.67
2894,9/11/2025 22:43,22.03,8.66
2895,9/11/2025 23:43,21.95,8.68
2896,9/12/2025 0:43,21.88,8.68
2897,9/12/2025 1:43,21.84,8.68
2898,9/12/2025 2:43,21.78,8.67
2899,9/12/2025 3:43,21.71,8.65
2900,9/12/2025 4:43,21.66,8.64
2901,9/12/2025 5:43,21.61,8.61
2902,9/12/2025 6:43,21.57,8.59
2903,9/12/2025 7:43,21.51,8.74
2904,9/12/2025 8:43,21.51,8.93
2905,9/12/2025 9:43,21.55,9.23
2906,9/12/2025 10:43,21.78,9.31
2907,9/12/2025 11:43,21.92,9.34
2908,9/12/2025 12:43,22.21,9.30
2909,9/12/2025 13:43,22.28,9.30
2910,9/12/2025 14:43,22.37,9.30
2911,9/12/2025 15:43,22.49,9.17
2912,9/12/2025 16:43,22.53,9.10
2913,9/12/2025 17:43,22.48,9.03
2914,9/12/2025 18:43,22.41,8.97
2915,9/12/2025 19:43,22.31,8.81
2916,9/12/2025 20:43,22.24,8.73
2917,9/12/2025 21:43,22.17,8.68
2918,9/12/2025 22:43,22.13,8.67
2919,9/12/2025 23:43,22.10,8.66
2920,9/13/2025 0:43,22.07,8.65
2921,9/13/2025 1:43,22.00,8.63
2922,9/13/2025 2:43,21.97,8.62
2923,9/13/2025 3:43,21.91,8.60
2924,9/13/2025 4:43,21.83,8.59
2925,9/13/2025 5:43,21.77,8.56
2926,9/13/2025 6:43,21.70,8.55
2927,9/13/2025 7:43,21.64,8.66
2928,9/13/2025 8:43,21.62,8.84
2929,9/13/2025 9:43,21.70,9.15
2930,9/13/2025 10:43,21.85,9.15
2931,9/13/2025 11:43,22.09,9.23
2932,9/13/2025 12:43,22.24,9.25
2933,9/13/2025 13:43,22.46,9.19
2934,9/13/2025 14:43,22.57,9.12
2935,9/13/2025 15:43,22.66,9.02
2936,9/13/2025 16:43,22.63,9.02
2937,9/13/2025 17:43,22.49,9.02
2938,9/13/2025 18:43,22.36,8.92
2939,9/13/2025 19:43,22.25,8.77
2940,9/13/2025 20:43,22.17,8.69
2941,9/13/2025 21:43,22.11,8.66
2942,9/13/2025 22:43,22.06,8.63
2943,9/13/2025 23:43,22.02,8.63
2944,9/14/2025 0:43,21.97,8.63
2945,9/14/2025 1:43,21.93,8.62
2946,9/14/2025 2:43,21.88,8.60
2947,9/14/2025 3:43,21.83,8.58
2948,9/14/2025 4:43,21.78,8.56
2949,9/14/2025 5:43,21.74,8.54
2950,9/14/2025 6:43,21.70,8.51
2951,9/14/2025 7:43,21.67,8.56
2952,9/14/2025 8:43,21.66,8.71
2953,9/14/2025 9:43,21.69,9.04
2954,9/14/2025 10:43,21.81,9.19
2955,9/14/2025 11:43,22.00,9.28
2956,9/14/2025 12:43,22.06,9.25
2957,9/14/2025 13:43,22.40,9.25
2958,9/14/2025 14:43,22.29,9.16
2959,9/14/2025 15:43,22.40,9.18
2960,9/14/2025 16:43,22.28,9.04
2961,9/14/2025 17:43,22.16,8.96
2962,9/14/2025 18:43,22.01,8.82
2963,9/14/2025 19:43,21.87,8.74
2964,9/14/2025 20:43,21.79,8.69
2965,9/14/2025 21:43,21.71,8.67
2966,9/14/2025 22:43,21.65,8.67
2967,9/14/2025 23:43,21.59,8.68
2968,9/15/2025 0:43,21.53,8.67
2969,9/15/2025 1:43,21.47,8.67
2970,9/15/2025 2:43,21.41,8.65
2971,9/15/2025 3:43,21.34,8.64
2972,9/15/2025 4:43,21.30,8.63
2973,9/15/2025 5:43,21.24,8.63
2974,9/15/2025 6:43,21.20,8.63
2975,9/15/2025 7:43,21.17,8.68
2976,9/15/2025 8:43,21.16,8.86
2977,9/15/2025 9:43,21.21,9.19
2978,9/15/2025 10:43,21.41,9.26
2979,9/15/2025 11:43,21.57,9.26
2980,9/15/2025 12:43,21.76,9.21
2981,9/15/2025 13:43,21.93,9.22
2982,9/15/2025 14:43,22.01,9.07
2983,9/15/2025 15:43,22.14,9.05
2984,9/15/2025 16:43,22.16,9.02
2985,9/15/2025 17:43,22.08,8.97
2986,9/15/2025 18:43,21.97,8.93
2987,9/15/2025 19:43,21.85,8.83
2988,9/15/2025 20:43,21.75,8.78
2989,9/15/2025 21:43,21.66,8.74
2990,9/15/2025 22:43,21.55,8.74
2991,9/15/2025 23:43,21.48,8.75
2992,9/16/2025 0:43,21.39,8.75
2993,9/16/2025 1:43,21.30,8.74
2994,9/16/2025 2:43,21.20,8.73
2995,9/16/2025 3:43,21.09,8.71
2996,9/16/2025 4:43,21.00,8.69
2997,9/16/2025 5:43,20.92,8.68
2998,9/16/2025 6:43,20.84,8.66
2999,9/16/2025 7:43,20.79,8.74
3000,9/16/2025 8:43,20.75,8.84
3001,9/16/2025 9:43,20.80,9.10
3002,9/16/2025 10:43,21.04,9.22
3003,9/16/2025 11:43,21.29,9.23
3004,9/16/2025 12:43,21.55,9.22
3005,9/16/2025 13:43,21.74,9.19
3006,9/16/2025 14:43,21.80,9.08
3007,9/16/2025 15:43,21.94,9.06
3008,9/16/2025 16:43,21.99,9.04
3009,9/16/2025 17:43,21.90,8.99
3010,9/16/2025 18:43,21.79,8.95
3011,9/16/2025 19:43,21.70,8.85
3012,9/16/2025 20:43,21.62,8.79
3013,9/16/2025 21:43,21.56,8.77
3014,9/16/2025 22:43,21.47,8.76
3015,9/16/2025 23:43,21.38,8.78
3016,9/17/2025 0:43,21.29,8.78
3017,9/17/2025 1:43,21.20,8.77
3018,9/17/2025 2:43,21.11,8.77
3019,9/17/2025 3:43,21.03,8.75
3020,9/17/2025 4:43,20.96,8.74
3021,9/17/2025 5:43,20.89,8.74
3022,9/17/2025 6:43,20.80,8.72
3023,9/17/2025 7:43,20.73,8.78
3024,9/17/2025 8:43,20.66,8.86
3025,9/17/2025 9:43,20.68,9.04
3026,9/17/2025 10:43,20.83,9.22
3027,9/17/2025 11:43,21.02,9.26
3028,9/17/2025 12:43,21.25,9.29
3029,9/17/2025 13:43,21.34,9.33
3030,9/17/2025 14:43,21.44,9.36
3031,9/17/2025 15:43,21.36,9.27
3032,9/17/2025 16:43,21.26,9.27
3033,9/17/2025 17:43,21.18,9.21
3034,9/17/2025 18:43,21.11,9.14
3035,9/17/2025 19:43,21.01,9.03
3036,9/17/2025 20:43,20.92,8.97
3037,9/17/2025 21:43,20.83,8.94
3038,9/17/2025 22:43,20.73,8.93
3039,9/17/2025 23:43,20.65,8.93
3040,9/18/2025 0:43,20.57,8.94
3041,9/18/2025 1:43,20.50,8.94
3042,9/18/2025 2:43,20.43,8.92
3043,9/18/2025 3:43,20.36,8.90
3044,9/18/2025 4:43,20.28,8.88
3045,9/18/2025 5:43,20.18,8.88
3046,9/18/2025 6:43,20.12,8.87
3047,9/18/2025 7:43,20.05,8.93
3048,9/18/2025 8:43,20.01,9.01
3049,9/18/2025 9:43,20.05,9.14
3050,9/18/2025 10:43,20.28,9.29
3051,9/18/2025 11:43,20.51,9.27
3052,9/18/2025 12:43,20.75,9.29
3053,9/18/2025 13:43,20.93,9.26
3054,9/18/2025 14:43,21.02,9.20
3055,9/18/2025 15:43,21.17,9.22
3056,9/18/2025 16:43,21.22,9.19
3057,9/18/2025 17:43,21.16,9.16
3058,9/18/2025 18:43,21.08,9.11
3059,9/18/2025 19:43,20.97,9.02
3060,9/18/2025 20:43,20.88,8.98
3061,9/18/2025 21:43,20.80,8.95
3062,9/18/2025 22:43,20.73,8.94
3063,9/18/2025 23:43,20.64,8.94
3064,9/19/2025 0:43,20.55,8.94
3065,9/19/2025 1:43,20.43,8.93
3066,9/19/2025 2:43,20.32,8.93
3067,9/19/2025 3:43,20.21,8.92
3068,9/19/2025 4:43,20.08,8.91
3069,9/19/2025 5:43,19.97,8.89
3070,9/19/2025 6:43,19.87,8.89
3071,9/19/2025 7:43,19.79,8.95
3072,9/19/2025 8:43,19.74,9.00
