#,"Date Time, GMT-07:00",DO,Temp
1,5/13/2025 18:00,10.35,16.1
2,5/13/2025 18:15,10.25,16.14
3,5/13/2025 18:30,10.18,16.14
4,5/13/2025 18:45,10.13,16.12
5,5/13/2025 19:00,10.11,16.14
6,5/13/2025 19:15,10.08,16.16
7,5/13/2025 19:30,10,16.16
8,5/13/2025 19:45,9.9,16.2
9,5/13/2025 20:00,9.8,16.24
10,5/13/2025 20:15,9.7,16.28
11,5/13/2025 20:30,9.6,16.3
12,5/13/2025 20:45,9.47,16.3
13,5/13/2025 21:00,9.38,16.28
14,5/13/2025 21:15,9.3,16.26
15,5/13/2025 21:30,9.24,16.22
16,5/13/2025 21:45,9.2,16.18
17,5/13/2025 22:00,9.17,16.14
18,5/13/2025 22:15,9.13,16.1
19,5/13/2025 22:30,9.08,16.06
20,5/13/2025 22:45,9.07,16.04
21,5/13/2025 23:00,9.03,16.02
22,5/13/2025 23:15,9,16
23,5/13/2025 23:30,8.97,15.98
24,5/13/2025 23:45,8.96,15.96
25,5/14/2025 0:00,8.94,15.94
26,5/14/2025 0:15,8.95,15.92
27,5/14/2025 0:30,8.93,15.88
28,5/14/2025 0:45,8.92,15.86
29,5/14/2025 1:00,8.91,15.82
30,5/14/2025 1:15,8.92,15.78
31,5/14/2025 1:30,8.91,15.74
32,5/14/2025 1:45,8.92,15.7
33,5/14/2025 2:00,8.9,15.66
34,5/14/2025 2:15,8.89,15.6
35,5/14/2025 2:30,8.89,15.56
36,5/14/2025 2:45,8.91,15.52
37,5/14/2025 3:00,8.9,15.48
38,5/14/2025 3:15,8.93,15.44
39,5/14/2025 3:30,8.91,15.42
40,5/14/2025 3:45,8.94,15.38
41,5/14/2025 4:00,8.94,15.34
42,5/14/2025 4:15,8.94,15.32
43,5/14/2025 4:30,8.96,15.28
44,5/14/2025 4:45,8.96,15.24
45,5/14/2025 5:00,8.97,15.2
46,5/14/2025 5:15,8.98,15.14
47,5/14/2025 5:30,8.98,15.1
48,5/14/2025 5:45,8.99,15.04
49,5/14/2025 6:00,8.99,14.98
50,5/14/2025 6:15,9.05,14.92
51,5/14/2025 6:30,9.09,14.88
52,5/14/2025 6:45,9.17,14.82
53,5/14/2025 7:00,9.22,14.76
54,5/14/2025 7:15,9.32,14.72
55,5/14/2025 7:30,9.41,14.68
56,5/14/2025 7:45,9.52,14.64
57,5/14/2025 8:00,9.61,14.6
58,5/14/2025 8:15,9.72,14.58
59,5/14/2025 8:30,9.77,14.58
60,5/14/2025 8:45,9.84,14.56
61,5/14/2025 9:00,9.94,14.54
62,5/14/2025 9:15,10.05,14.54
63,5/14/2025 9:30,10.14,14.56
64,5/14/2025 9:45,10.27,14.56
65,5/14/2025 10:00,10.36,14.58
66,5/14/2025 10:15,10.42,14.62
67,5/14/2025 10:30,10.46,14.64
68,5/14/2025 10:45,10.52,14.68
69,5/14/2025 11:00,10.55,14.7
70,5/14/2025 11:15,10.56,14.72
71,5/14/2025 11:30,10.65,14.76
72,5/14/2025 11:45,10.66,14.8
73,5/14/2025 12:00,10.67,14.82
74,5/14/2025 12:15,10.68,14.86
75,5/14/2025 12:30,10.71,14.88
76,5/14/2025 12:45,10.74,14.9
77,5/14/2025 13:00,10.76,14.92
78,5/14/2025 13:15,10.76,14.96
79,5/14/2025 13:30,10.78,15
80,5/14/2025 13:45,10.8,15.08
81,5/14/2025 14:00,10.85,15.16
82,5/14/2025 14:15,10.85,15.24
83,5/14/2025 14:30,10.85,15.34
84,5/14/2025 14:45,10.87,15.44
85,5/14/2025 15:00,10.91,15.56
86,5/14/2025 15:15,10.87,15.7
87,5/14/2025 15:30,10.81,15.84
88,5/14/2025 15:45,10.76,15.96
89,5/14/2025 16:00,10.74,16.08
90,5/14/2025 16:15,10.67,16.18
91,5/14/2025 16:30,10.6,16.28
92,5/14/2025 16:45,10.54,16.32
93,5/14/2025 17:00,10.52,16.36
94,5/14/2025 17:15,10.47,16.36
95,5/14/2025 17:30,10.39,16.38
96,5/14/2025 17:45,10.32,16.4
97,5/14/2025 18:00,10.25,16.44
98,5/14/2025 18:15,10.19,16.44
99,5/14/2025 18:30,10.12,16.44
100,5/14/2025 18:45,10.06,16.38
101,5/14/2025 19:00,10.02,16.32
102,5/14/2025 19:15,9.93,16.24
103,5/14/2025 19:30,9.88,16.18
104,5/14/2025 19:45,9.78,16.12
105,5/14/2025 20:00,9.73,16.06
106,5/14/2025 20:15,9.66,15.98
107,5/14/2025 20:30,9.58,15.9
108,5/14/2025 20:45,9.48,15.84
109,5/14/2025 21:00,9.42,15.76
110,5/14/2025 21:15,9.35,15.7
111,5/14/2025 21:30,9.28,15.64
112,5/14/2025 21:45,9.22,15.58
113,5/14/2025 22:00,9.18,15.54
114,5/14/2025 22:15,9.15,15.52
115,5/14/2025 22:30,9.11,15.5
116,5/14/2025 22:45,9.11,15.48
117,5/14/2025 23:00,9.07,15.48
118,5/14/2025 23:15,9.05,15.46
119,5/14/2025 23:30,9.01,15.44
120,5/14/2025 23:45,8.99,15.4
121,5/15/2025 0:00,8.97,15.36
122,5/15/2025 0:15,8.97,15.3
123,5/15/2025 0:30,8.97,15.24
124,5/15/2025 0:45,8.98,15.18
125,5/15/2025 1:00,8.98,15.12
126,5/15/2025 1:15,8.98,15.08
127,5/15/2025 1:30,9,15.04
128,5/15/2025 1:45,9,15
129,5/15/2025 2:00,9,14.96
130,5/15/2025 2:15,9,14.92
131,5/15/2025 2:30,9.01,14.86
132,5/15/2025 2:45,9.01,14.82
133,5/15/2025 3:00,8.99,14.78
134,5/15/2025 3:15,8.99,14.72
135,5/15/2025 3:30,9.02,14.66
136,5/15/2025 3:45,9.02,14.6
137,5/15/2025 4:00,9.02,14.54
138,5/15/2025 4:15,9.03,14.46
139,5/15/2025 4:30,9.05,14.4
140,5/15/2025 4:45,9.07,14.34
141,5/15/2025 5:00,9.09,14.26
142,5/15/2025 5:15,9.1,14.2
143,5/15/2025 5:30,9.16,14.12
144,5/15/2025 5:45,9.19,14.04
145,5/15/2025 6:00,9.22,13.96
146,5/15/2025 6:15,9.29,13.88
147,5/15/2025 6:30,9.35,13.82
148,5/15/2025 6:45,9.44,13.76
149,5/15/2025 7:00,9.55,13.68
150,5/15/2025 7:15,9.64,13.62
151,5/15/2025 7:30,9.77,13.58
152,5/15/2025 7:45,9.9,13.54
153,5/15/2025 8:00,10.03,13.5
154,5/15/2025 8:15,10.12,13.5
155,5/15/2025 8:30,10.19,13.48
156,5/15/2025 8:45,10.29,13.46
157,5/15/2025 9:00,10.4,13.46
158,5/15/2025 9:15,10.47,13.48
159,5/15/2025 9:30,10.5,13.48
160,5/15/2025 9:45,10.52,13.5
161,5/15/2025 10:00,10.5,13.5
162,5/15/2025 10:15,10.48,13.5
163,5/15/2025 10:30,10.46,13.5
164,5/15/2025 10:45,10.47,13.5
165,5/15/2025 11:00,10.5,13.5
166,5/15/2025 11:15,10.54,13.5
167,5/15/2025 11:30,10.63,13.5
168,5/15/2025 11:45,10.69,13.52
169,5/15/2025 12:00,10.72,13.52
170,5/15/2025 12:15,10.77,13.54
171,5/15/2025 12:30,10.81,13.54
172,5/15/2025 12:45,10.86,13.56
173,5/15/2025 13:00,10.9,13.58
174,5/15/2025 13:15,10.92,13.6
175,5/15/2025 13:30,10.96,13.62
176,5/15/2025 13:45,10.89,13.64
177,5/15/2025 14:00,10.81,13.62
178,5/15/2025 14:15,10.81,13.64
179,5/15/2025 14:30,10.83,13.64
180,5/15/2025 14:45,10.88,13.64
181,5/15/2025 15:00,10.88,13.64
182,5/15/2025 15:15,10.83,13.66
183,5/15/2025 15:30,10.78,13.66
184,5/15/2025 15:45,10.8,13.66
185,5/15/2025 16:00,10.77,13.66
186,5/15/2025 16:15,10.8,13.68
187,5/15/2025 16:30,10.8,13.68
188,5/15/2025 16:45,10.76,13.68
189,5/15/2025 17:00,10.72,13.68
190,5/15/2025 17:15,10.66,13.68
191,5/15/2025 17:30,10.63,13.68
192,5/15/2025 17:45,10.59,13.68
193,5/15/2025 18:00,10.59,13.66
194,5/15/2025 18:15,10.58,13.66
195,5/15/2025 18:30,10.55,13.64
196,5/15/2025 18:45,10.53,13.64
197,5/15/2025 19:00,10.51,13.62
198,5/15/2025 19:15,10.48,13.62
199,5/15/2025 19:30,10.41,13.6
200,5/15/2025 19:45,10.31,13.58
201,5/15/2025 20:00,10.22,13.58
202,5/15/2025 20:15,10.1,13.56
203,5/15/2025 20:30,10.03,13.54
204,5/15/2025 20:45,9.97,13.52
205,5/15/2025 21:00,9.9,13.5
206,5/15/2025 21:15,9.82,13.48
207,5/15/2025 21:30,9.74,13.44
208,5/15/2025 21:45,9.7,13.42
209,5/15/2025 22:00,9.66,13.38
210,5/15/2025 22:15,9.64,13.36
211,5/15/2025 22:30,9.6,13.34
212,5/15/2025 22:45,9.57,13.32
213,5/15/2025 23:00,9.59,13.3
214,5/15/2025 23:15,9.55,13.28
215,5/15/2025 23:30,9.54,13.28
216,5/15/2025 23:45,9.52,13.26
217,5/16/2025 0:00,9.48,13.26
218,5/16/2025 0:15,9.46,13.24
219,5/16/2025 0:30,9.46,13.24
220,5/16/2025 0:45,9.46,13.22
221,5/16/2025 1:00,9.46,13.22
222,5/16/2025 1:15,9.45,13.2
223,5/16/2025 1:30,9.44,13.18
224,5/16/2025 1:45,9.41,13.18
225,5/16/2025 2:00,9.38,13.16
226,5/16/2025 2:15,9.37,13.14
227,5/16/2025 2:30,9.35,13.12
228,5/16/2025 2:45,9.35,13.12
229,5/16/2025 3:00,9.35,13.1
230,5/16/2025 3:15,9.35,13.08
231,5/16/2025 3:30,9.35,13.06
232,5/16/2025 3:45,9.35,13.04
233,5/16/2025 4:00,9.36,13.02
234,5/16/2025 4:15,9.36,13
235,5/16/2025 4:30,9.35,12.98
236,5/16/2025 4:45,9.35,12.96
237,5/16/2025 5:00,9.34,12.92
238,5/16/2025 5:15,9.32,12.9
239,5/16/2025 5:30,9.35,12.88
240,5/16/2025 5:45,9.35,12.86
241,5/16/2025 6:00,9.37,12.84
242,5/16/2025 6:15,9.36,12.82
243,5/16/2025 6:30,9.39,12.8
244,5/16/2025 6:45,9.41,12.78
245,5/16/2025 7:00,9.44,12.76
246,5/16/2025 7:15,9.46,12.74
247,5/16/2025 7:30,9.53,12.72
248,5/16/2025 7:45,9.59,12.7
249,5/16/2025 8:00,9.65,12.7
250,5/16/2025 8:15,9.72,12.68
251,5/16/2025 8:30,9.8,12.66
252,5/16/2025 8:45,9.89,12.66
253,5/16/2025 9:00,9.99,12.66
254,5/16/2025 9:15,10.08,12.66
255,5/16/2025 9:30,10.15,12.66
256,5/16/2025 9:45,10.24,12.66
257,5/16/2025 10:00,10.28,12.66
258,5/16/2025 10:15,10.28,12.66
259,5/16/2025 10:30,10.29,12.66
260,5/16/2025 10:45,10.35,12.66
261,5/16/2025 11:00,10.39,12.68
262,5/16/2025 11:15,10.4,12.68
263,5/16/2025 11:30,10.51,12.7
264,5/16/2025 11:45,10.63,12.72
265,5/16/2025 12:00,10.69,12.76
266,5/16/2025 12:15,10.73,12.78
267,5/16/2025 12:30,10.72,12.8
268,5/16/2025 12:45,10.69,12.82
269,5/16/2025 13:00,10.69,12.86
270,5/16/2025 13:15,10.75,12.88
271,5/16/2025 13:30,10.82,12.9
272,5/16/2025 13:45,10.89,12.94
273,5/16/2025 14:00,10.96,12.98
274,5/16/2025 14:15,10.96,13.02
275,5/16/2025 14:30,11,13.06
276,5/16/2025 14:45,10.97,13.1
277,5/16/2025 15:00,11,13.16
278,5/16/2025 15:15,11,13.22
279,5/16/2025 15:30,10.98,13.26
280,5/16/2025 15:45,10.91,13.28
281,5/16/2025 16:00,10.84,13.3
282,5/16/2025 16:15,10.76,13.32
283,5/16/2025 16:30,10.69,13.32
284,5/16/2025 16:45,10.63,13.32
285,5/16/2025 17:00,10.59,13.32
286,5/16/2025 17:15,10.46,13.32
287,5/16/2025 17:30,10.4,13.3
288,5/16/2025 17:45,10.31,13.28
289,5/16/2025 18:00,10.29,13.26
290,5/16/2025 18:15,10.27,13.24
291,5/16/2025 18:30,10.27,13.24
292,5/16/2025 18:45,10.26,13.22
293,5/16/2025 19:00,10.19,13.2
294,5/16/2025 19:15,10.11,13.18
295,5/16/2025 19:30,10.04,13.14
296,5/16/2025 19:45,9.98,13.12
297,5/16/2025 20:00,9.9,13.1
298,5/16/2025 20:15,9.83,13.1
299,5/16/2025 20:30,9.75,13.08
300,5/16/2025 20:45,9.69,13.08
301,5/16/2025 21:00,9.63,13.06
302,5/16/2025 21:15,9.57,13.06
303,5/16/2025 21:30,9.53,13.04
304,5/16/2025 21:45,9.5,13.04
305,5/16/2025 22:00,9.46,13.02
306,5/16/2025 22:15,9.44,13.02
307,5/16/2025 22:30,9.41,13.02
308,5/16/2025 22:45,9.4,13.02
309,5/16/2025 23:00,9.38,13.02
310,5/16/2025 23:15,9.35,13
311,5/16/2025 23:30,9.34,13
312,5/16/2025 23:45,9.35,13
313,5/17/2025 0:00,9.35,12.98
314,5/17/2025 0:15,9.33,12.98
315,5/17/2025 0:30,9.32,12.98
316,5/17/2025 0:45,9.31,13
317,5/17/2025 1:00,9.31,13
318,5/17/2025 1:15,9.3,13
319,5/17/2025 1:30,9.28,13
320,5/17/2025 1:45,9.29,13
321,5/17/2025 2:00,9.27,13
322,5/17/2025 2:15,9.25,13
323,5/17/2025 2:30,9.25,12.98
324,5/17/2025 2:45,9.24,12.98
325,5/17/2025 3:00,9.26,12.96
326,5/17/2025 3:15,9.26,12.94
327,5/17/2025 3:30,9.26,12.92
328,5/17/2025 3:45,9.27,12.92
329,5/17/2025 4:00,9.27,12.9
330,5/17/2025 4:15,9.24,12.9
331,5/17/2025 4:30,9.25,12.88
332,5/17/2025 4:45,9.26,12.86
333,5/17/2025 5:00,9.26,12.86
334,5/17/2025 5:15,9.26,12.84
335,5/17/2025 5:30,9.24,12.84
336,5/17/2025 5:45,9.24,12.82
337,5/17/2025 6:00,9.25,12.82
338,5/17/2025 6:15,9.27,12.8
339,5/17/2025 6:30,9.31,12.8
340,5/17/2025 6:45,9.32,12.8
341,5/17/2025 7:00,9.39,12.8
342,5/17/2025 7:15,9.46,12.8
343,5/17/2025 7:30,9.55,12.8
344,5/17/2025 7:45,9.62,12.8
345,5/17/2025 8:00,9.71,12.8
346,5/17/2025 8:15,9.81,12.82
347,5/17/2025 8:30,9.89,12.82
348,5/17/2025 8:45,9.97,12.84
349,5/17/2025 9:00,10.02,12.86
350,5/17/2025 9:15,10.04,12.88
351,5/17/2025 9:30,10.09,12.9
352,5/17/2025 9:45,10.2,12.92
353,5/17/2025 10:00,10.25,12.96
354,5/17/2025 10:15,10.37,13
355,5/17/2025 10:30,10.43,13.06
356,5/17/2025 10:45,10.49,13.12
357,5/17/2025 11:00,10.53,13.18
358,5/17/2025 11:15,10.58,13.26
359,5/17/2025 11:30,10.63,13.34
360,5/17/2025 11:45,10.67,13.4
361,5/17/2025 12:00,10.7,13.46
362,5/17/2025 12:15,10.74,13.54
363,5/17/2025 12:30,10.74,13.62
364,5/17/2025 12:45,10.71,13.66
365,5/17/2025 13:00,10.74,13.72
366,5/17/2025 13:15,10.74,13.78
367,5/17/2025 13:30,10.74,13.82
368,5/17/2025 13:45,10.73,13.86
369,5/17/2025 14:00,10.72,13.9
370,5/17/2025 14:15,10.74,13.98
371,5/17/2025 14:30,10.76,14.04
372,5/17/2025 14:45,10.76,14.1
373,5/17/2025 15:00,10.78,14.16
374,5/17/2025 15:15,10.74,14.22
375,5/17/2025 15:30,10.73,14.28
376,5/17/2025 15:45,10.7,14.34
377,5/17/2025 16:00,10.67,14.38
378,5/17/2025 16:15,10.67,14.46
379,5/17/2025 16:30,10.54,14.48
380,5/17/2025 16:45,10.46,14.48
381,5/17/2025 17:00,10.41,14.5
382,5/17/2025 17:15,10.42,14.48
383,5/17/2025 17:30,10.42,14.48
384,5/17/2025 17:45,10.38,14.5
385,5/17/2025 18:00,10.32,14.52
386,5/17/2025 18:15,10.27,14.54
387,5/17/2025 18:30,10.18,14.52
388,5/17/2025 18:45,10.15,14.52
389,5/17/2025 19:00,10.13,14.52
390,5/17/2025 19:15,10.06,14.52
391,5/17/2025 19:30,9.99,14.5
392,5/17/2025 19:45,9.93,14.48
393,5/17/2025 20:00,9.83,14.46
394,5/17/2025 20:15,9.73,14.46
395,5/17/2025 20:30,9.64,14.44
396,5/17/2025 20:45,9.54,14.4
397,5/17/2025 21:00,9.43,14.38
398,5/17/2025 21:15,9.37,14.34
399,5/17/2025 21:30,9.33,14.28
400,5/17/2025 21:45,9.24,14.24
401,5/17/2025 22:00,9.19,14.2
402,5/17/2025 22:15,9.18,14.16
403,5/17/2025 22:30,9.16,14.12
404,5/17/2025 22:45,9.12,14.12
405,5/17/2025 23:00,9.11,14.1
406,5/17/2025 23:15,9.09,14.1
407,5/17/2025 23:30,9.06,14.08
408,5/17/2025 23:45,9.02,14.08
409,5/18/2025 0:00,9,14.06
410,5/18/2025 0:15,9.01,14.04
411,5/18/2025 0:30,8.98,14
412,5/18/2025 0:45,8.99,13.98
413,5/18/2025 1:00,8.99,13.94
414,5/18/2025 1:15,8.95,13.9
415,5/18/2025 1:30,8.97,13.86
416,5/18/2025 1:45,8.98,13.84
417,5/18/2025 2:00,8.96,13.8
418,5/18/2025 2:15,8.95,13.78
419,5/18/2025 2:30,8.97,13.74
420,5/18/2025 2:45,8.97,13.7
421,5/18/2025 3:00,8.96,13.68
422,5/18/2025 3:15,8.99,13.64
423,5/18/2025 3:30,8.99,13.6
424,5/18/2025 3:45,9.01,13.56
425,5/18/2025 4:00,9.03,13.5
426,5/18/2025 4:15,9.02,13.46
427,5/18/2025 4:30,9.04,13.42
428,5/18/2025 4:45,9.05,13.36
429,5/18/2025 5:00,9.06,13.32
430,5/18/2025 5:15,9.08,13.26
431,5/18/2025 5:30,9.08,13.2
432,5/18/2025 5:45,9.12,13.16
433,5/18/2025 6:00,9.16,13.1
434,5/18/2025 6:15,9.18,13.06
435,5/18/2025 6:30,9.24,13
436,5/18/2025 6:45,9.28,12.96
437,5/18/2025 7:00,9.34,12.9
438,5/18/2025 7:15,9.44,12.84
439,5/18/2025 7:30,9.56,12.8
440,5/18/2025 7:45,9.68,12.76
441,5/18/2025 8:00,9.77,12.74
442,5/18/2025 8:15,9.95,12.76
443,5/18/2025 8:30,10.04,12.76
444,5/18/2025 8:45,10.11,12.76
445,5/18/2025 9:00,10.23,12.8
446,5/18/2025 9:15,10.29,12.84
447,5/18/2025 9:30,10.37,12.88
448,5/18/2025 9:45,10.42,12.92
449,5/18/2025 10:00,10.47,12.96
450,5/18/2025 10:15,10.52,12.98
451,5/18/2025 10:30,10.55,13.02
452,5/18/2025 10:45,10.64,13.08
453,5/18/2025 11:00,10.67,13.14
454,5/18/2025 11:15,10.7,13.2
455,5/18/2025 11:30,10.68,13.24
456,5/18/2025 11:45,10.72,13.3
457,5/18/2025 12:00,10.72,13.36
458,5/18/2025 12:15,10.77,13.42
459,5/18/2025 12:30,10.82,13.54
460,5/18/2025 12:45,10.87,13.68
461,5/18/2025 13:00,10.92,13.84
462,5/18/2025 13:15,10.9,14
463,5/18/2025 13:30,10.85,14.12
464,5/18/2025 13:45,10.84,14.24
465,5/18/2025 14:00,10.85,14.36
466,5/18/2025 14:15,10.84,14.46
467,5/18/2025 14:30,10.88,14.58
468,5/18/2025 14:45,10.87,14.7
469,5/18/2025 15:00,10.86,14.78
470,5/18/2025 15:15,10.81,14.86
471,5/18/2025 15:30,10.79,14.94
472,5/18/2025 15:45,10.77,15.06
473,5/18/2025 16:00,10.7,15.16
474,5/18/2025 16:15,10.66,15.24
475,5/18/2025 16:30,10.64,15.3
476,5/18/2025 16:45,10.6,15.34
477,5/18/2025 17:00,10.53,15.38
478,5/18/2025 17:15,10.52,15.42
479,5/18/2025 17:30,10.45,15.44
480,5/18/2025 17:45,10.39,15.4
481,5/18/2025 18:00,10.31,15.36
482,5/18/2025 18:15,10.26,15.34
483,5/18/2025 18:30,10.22,15.3
484,5/18/2025 18:45,10.13,15.26
485,5/18/2025 19:00,10.05,15.22
486,5/18/2025 19:15,9.95,15.18
487,5/18/2025 19:30,9.87,15.12
488,5/18/2025 19:45,9.79,15.08
489,5/18/2025 20:00,9.75,15
490,5/18/2025 20:15,9.65,14.94
491,5/18/2025 20:30,9.58,14.84
492,5/18/2025 20:45,9.53,14.78
493,5/18/2025 21:00,9.43,14.68
494,5/18/2025 21:15,9.33,14.6
495,5/18/2025 21:30,9.27,14.52
496,5/18/2025 21:45,9.23,14.44
497,5/18/2025 22:00,9.2,14.36
498,5/18/2025 22:15,9.16,14.3
499,5/18/2025 22:30,9.17,14.24
500,5/18/2025 22:45,9.11,14.18
501,5/18/2025 23:00,9.16,14.14
502,5/18/2025 23:15,9.12,14.1
503,5/18/2025 23:30,9.13,14.06
504,5/18/2025 23:45,9.08,14.04
505,5/19/2025 0:00,9.07,14.02
506,5/19/2025 0:15,9.05,14
507,5/19/2025 0:30,9.05,14
508,5/19/2025 0:45,9.05,13.98
509,5/19/2025 1:00,9.07,13.96
510,5/19/2025 1:15,9.07,13.94
511,5/19/2025 1:30,9.03,13.92
512,5/19/2025 1:45,9.03,13.88
513,5/19/2025 2:00,9.03,13.86
514,5/19/2025 2:15,9.02,13.82
515,5/19/2025 2:30,9.02,13.76
516,5/19/2025 2:45,9.03,13.72
517,5/19/2025 3:00,9.04,13.66
518,5/19/2025 3:15,9.04,13.6
519,5/19/2025 3:30,9.03,13.54
520,5/19/2025 3:45,9.08,13.46
521,5/19/2025 4:00,9.11,13.4
522,5/19/2025 4:15,9.1,13.32
523,5/19/2025 4:30,9.1,13.26
524,5/19/2025 4:45,9.15,13.18
525,5/19/2025 5:00,9.18,13.12
526,5/19/2025 5:15,9.2,13.06
527,5/19/2025 5:30,9.21,12.98
528,5/19/2025 5:45,9.22,12.92
529,5/19/2025 6:00,9.28,12.86
530,5/19/2025 6:15,9.3,12.8
531,5/19/2025 6:30,9.34,12.74
532,5/19/2025 6:45,9.34,12.7
533,5/19/2025 7:00,9.29,12.66
534,5/19/2025 7:15,9.3,12.62
535,5/19/2025 7:30,9.41,12.58
536,5/19/2025 7:45,9.48,12.56
537,5/19/2025 8:00,9.61,12.56
538,5/19/2025 8:15,9.87,12.58
539,5/19/2025 8:30,9.96,12.6
540,5/19/2025 8:45,10.11,12.64
541,5/19/2025 9:00,10.23,12.68
542,5/19/2025 9:15,10.3,12.74
543,5/19/2025 9:30,10.29,12.78
544,5/19/2025 9:45,10.39,12.84
545,5/19/2025 10:00,10.46,12.94
546,5/19/2025 10:15,10.48,13
547,5/19/2025 10:30,10.5,13.02
548,5/19/2025 10:45,10.56,13.1
549,5/19/2025 11:00,10.55,13.16
550,5/19/2025 11:15,10.59,13.18
551,5/19/2025 11:30,10.64,13.26
552,5/19/2025 11:45,10.7,13.34
553,5/19/2025 12:00,10.78,13.4
554,5/19/2025 12:15,10.83,13.46
555,5/19/2025 12:30,10.86,13.54
556,5/19/2025 12:45,10.87,13.62
557,5/19/2025 13:00,10.89,13.72
558,5/19/2025 13:15,10.92,13.8
559,5/19/2025 13:30,10.95,13.9
560,5/19/2025 13:45,10.98,13.98
561,5/19/2025 14:00,10.92,14.02
562,5/19/2025 14:15,10.88,14.08
563,5/19/2025 14:30,10.69,14.08
564,5/19/2025 14:45,10.81,14.06
565,5/19/2025 15:00,10.75,14.02
566,5/19/2025 15:15,10.64,13.98
567,5/19/2025 15:30,10.83,13.94
568,5/19/2025 15:45,10.82,13.9
569,5/19/2025 16:00,10.84,13.86
570,5/19/2025 16:15,10.83,13.84
571,5/19/2025 16:30,10.85,13.82
572,5/19/2025 16:45,10.83,13.8
573,5/19/2025 17:00,10.79,13.78
574,5/19/2025 17:15,10.74,13.76
575,5/19/2025 17:30,10.71,13.76
576,5/19/2025 17:45,10.64,13.74
577,5/19/2025 18:00,10.56,13.74
578,5/19/2025 18:15,10.54,13.76
579,5/19/2025 18:30,10.46,13.76
580,5/19/2025 18:45,10.42,13.78
581,5/19/2025 19:00,10.39,13.82
582,5/19/2025 19:15,10.31,13.86
583,5/19/2025 19:30,10.25,13.88
584,5/19/2025 19:45,10.18,13.92
585,5/19/2025 20:00,10.11,13.96
586,5/19/2025 20:15,10,14
587,5/19/2025 20:30,9.87,14.04
588,5/19/2025 20:45,9.75,14.08
589,5/19/2025 21:00,9.62,14.12
590,5/19/2025 21:15,9.51,14.14
591,5/19/2025 21:30,9.41,14.14
592,5/19/2025 21:45,9.36,14.14
593,5/19/2025 22:00,9.28,14.12
594,5/19/2025 22:15,9.25,14.1
595,5/19/2025 22:30,9.23,14.08
596,5/19/2025 22:45,9.2,14.04
597,5/19/2025 23:00,9.18,14
598,5/19/2025 23:15,9.18,13.96
599,5/19/2025 23:30,9.21,13.92
600,5/19/2025 23:45,9.2,13.88
601,5/20/2025 0:00,9.19,13.84
602,5/20/2025 0:15,9.2,13.78
603,5/20/2025 0:30,9.21,13.72
604,5/20/2025 0:45,9.21,13.68
605,5/20/2025 1:00,9.19,13.62
606,5/20/2025 1:15,9.21,13.58
607,5/20/2025 1:30,9.2,13.54
608,5/20/2025 1:45,9.21,13.48
609,5/20/2025 2:00,9.19,13.44
610,5/20/2025 2:15,9.21,13.4
611,5/20/2025 2:30,9.19,13.36
612,5/20/2025 2:45,9.22,13.32
613,5/20/2025 3:00,9.21,13.26
614,5/20/2025 3:15,9.2,13.22
615,5/20/2025 3:30,9.24,13.18
616,5/20/2025 3:45,9.24,13.14
617,5/20/2025 4:00,9.23,13.08
618,5/20/2025 4:15,9.24,13.04
619,5/20/2025 4:30,9.29,13
620,5/20/2025 4:45,9.27,12.96
621,5/20/2025 5:00,9.29,12.92
622,5/20/2025 5:15,9.27,12.88
623,5/20/2025 5:30,9.24,12.86
624,5/20/2025 5:45,9.27,12.82
625,5/20/2025 6:00,9.28,12.78
626,5/20/2025 6:15,9.29,12.74
627,5/20/2025 6:30,9.37,12.7
628,5/20/2025 6:45,9.43,12.66
629,5/20/2025 7:00,9.51,12.64
630,5/20/2025 7:15,9.57,12.62
631,5/20/2025 7:30,9.67,12.6
632,5/20/2025 7:45,9.81,12.6
633,5/20/2025 8:00,9.93,12.58
634,5/20/2025 8:15,9.95,12.58
635,5/20/2025 8:30,9.95,12.58
636,5/20/2025 8:45,10.06,12.6
637,5/20/2025 9:00,10.11,12.6
638,5/20/2025 9:15,10.19,12.6
639,5/20/2025 9:30,10.25,12.62
640,5/20/2025 9:45,10.33,12.64
641,5/20/2025 10:00,10.42,12.68
642,5/20/2025 10:15,10.49,12.74
643,5/20/2025 10:30,10.6,12.84
644,5/20/2025 10:45,10.67,12.9
645,5/20/2025 11:00,10.74,13.04
646,5/20/2025 11:15,10.76,13.14
647,5/20/2025 11:30,10.68,13.14
648,5/20/2025 11:45,10.66,13.16
649,5/20/2025 12:00,10.64,13.2
650,5/20/2025 12:15,10.68,13.26
651,5/20/2025 12:30,10.72,13.28
652,5/20/2025 12:45,10.73,13.4
653,5/20/2025 13:00,10.73,13.46
654,5/20/2025 13:15,10.68,13.48
655,5/20/2025 13:30,10.75,13.54
656,5/20/2025 13:45,10.77,13.62
657,5/20/2025 14:00,10.81,13.68
658,5/20/2025 14:15,10.87,13.8
659,5/20/2025 14:30,10.91,13.9
660,5/20/2025 14:45,10.86,14.02
661,5/20/2025 15:00,10.89,14.16
662,5/20/2025 15:15,10.85,14.34
663,5/20/2025 15:30,10.81,14.46
664,5/20/2025 15:45,10.88,14.6
665,5/20/2025 16:00,10.8,14.72
666,5/20/2025 16:15,10.75,14.8
667,5/20/2025 16:30,10.68,14.86
668,5/20/2025 16:45,10.55,14.88
669,5/20/2025 17:00,10.55,14.88
670,5/20/2025 17:15,10.58,14.94
671,5/20/2025 17:30,10.44,14.98
672,5/20/2025 17:45,10.41,14.96
673,5/20/2025 18:00,10.37,14.94
674,5/20/2025 18:15,10.28,14.9
675,5/20/2025 18:30,10.29,14.88
676,5/20/2025 18:45,10.31,14.84
677,5/20/2025 19:00,10.28,14.8
678,5/20/2025 19:15,10.2,14.78
679,5/20/2025 19:30,10.09,14.78
680,5/20/2025 19:45,9.98,14.76
681,5/20/2025 20:00,9.9,14.74
682,5/20/2025 20:15,9.79,14.72
683,5/20/2025 20:30,9.68,14.7
684,5/20/2025 20:45,9.54,14.66
685,5/20/2025 21:00,9.46,14.64
686,5/20/2025 21:15,9.41,14.58
687,5/20/2025 21:30,9.32,14.54
688,5/20/2025 21:45,9.31,14.46
689,5/20/2025 22:00,9.27,14.42
690,5/20/2025 22:15,9.1,14.36
691,5/20/2025 22:30,9.16,14.3
692,5/20/2025 22:45,9.1,14.26
693,5/20/2025 23:00,9.06,14.22
694,5/20/2025 23:15,9.04,14.18
695,5/20/2025 23:30,9.02,14.16
696,5/20/2025 23:45,9.06,14.14
697,5/21/2025 0:00,9.1,14.14
698,5/21/2025 0:15,9.03,14.16
699,5/21/2025 0:30,9.05,14.16
700,5/21/2025 0:45,8.98,14.16
701,5/21/2025 1:00,9.01,14.18
702,5/21/2025 1:15,9.01,14.18
703,5/21/2025 1:30,8.97,14.16
704,5/21/2025 1:45,8.99,14.14
705,5/21/2025 2:00,8.98,14.12
706,5/21/2025 2:15,9,14.08
707,5/21/2025 2:30,8.99,14.04
708,5/21/2025 2:45,8.97,14.02
709,5/21/2025 3:00,8.97,13.98
710,5/21/2025 3:15,8.99,13.94
711,5/21/2025 3:30,9.04,13.9
712,5/21/2025 3:45,9.03,13.86
713,5/21/2025 4:00,9.04,13.82
714,5/21/2025 4:15,9.04,13.78
715,5/21/2025 4:30,9.03,13.72
716,5/21/2025 4:45,9,13.68
717,5/21/2025 5:00,9.06,13.62
718,5/21/2025 5:15,9.07,13.58
719,5/21/2025 5:30,9.07,13.52
720,5/21/2025 5:45,9.09,13.48
721,5/21/2025 6:00,9.11,13.44
722,5/21/2025 6:15,9.17,13.4
723,5/21/2025 6:30,9.21,13.36
724,5/21/2025 6:45,9.26,13.32
725,5/21/2025 7:00,9.32,13.3
726,5/21/2025 7:15,9.39,13.28
727,5/21/2025 7:30,9.45,13.26
728,5/21/2025 7:45,9.59,13.24
729,5/21/2025 8:00,9.76,13.24
730,5/21/2025 8:15,9.89,13.26
731,5/21/2025 8:30,9.96,13.24
732,5/21/2025 8:45,10,13.24
733,5/21/2025 9:00,10.12,13.26
734,5/21/2025 9:15,10.19,13.28
735,5/21/2025 9:30,10.26,13.34
736,5/21/2025 9:45,10.37,13.38
737,5/21/2025 10:00,10.44,13.44
738,5/21/2025 10:15,10.54,13.54
739,5/21/2025 10:30,10.55,13.64
740,5/21/2025 10:45,10.63,13.74
741,5/21/2025 11:00,10.67,13.84
742,5/21/2025 11:15,10.74,13.96
743,5/21/2025 11:30,10.75,14.08
744,5/21/2025 11:45,10.74,14.18
745,5/21/2025 12:00,10.74,14.26
746,5/21/2025 12:15,10.78,14.34
747,5/21/2025 12:30,10.85,14.48
748,5/21/2025 12:45,10.87,14.64
749,5/21/2025 13:00,10.84,14.72
750,5/21/2025 13:15,10.82,14.84
751,5/21/2025 13:30,10.77,14.94
752,5/21/2025 13:45,10.78,15.04
753,5/21/2025 14:00,10.79,15.1
754,5/21/2025 14:15,10.8,15.18
755,5/21/2025 14:30,10.8,15.24
756,5/21/2025 15:05,10.92,15.41
757,5/21/2025 16:05,10.75,15.33
758,5/21/2025 17:05,10.7,14.99
759,5/21/2025 18:05,10.5,14.62
760,5/21/2025 19:05,10.33,14.53
761,5/21/2025 20:05,10.09,14.42
762,5/21/2025 21:05,9.68,14.28
763,5/21/2025 22:05,9.37,14.1
764,5/21/2025 23:05,9.31,13.98
765,5/22/2025 0:05,9.25,13.88
766,5/22/2025 1:05,9.16,13.79
767,5/22/2025 2:05,9.14,13.71
768,5/22/2025 3:05,9.12,13.61
769,5/22/2025 4:05,9.11,13.49
770,5/22/2025 5:05,9.13,13.33
771,5/22/2025 6:05,9.2,13.17
772,5/22/2025 7:05,9.42,13
773,5/22/2025 8:05,9.79,12.9
774,5/22/2025 9:05,10.19,13.02
775,5/22/2025 10:05,10.55,13.28
776,5/22/2025 11:05,10.65,13.6
777,5/22/2025 12:05,10.88,14.08
778,5/22/2025 13:05,10.88,14.35
779,5/22/2025 14:05,10.81,14.55
780,5/22/2025 15:05,10.75,14.58
781,5/22/2025 16:05,10.79,14.73
782,5/22/2025 17:05,10.59,14.98
783,5/22/2025 18:05,10.43,15.19
784,5/22/2025 19:05,10.02,15.36
785,5/22/2025 20:05,9.78,15.33
786,5/22/2025 21:05,9.41,15.07
787,5/22/2025 22:05,9.17,14.84
788,5/22/2025 23:05,9.1,14.58
789,5/23/2025 0:05,9.08,14.32
790,5/23/2025 1:05,9.01,14.18
791,5/23/2025 2:05,9.03,14.1
792,5/23/2025 3:05,9,14.02
793,5/23/2025 4:05,9.02,13.87
794,5/23/2025 5:05,9.04,13.69
795,5/23/2025 6:05,9.11,13.49
796,5/23/2025 7:05,9.36,13.22
797,5/23/2025 8:05,9.76,13.08
798,5/23/2025 9:05,10.17,13.2
799,5/23/2025 10:05,10.57,13.43
800,5/23/2025 11:05,10.81,13.83
801,5/23/2025 12:05,10.88,14.13
802,5/23/2025 13:05,10.97,14.48
803,5/23/2025 14:05,10.93,14.74
804,5/23/2025 15:05,10.94,14.93
805,5/23/2025 16:05,10.89,15.04
806,5/23/2025 17:05,10.79,15.07
807,5/23/2025 18:05,10.65,15.27
808,5/23/2025 19:05,10.3,15.39
809,5/23/2025 20:05,9.88,15.35
810,5/23/2025 21:05,9.46,15.23
811,5/23/2025 22:05,9.09,15.18
812,5/23/2025 23:05,8.94,15.21
813,5/24/2025 0:05,8.82,15.22
814,5/24/2025 1:05,8.79,15.12
815,5/24/2025 2:05,8.8,14.91
816,5/24/2025 3:05,8.81,14.69
817,5/24/2025 4:05,8.85,14.51
818,5/24/2025 5:05,8.88,14.32
819,5/24/2025 6:05,8.98,14.08
820,5/24/2025 7:05,9.29,13.89
821,5/24/2025 8:05,9.66,13.75
822,5/24/2025 9:05,10.04,13.84
823,5/24/2025 10:05,10.36,14.05
824,5/24/2025 11:05,10.56,14.47
825,5/24/2025 12:05,10.66,14.95
826,5/24/2025 13:05,10.72,15.46
827,5/24/2025 14:05,10.71,15.97
828,5/24/2025 15:05,10.64,16.41
829,5/24/2025 16:05,10.49,16.61
830,5/24/2025 17:05,10.3,16.78
831,5/24/2025 18:05,10.07,16.86
832,5/24/2025 19:05,9.73,16.82
833,5/24/2025 20:05,9.36,16.75
834,5/24/2025 21:05,8.97,16.68
835,5/24/2025 22:05,8.69,16.67
836,5/24/2025 23:05,8.52,16.69
837,5/25/2025 0:05,8.43,16.65
838,5/25/2025 1:05,8.39,16.54
839,5/25/2025 2:05,8.39,16.38
840,5/25/2025 3:05,8.44,16.17
841,5/25/2025 4:05,8.44,15.92
842,5/25/2025 5:05,8.51,15.68
843,5/25/2025 6:05,8.54,15.42
844,5/25/2025 7:05,8.92,15.21
845,5/25/2025 8:05,9.38,15.07
846,5/25/2025 9:05,9.69,15.05
847,5/25/2025 10:05,10.03,15.16
848,5/25/2025 11:05,10.36,15.46
849,5/25/2025 12:05,10.49,15.81
850,5/25/2025 13:05,10.58,16.25
851,5/25/2025 14:05,10.56,16.67
852,5/25/2025 15:05,10.48,16.9
853,5/25/2025 16:05,10.42,17.09
854,5/25/2025 17:05,10.28,17.14
855,5/25/2025 18:05,10.09,17.01
856,5/25/2025 19:05,9.52,16.83
857,5/25/2025 20:05,9.09,16.66
858,5/25/2025 21:05,8.89,16.44
859,5/25/2025 22:05,8.69,16.37
860,5/25/2025 23:05,8.54,16.44
861,5/26/2025 0:05,8.43,16.43
862,5/26/2025 1:05,8.46,16.22
863,5/26/2025 2:05,8.52,15.94
864,5/26/2025 3:05,8.51,15.7
865,5/26/2025 4:05,8.54,15.53
866,5/26/2025 5:05,8.58,15.36
867,5/26/2025 6:05,8.62,15.23
868,5/26/2025 7:05,8.72,15.1
869,5/26/2025 8:05,9.06,15.03
870,5/26/2025 9:05,9.54,15.13
871,5/26/2025 10:05,9.87,15.39
872,5/26/2025 11:05,10.1,15.73
873,5/26/2025 12:05,10.3,16.11
874,5/26/2025 13:05,10.47,16.64
875,5/26/2025 14:05,10.5,17.03
876,5/26/2025 15:05,10.48,17.29
877,5/26/2025 16:05,10.37,17.45
878,5/26/2025 17:05,10.19,17.44
879,5/26/2025 18:05,9.92,17.21
880,5/26/2025 19:05,9.58,16.9
881,5/26/2025 20:05,9.2,16.66
882,5/26/2025 21:05,8.94,16.42
883,5/26/2025 22:05,8.76,16.2
884,5/26/2025 23:05,8.63,16.07
885,5/27/2025 0:05,8.56,15.96
886,5/27/2025 1:05,8.53,15.87
887,5/27/2025 2:05,8.52,15.74
888,5/27/2025 3:05,8.56,15.58
889,5/27/2025 4:05,8.57,15.39
890,5/27/2025 5:05,8.64,15.17
891,5/27/2025 6:05,8.73,14.96
892,5/27/2025 7:05,9.07,14.79
893,5/27/2025 8:05,9.53,14.67
894,5/27/2025 9:05,9.93,14.64
895,5/27/2025 10:05,10.27,14.75
896,5/27/2025 11:05,10.47,15.06
897,5/27/2025 12:05,10.55,15.49
898,5/27/2025 13:05,10.6,16.07
899,5/27/2025 14:05,10.55,16.65
900,5/27/2025 15:05,10.38,17.14
901,5/27/2025 16:05,10.24,17.49
902,5/27/2025 17:05,10.04,17.68
903,5/27/2025 18:05,9.78,17.74
904,5/27/2025 19:05,9.42,17.75
905,5/27/2025 20:05,9.05,17.66
906,5/27/2025 21:05,8.68,17.58
907,5/27/2025 22:05,8.43,17.48
908,5/27/2025 23:05,8.3,17.42
909,5/28/2025 0:05,8.21,17.36
910,5/28/2025 1:05,8.13,17.23
911,5/28/2025 2:05,8.17,17.08
912,5/28/2025 3:05,8.19,16.86
913,5/28/2025 4:05,8.23,16.6
914,5/28/2025 5:05,8.25,16.33
915,5/28/2025 6:05,8.31,16.08
916,5/28/2025 7:05,8.56,15.84
917,5/28/2025 8:05,8.9,15.73
918,5/28/2025 9:05,9.38,15.85
919,5/28/2025 10:05,9.69,16.03
920,5/28/2025 11:05,9.89,16.44
921,5/28/2025 12:05,10.01,16.93
922,5/28/2025 13:05,10.1,17.45
923,5/28/2025 14:05,10.19,18.17
924,5/28/2025 15:05,10.21,18.51
925,5/28/2025 16:05,10.04,18.83
926,5/28/2025 17:05,9.83,19.05
927,5/28/2025 18:05,9.61,19.14
928,5/28/2025 19:05,9.21,19.11
929,5/28/2025 20:05,8.82,19.01
930,5/28/2025 21:05,8.52,18.88
931,5/28/2025 22:05,8.2,18.7
932,5/28/2025 23:05,8.08,18.56
933,5/29/2025 0:05,8.02,18.41
934,5/29/2025 1:05,7.98,18.25
935,5/29/2025 2:05,7.99,18.08
936,5/29/2025 3:05,8.05,17.86
937,5/29/2025 4:05,8.1,17.58
938,5/29/2025 5:05,8.17,17.32
939,5/29/2025 6:05,8.24,17.06
940,5/29/2025 7:05,8.43,16.8
941,5/29/2025 8:05,8.75,16.56
942,5/29/2025 9:05,9.24,16.52
943,5/29/2025 10:05,9.55,16.6
944,5/29/2025 11:05,9.81,16.91
945,5/29/2025 12:05,9.95,17.35
946,5/29/2025 13:05,10.09,17.9
947,5/29/2025 14:05,10.01,18.36
948,5/29/2025 15:05,10.04,18.78
949,5/29/2025 16:05,9.89,19.05
950,5/29/2025 17:05,9.62,19.03
951,5/29/2025 18:05,9.5,19.02
952,5/29/2025 19:05,9.21,18.9
953,5/29/2025 20:05,8.94,18.78
954,5/29/2025 21:05,8.6,18.62
955,5/29/2025 22:05,8.3,18.48
956,5/29/2025 23:05,8.2,18.36
957,5/30/2025 0:05,8.07,18.19
958,5/30/2025 1:05,8.08,17.98
959,5/30/2025 2:05,8.06,17.72
960,5/30/2025 3:05,8.16,17.39
961,5/30/2025 4:05,8.22,17.05
962,5/30/2025 5:05,8.22,16.75
963,5/30/2025 6:05,8.44,16.51
964,5/30/2025 7:05,8.66,16.33
965,5/30/2025 8:05,9.16,16.26
966,5/30/2025 9:05,9.58,16.35
967,5/30/2025 10:05,9.79,16.44
968,5/30/2025 11:05,10.04,16.61
969,5/30/2025 12:05,10.25,16.95
970,5/30/2025 13:05,10.22,17.28
971,5/30/2025 14:05,10.15,17.36
972,5/30/2025 15:05,10.11,17.31
973,5/30/2025 16:05,10.1,17.24
974,5/30/2025 17:05,9.97,17.32
975,5/30/2025 18:05,9.76,17.49
976,5/30/2025 19:05,9.64,17.84
977,5/30/2025 20:05,9.22,18.13
978,5/30/2025 21:05,8.79,18.25
979,5/30/2025 22:05,8.42,18.24
980,5/30/2025 23:05,8.26,18.2
981,5/31/2025 0:05,8.15,18.14
982,5/31/2025 1:05,8.08,18.07
983,5/31/2025 2:05,8.06,17.99
984,5/31/2025 3:05,8.05,17.85
985,5/31/2025 4:05,8.07,17.66
986,5/31/2025 5:05,8.08,17.47
987,5/31/2025 6:05,8.17,17.27
988,5/31/2025 7:05,8.29,17.06
989,5/31/2025 8:05,8.52,16.84
990,5/31/2025 9:05,8.72,16.7
991,5/31/2025 10:05,8.97,16.61
992,5/31/2025 11:05,9.21,16.57
993,5/31/2025 12:05,9.11,16.48
994,5/31/2025 13:05,9.52,16.51
995,5/31/2025 14:05,9.9,17.07
996,5/31/2025 15:05,9.96,17.59
997,5/31/2025 16:05,9.86,17.97
998,5/31/2025 17:05,9.79,18.13
999,5/31/2025 18:05,9.58,18
1000,5/31/2025 19:05,9.25,17.84
1001,5/31/2025 20:05,8.91,17.7
1002,5/31/2025 21:05,8.83,17.39
1003,5/31/2025 22:05,8.62,17.1
1004,5/31/2025 23:05,8.57,16.91
1005,6/1/2025 0:05,8.55,16.74
1006,6/1/2025 1:05,8.47,16.61
1007,6/1/2025 2:05,8.48,16.45
1008,6/1/2025 3:05,8.45,16.26
1009,6/1/2025 4:05,8.48,16.05
1010,6/1/2025 5:05,8.52,15.8
1011,6/1/2025 6:05,8.62,15.55
1012,6/1/2025 7:05,8.88,15.32
1013,6/1/2025 8:05,9.27,15.25
1014,6/1/2025 9:05,9.59,15.37
1015,6/1/2025 10:05,9.81,15.55
1016,6/1/2025 11:05,9.92,15.93
1017,6/1/2025 12:05,10.03,16.39
1018,6/1/2025 13:05,10.1,16.88
1019,6/1/2025 14:05,10,17.32
1020,6/1/2025 15:05,9.97,17.85
1021,6/1/2025 16:05,9.86,18.17
1022,6/1/2025 17:05,9.68,18.34
1023,6/1/2025 18:05,9.48,18.4
1024,6/1/2025 19:05,9.19,18.36
1025,6/1/2025 20:05,8.93,18.27
1026,6/1/2025 21:05,8.59,18.15
1027,6/1/2025 22:05,8.35,18.02
1028,6/1/2025 23:05,8.21,17.91
1029,6/2/2025 0:05,8.12,17.78
1030,6/2/2025 1:05,8.11,17.63
1031,6/2/2025 2:05,8.11,17.43
1032,6/2/2025 3:05,8.05,17.2
1033,6/2/2025 4:05,8.14,16.98
1034,6/2/2025 5:05,8.22,16.73
1035,6/2/2025 6:05,8.3,16.48
1036,6/2/2025 7:05,8.52,16.28
1037,6/2/2025 8:05,8.87,16.18
1038,6/2/2025 9:05,9.3,16.27
1039,6/2/2025 10:05,9.46,16.33
1040,6/2/2025 11:05,9.62,16.68
1041,6/2/2025 12:05,9.77,17.08
1042,6/2/2025 13:05,9.86,17.52
1043,6/2/2025 14:05,9.88,18.01
1044,6/2/2025 15:05,9.81,18.4
1045,6/2/2025 16:05,9.68,18.64
1046,6/2/2025 17:05,9.57,18.76
1047,6/2/2025 18:05,9.34,18.79
1048,6/2/2025 19:05,9.14,18.74
1049,6/2/2025 20:05,8.86,18.6
1050,6/2/2025 21:05,8.57,18.46
1051,6/2/2025 22:05,8.3,18.3
1052,6/2/2025 23:05,8.18,18.18
1053,6/3/2025 0:05,8.08,18.03
1054,6/3/2025 1:05,8.02,17.85
1055,6/3/2025 2:05,8,17.62
1056,6/3/2025 3:05,8.05,17.36
1057,6/3/2025 4:05,8.01,17.06
1058,6/3/2025 5:05,8.12,16.78
1059,6/3/2025 6:05,8.26,16.5
1060,6/3/2025 7:05,8.46,16.23
1061,6/3/2025 8:05,8.85,16.1
1062,6/3/2025 9:05,9.16,16.17
1063,6/3/2025 10:05,9.43,16.26
1064,6/3/2025 11:05,9.51,16.59
1065,6/3/2025 12:05,9.68,17.01
1066,6/3/2025 13:05,9.76,17.47
1067,6/3/2025 14:05,9.95,17.97
1068,6/3/2025 15:05,9.87,18.37
1069,6/3/2025 16:05,9.79,18.66
1070,6/3/2025 17:05,9.64,18.82
1071,6/3/2025 18:05,9.43,18.88
1072,6/3/2025 19:05,9.21,18.84
1073,6/3/2025 20:05,8.96,18.73
1074,6/3/2025 21:05,8.67,18.6
1075,6/3/2025 22:05,8.4,18.48
1076,6/3/2025 23:05,8.26,18.43
1077,6/4/2025 0:05,8.15,18.38
1078,6/4/2025 1:05,8.12,18.29
1079,6/4/2025 2:05,8.09,18.17
1080,6/4/2025 3:05,8.12,17.94
1081,6/4/2025 4:05,8.17,17.67
1082,6/4/2025 5:05,8.18,17.42
1083,6/4/2025 6:05,8.28,17.18
1084,6/4/2025 7:05,8.52,16.98
1085,6/4/2025 8:05,8.84,16.89
1086,6/4/2025 9:05,9.1,16.9
1087,6/4/2025 10:05,9.39,17.03
1088,6/4/2025 11:05,9.55,17.31
1089,6/4/2025 12:05,9.66,17.57
1090,6/4/2025 13:05,9.68,17.93
1091,6/4/2025 14:05,9.74,18.4
1092,6/4/2025 15:05,9.7,18.61
1093,6/4/2025 16:05,9.68,18.7
1094,6/4/2025 17:05,9.58,18.64
1095,6/4/2025 18:05,9.37,18.54
1096,6/4/2025 19:05,9.1,18.48
1097,6/4/2025 20:05,8.93,18.38
1098,6/4/2025 21:05,8.68,18.24
1099,6/4/2025 22:05,8.48,18.11
1100,6/4/2025 23:05,8.31,18
1101,6/5/2025 0:05,8.22,17.88
1102,6/5/2025 1:05,8.21,17.74
1103,6/5/2025 2:05,8.21,17.59
1104,6/5/2025 3:05,8.2,17.42
1105,6/5/2025 4:05,8.19,17.24
1106,6/5/2025 5:05,8.26,17.05
1107,6/5/2025 6:05,8.34,16.88
1108,6/5/2025 7:05,8.48,16.7
1109,6/5/2025 8:05,8.83,16.63
1110,6/5/2025 9:05,9.12,16.75
1111,6/5/2025 10:05,9.32,16.87
1112,6/5/2025 11:05,9.49,17.22
1113,6/5/2025 12:05,9.55,17.66
1114,6/5/2025 13:05,9.58,18.17
1115,6/5/2025 14:05,9.58,18.72
1116,6/5/2025 15:05,9.53,19.2
1117,6/5/2025 16:05,9.44,19.5
1118,6/5/2025 17:05,9.25,19.75
1119,6/5/2025 18:05,9.1,19.83
1120,6/5/2025 19:05,8.84,19.82
1121,6/5/2025 20:05,8.64,19.76
1122,6/5/2025 21:05,8.34,19.67
1123,6/5/2025 22:05,8.05,19.62
1124,6/5/2025 23:05,7.88,19.61
1125,6/6/2025 0:05,7.8,19.56
1126,6/6/2025 1:05,7.75,19.45
1127,6/6/2025 2:05,7.71,19.3
1128,6/6/2025 3:05,7.7,19.11
1129,6/6/2025 4:05,7.79,18.85
1130,6/6/2025 5:05,7.8,18.61
1131,6/6/2025 6:05,7.82,18.37
1132,6/6/2025 7:05,8.05,18.2
1133,6/6/2025 8:05,8.39,18.12
1134,6/6/2025 9:05,8.66,18.21
1135,6/6/2025 10:05,8.87,18.31
1136,6/6/2025 11:05,8.99,18.63
1137,6/6/2025 12:05,9.12,19.07
1138,6/6/2025 13:05,9.14,19.53
1139,6/6/2025 14:05,9.13,20.06
1140,6/6/2025 15:05,9.09,20.47
1141,6/6/2025 16:05,9,20.77
1142,6/6/2025 17:05,8.83,20.92
1143,6/6/2025 18:05,8.67,20.92
1144,6/6/2025 19:05,8.44,20.8
1145,6/6/2025 20:05,8.21,20.61
1146,6/6/2025 21:05,7.94,20.39
1147,6/6/2025 22:05,7.76,20.22
1148,6/6/2025 23:05,7.56,20.08
1149,6/7/2025 0:05,7.49,19.98
1150,6/7/2025 1:05,7.37,19.86
1151,6/7/2025 2:05,7.35,19.68
1152,6/7/2025 3:05,7.45,19.48
1153,6/7/2025 4:05,7.48,19.21
1154,6/7/2025 5:05,7.49,18.93
1155,6/7/2025 6:05,7.5,18.65
1156,6/7/2025 7:05,7.68,18.4
1157,6/7/2025 8:05,8.02,18.29
1158,6/7/2025 9:05,8.39,18.38
1159,6/7/2025 10:05,8.55,18.45
1160,6/7/2025 11:05,8.7,18.8
1161,6/7/2025 12:05,8.84,19.24
1162,6/7/2025 13:05,8.92,19.72
1163,6/7/2025 14:05,8.88,20.21
1164,6/7/2025 15:05,8.81,20.71
1165,6/7/2025 16:05,8.66,21.12
1166,6/7/2025 17:05,8.54,21.39
1167,6/7/2025 18:05,8.32,21.47
1168,6/7/2025 19:05,8.19,21.39
1169,6/7/2025 20:05,7.96,21.27
1170,6/7/2025 21:05,7.73,21.07
1171,6/7/2025 22:05,7.53,20.89
1172,6/7/2025 23:05,7.44,20.76
1173,6/8/2025 0:05,7.28,20.65
1174,6/8/2025 1:05,7.27,20.5
1175,6/8/2025 2:05,7.14,20.35
1176,6/8/2025 3:05,7.22,20.18
1177,6/8/2025 4:05,7,19.91
1178,6/8/2025 5:05,7.5,19.61
1179,6/8/2025 6:05,7.53,19.32
1180,6/8/2025 7:05,7.69,19.07
1181,6/8/2025 8:05,7.96,18.97
1182,6/8/2025 9:05,8.26,19.1
1183,6/8/2025 10:05,8.47,19.16
1184,6/8/2025 11:05,8.68,19.52
1185,6/8/2025 12:05,8.73,19.95
1186,6/8/2025 13:05,8.78,20.43
1187,6/8/2025 14:05,8.83,20.99
1188,6/8/2025 15:05,8.77,21.5
1189,6/8/2025 16:05,8.61,21.91
1190,6/8/2025 17:05,8.49,22.18
1191,6/8/2025 18:05,8.38,22.29
1192,6/8/2025 19:05,8.17,22.19
1193,6/8/2025 20:05,7.88,22.04
1194,6/8/2025 21:05,7.65,21.9
1195,6/8/2025 22:05,7.44,21.74
1196,6/8/2025 23:05,7.31,21.63
1197,6/9/2025 0:05,7.02,21.52
1198,6/9/2025 1:05,6.82,21.37
1199,6/9/2025 2:05,7.22,21.21
1200,6/9/2025 3:05,7.22,21
1201,6/9/2025 4:05,7.25,20.71
1202,6/9/2025 5:05,7.24,20.4
1203,6/9/2025 6:05,7.38,20.09
1204,6/9/2025 7:05,7.49,19.8
1205,6/9/2025 8:05,7.73,19.66
1206,6/9/2025 9:05,8.1,19.74
1207,6/9/2025 10:05,8.33,19.78
1208,6/9/2025 11:05,8.48,20.06
1209,6/9/2025 12:05,8.59,20.45
1210,6/9/2025 13:05,8.66,20.88
1211,6/9/2025 14:05,8.6,21.41
1212,6/9/2025 15:05,8.53,21.84
1213,6/9/2025 16:05,8.56,22.09
1214,6/9/2025 17:05,8.48,22.29
1215,6/9/2025 18:05,8.32,22.27
1216,6/9/2025 19:05,8.1,22.13
1217,6/9/2025 20:05,7.94,21.93
1218,6/9/2025 21:05,7.69,21.7
1219,6/9/2025 22:05,7.57,21.49
1220,6/9/2025 23:05,7.35,21.3
1221,6/10/2025 0:05,7.25,21.12
1222,6/10/2025 1:05,7.25,20.91
1223,6/10/2025 2:05,7.27,20.69
1224,6/10/2025 3:05,7.23,20.41
1225,6/10/2025 4:05,7.35,20.09
1226,6/10/2025 5:05,7.42,19.74
1227,6/10/2025 6:05,7.5,19.39
1228,6/10/2025 7:05,7.67,19.09
1229,6/10/2025 8:05,7.9,18.93
1230,6/10/2025 9:05,8.23,18.97
1231,6/10/2025 10:05,8.46,19.02
1232,6/10/2025 11:05,8.55,19.32
1233,6/10/2025 12:05,8.7,19.69
1234,6/10/2025 13:05,8.59,20.11
1235,6/10/2025 14:05,8.73,20.5
1236,6/10/2025 15:05,8.19,20.89
1237,6/10/2025 16:05,9.01,21.1
1238,6/10/2025 17:05,8.96,21.23
1239,6/10/2025 18:05,8.88,21.2
1240,6/10/2025 19:05,8.73,21.14
1241,6/10/2025 20:05,8.56,20.98
1242,6/10/2025 21:05,8.34,20.83
1243,6/10/2025 22:05,8.07,20.65
1244,6/10/2025 23:05,7.89,20.48
1245,6/11/2025 0:05,7.82,20.34
1246,6/11/2025 1:05,7.83,20.2
1247,6/11/2025 2:05,7.76,19.98
1248,6/11/2025 3:05,7.82,19.77
1249,6/11/2025 4:05,7.85,19.49
1250,6/11/2025 5:05,7.85,19.19
1251,6/11/2025 6:05,7.97,18.89
1252,6/11/2025 7:05,8.14,18.66
1253,6/11/2025 8:05,8.44,18.52
1254,6/11/2025 9:05,8.63,18.51
1255,6/11/2025 10:05,8.94,18.58
1256,6/11/2025 11:05,9.15,18.74
1257,6/11/2025 12:05,9.33,18.93
1258,6/11/2025 13:05,9.43,19.09
1259,6/11/2025 14:05,9.5,19.44
1260,6/11/2025 15:05,9.49,19.81
1261,6/11/2025 16:05,9.45,19.95
1262,6/11/2025 17:05,9.37,19.92
1263,6/11/2025 18:05,9.31,19.86
1264,6/11/2025 19:05,9.21,19.75
1265,6/11/2025 20:05,9.01,19.68
1266,6/11/2025 21:05,8.78,19.58
1267,6/11/2025 22:05,8.58,19.42
1268,6/11/2025 23:05,8.44,19.28
1269,6/12/2025 0:05,8.34,19.15
1270,6/12/2025 1:05,8.35,18.97
1271,6/12/2025 2:05,8.34,18.73
1272,6/12/2025 3:05,8.35,18.45
1273,6/12/2025 4:05,8.4,18.15
1274,6/12/2025 5:05,8.44,17.89
1275,6/12/2025 6:05,8.5,17.63
1276,6/12/2025 7:05,8.68,17.4
1277,6/12/2025 8:05,8.82,17.22
1278,6/12/2025 9:05,8.96,17.04
1279,6/12/2025 10:05,9.14,16.92
1280,6/12/2025 11:05,9.35,16.86
1281,6/12/2025 12:05,9.51,16.85
1282,6/12/2025 13:05,9.67,17.04
1283,6/12/2025 14:05,9.76,17.29
1284,6/12/2025 15:05,9.78,17.38
1285,6/12/2025 16:05,9.76,17.35
1286,6/12/2025 17:05,9.81,17.5
1287,6/12/2025 18:05,9.73,17.51
1288,6/12/2025 19:05,9.62,17.47
1289,6/12/2025 20:05,9.49,17.33
1290,6/12/2025 21:05,9.3,17.2
1291,6/12/2025 22:05,9.1,17.07
1292,6/12/2025 23:05,9.03,16.88
1293,6/13/2025 0:05,8.93,16.73
1294,6/13/2025 1:05,8.91,16.6
1295,6/13/2025 2:05,8.88,16.53
1296,6/13/2025 3:05,8.85,16.51
1297,6/13/2025 4:05,8.83,16.49
1298,6/13/2025 5:05,8.82,16.47
1299,6/13/2025 6:05,8.82,16.47
1300,6/13/2025 7:05,8.91,16.44
1301,6/13/2025 8:05,9.08,16.35
1302,6/13/2025 9:05,9.26,16.25
1303,6/13/2025 10:05,9.55,16.22
1304,6/13/2025 11:05,9.77,16.41
1305,6/13/2025 12:05,9.81,16.51
1306,6/13/2025 13:05,9.94,16.65
1307,6/13/2025 14:05,9.99,16.95
1308,6/13/2025 15:05,9.98,17.3
1309,6/13/2025 16:05,9.94,17.58
1310,6/13/2025 17:05,9.85,17.61
1311,6/13/2025 18:05,9.79,17.7
1312,6/13/2025 19:05,9.66,17.61
1313,6/13/2025 20:05,9.49,17.4
1314,6/13/2025 21:05,9.29,17.19
1315,6/13/2025 22:05,9.12,17.02
1316,6/13/2025 23:05,8.97,16.9
1317,6/14/2025 0:05,8.89,16.85
1318,6/14/2025 1:05,8.84,16.77
1319,6/14/2025 2:05,8.83,16.63
1320,6/14/2025 3:05,8.84,16.44
1321,6/14/2025 4:05,8.87,16.25
1322,6/14/2025 5:05,8.87,16.11
1323,6/14/2025 6:05,8.91,16.02
1324,6/14/2025 7:05,9.04,15.97
1325,6/14/2025 8:05,9.2,15.95
1326,6/14/2025 9:05,9.37,15.93
1327,6/14/2025 10:05,9.66,16.03
1328,6/14/2025 11:05,9.82,16.28
1329,6/14/2025 12:05,9.93,16.54
1330,6/14/2025 13:05,10.01,17.13
1331,6/14/2025 14:05,9.98,17.83
1332,6/14/2025 15:05,9.9,18.17
1333,6/14/2025 16:05,9.81,18.34
1334,6/14/2025 17:05,9.75,18.52
1335,6/14/2025 18:05,9.58,18.41
1336,6/14/2025 19:05,9.43,18.23
1337,6/14/2025 20:05,9.31,18.04
1338,6/14/2025 21:05,9.09,17.93
1339,6/14/2025 22:05,8.87,17.83
1340,6/14/2025 23:05,8.74,17.71
1341,6/15/2025 0:05,8.7,17.52
1342,6/15/2025 1:05,8.64,17.36
1343,6/15/2025 2:05,8.64,17.2
1344,6/15/2025 3:05,8.65,16.98
1345,6/15/2025 4:05,8.71,16.69
1346,6/15/2025 5:05,8.76,16.41
1347,6/15/2025 6:05,8.84,16.17
1348,6/15/2025 7:05,9.06,15.97
1349,6/15/2025 8:05,9.29,15.9
1350,6/15/2025 9:05,9.55,16.03
1351,6/15/2025 10:05,9.72,16.3
1352,6/15/2025 11:05,9.87,16.72
1353,6/15/2025 12:05,9.89,16.95
1354,6/15/2025 13:05,9.95,17.65
1355,6/15/2025 14:05,9.92,18.2
1356,6/15/2025 15:05,9.9,18.69
1357,6/15/2025 16:05,9.79,19.09
1358,6/15/2025 17:05,9.68,19.34
1359,6/15/2025 18:05,9.47,19.47
1360,6/15/2025 19:05,9.26,19.47
1361,6/15/2025 20:05,8.99,19.39
1362,6/15/2025 21:05,8.73,19.29
1363,6/15/2025 22:05,8.48,19.22
1364,6/15/2025 23:05,8.34,19.16
1365,6/16/2025 0:05,8.24,19.12
1366,6/16/2025 1:05,8.21,19
1367,6/16/2025 2:05,8.18,18.84
1368,6/16/2025 3:05,8.17,18.62
1369,6/16/2025 4:05,8.19,18.36
1370,6/16/2025 5:05,8.22,18.07
1371,6/16/2025 6:05,8.3,17.8
1372,6/16/2025 7:05,8.59,17.61
1373,6/16/2025 8:05,8.91,17.48
1374,6/16/2025 9:05,9.19,17.45
1375,6/16/2025 10:05,9.39,17.49
1376,6/16/2025 11:05,9.55,17.6
1377,6/16/2025 12:05,9.75,17.78
1378,6/16/2025 13:05,9.82,18.05
1379,6/16/2025 14:05,9.79,18.36
1380,6/16/2025 15:05,9.79,18.95
1381,6/16/2025 16:05,9.7,19.45
1382,6/16/2025 17:05,9.57,19.49
1383,6/16/2025 18:05,9.53,19.39
1384,6/16/2025 19:05,9.35,19.23
1385,6/16/2025 20:05,9.1,19.13
1386,6/16/2025 21:05,8.78,19.04
1387,6/16/2025 22:05,8.51,18.89
1388,6/16/2025 23:05,8.37,18.72
1389,6/17/2025 0:05,8.33,18.62
1390,6/17/2025 1:05,8.26,18.5
1391,6/17/2025 2:05,8.25,18.36
1392,6/17/2025 3:05,8.24,18.23
1393,6/17/2025 4:05,8.29,18.05
1394,6/17/2025 5:05,8.35,17.81
1395,6/17/2025 6:05,8.42,17.57
1396,6/17/2025 7:05,8.6,17.32
1397,6/17/2025 8:05,8.91,17.16
1398,6/17/2025 9:05,9.26,17.1
1399,6/17/2025 10:05,9.51,17.14
1400,6/17/2025 11:05,9.66,17.25
1401,6/17/2025 12:05,9.87,17.45
1402,6/17/2025 13:05,9.87,17.6
1403,6/17/2025 14:05,9.87,17.73
1404,6/17/2025 15:05,9.91,17.9
1405,6/17/2025 16:05,9.96,18.11
1406,6/17/2025 17:05,9.84,18.41
1407,6/17/2025 18:05,9.6,18.47
1408,6/17/2025 19:05,9.47,18.23
1409,6/17/2025 20:05,9.18,18.07
1410,6/17/2025 21:05,8.97,18
1411,6/17/2025 22:05,8.76,17.94
1412,6/17/2025 23:05,8.6,17.83
1413,6/18/2025 0:05,8.52,17.75
1414,6/18/2025 1:05,8.49,17.67
1415,6/18/2025 2:05,8.41,17.58
1416,6/18/2025 3:05,8.36,17.51
1417,6/18/2025 4:05,8.38,17.43
1418,6/18/2025 5:05,8.4,17.29
1419,6/18/2025 6:05,8.49,17.16
1420,6/18/2025 7:05,8.6,17.06
1421,6/18/2025 8:05,8.84,17.02
1422,6/18/2025 9:05,9.02,16.98
1423,6/18/2025 10:05,9.33,17.04
1424,6/18/2025 11:05,9.5,17.14
1425,6/18/2025 12:05,9.72,17.35
1426,6/18/2025 13:05,9.84,17.86
1427,6/18/2025 14:05,9.98,18.22
1428,6/18/2025 15:05,9.83,19.04
1429,6/18/2025 16:05,9.79,19.5
1430,6/18/2025 17:05,9.62,19.62
1431,6/18/2025 18:05,9.54,19.54
1432,6/18/2025 19:05,9.31,19.26
1433,6/18/2025 20:05,9.05,19.02
1434,6/18/2025 21:05,8.72,18.85
1435,6/18/2025 22:05,8.44,18.73
1436,6/18/2025 23:05,8.32,18.5
1437,6/19/2025 0:05,8.29,18.36
1438,6/19/2025 1:05,8.22,18.31
1439,6/19/2025 2:05,8.14,18.23
1440,6/19/2025 3:05,8.16,18.07
1441,6/19/2025 4:05,8.23,17.79
1442,6/19/2025 5:05,8.28,17.47
1443,6/19/2025 6:05,8.36,17.16
1444,6/19/2025 7:05,8.61,16.89
1445,6/19/2025 8:05,8.9,16.72
1446,6/19/2025 9:05,9.26,16.74
1447,6/19/2025 10:05,9.54,16.91
1448,6/19/2025 11:05,9.77,17.25
1449,6/19/2025 12:05,9.86,17.56
1450,6/19/2025 13:05,9.97,17.69
1451,6/19/2025 14:05,9.95,17.75
1452,6/19/2025 15:05,9.93,17.78
1453,6/19/2025 16:05,10.01,17.85
1454,6/19/2025 17:05,9.95,17.98
1455,6/19/2025 18:05,9.77,18.27
1456,6/19/2025 19:05,9.51,18.34
1457,6/19/2025 20:05,9.3,18.25
1458,6/19/2025 21:05,9.07,18.07
1459,6/19/2025 22:05,8.71,17.83
1460,6/19/2025 23:05,8.57,17.6
1461,6/20/2025 0:05,8.48,17.4
1462,6/20/2025 1:05,8.45,17.21
1463,6/20/2025 2:05,8.4,17.03
1464,6/20/2025 3:05,8.43,16.82
1465,6/20/2025 4:05,8.44,16.64
1466,6/20/2025 5:05,8.43,16.45
1467,6/20/2025 6:05,8.47,16.33
1468,6/20/2025 7:05,8.67,16.24
1469,6/20/2025 8:05,9.01,16.16
1470,6/20/2025 9:05,9.34,16.11
1471,6/20/2025 10:05,9.66,16.18
1472,6/20/2025 11:05,9.93,16.42
1473,6/20/2025 12:05,10.09,16.82
1474,6/20/2025 13:05,10.03,17.03
1475,6/20/2025 14:05,10.13,17.2
1476,6/20/2025 15:05,10.1,17.38
1477,6/20/2025 16:05,10.1,17.57
1478,6/20/2025 17:05,10.05,17.74
1479,6/20/2025 18:05,9.54,17.74
1480,6/20/2025 19:05,9.32,17.71
1481,6/20/2025 20:05,9.24,17.66
1482,6/20/2025 21:05,8.95,17.59
1483,6/20/2025 22:05,8.64,17.57
1484,6/20/2025 23:05,8.48,17.53
1485,6/21/2025 0:05,8.37,17.4
1486,6/21/2025 1:05,8.36,17.26
1487,6/21/2025 2:05,8.3,17.11
1488,6/21/2025 3:05,8.33,16.95
1489,6/21/2025 4:05,8.31,16.81
1490,6/21/2025 5:05,8.28,16.69
1491,6/21/2025 6:05,8.26,16.56
1492,6/21/2025 7:05,8.39,16.44
1493,6/21/2025 8:05,8.54,16.36
1494,6/21/2025 9:05,8.68,16.29
1495,6/21/2025 10:05,8.86,16.23
1496,6/21/2025 11:05,9.24,16.27
1497,6/21/2025 12:05,9.52,16.37
1498,6/21/2025 13:05,9.59,16.47
1499,6/21/2025 14:05,9.8,16.65
1500,6/21/2025 15:05,10.12,17.13
1501,6/21/2025 16:05,10.16,17.71
1502,6/21/2025 17:05,10.03,18.05
1503,6/21/2025 18:05,9.89,18.16
1504,6/21/2025 19:05,9.71,18.11
1505,6/21/2025 20:05,9.28,17.8
1506,6/21/2025 21:05,8.97,17.53
1507,6/21/2025 22:05,8.66,17.33
1508,6/21/2025 23:05,8.49,17.25
1509,6/22/2025 0:05,8.34,17.21
1510,6/22/2025 1:05,8.28,17.18
1511,6/22/2025 2:05,8.27,17.13
1512,6/22/2025 3:05,8.23,17.03
1513,6/22/2025 4:05,8.26,16.93
1514,6/22/2025 5:05,8.28,16.8
1515,6/22/2025 6:05,8.33,16.7
1516,6/22/2025 7:05,8.42,16.61
1517,6/22/2025 8:05,8.6,16.53
1518,6/22/2025 9:05,8.81,16.46
1519,6/22/2025 10:05,9.03,16.43
1520,6/22/2025 11:05,9.23,16.42
1521,6/22/2025 12:05,9.54,16.48
1522,6/22/2025 13:05,9.75,16.59
1523,6/22/2025 14:05,9.83,16.71
1524,6/22/2025 15:05,9.81,16.81
1525,6/22/2025 16:05,9.89,16.9
1526,6/22/2025 17:05,9.93,17
1527,6/22/2025 18:05,9.74,17.06
1528,6/22/2025 19:05,9.76,17.13
1529,6/22/2025 20:05,9.45,17.16
1530,6/22/2025 21:05,9.12,17.11
1531,6/22/2025 22:05,8.9,17.05
1532,6/22/2025 23:05,8.69,16.95
1533,6/23/2025 0:05,8.56,16.86
1534,6/23/2025 1:05,8.5,16.82
1535,6/23/2025 2:05,8.45,16.83
1536,6/23/2025 3:05,8.36,16.84
1537,6/23/2025 4:05,8.33,16.82
1538,6/23/2025 5:05,8.36,16.74
1539,6/23/2025 6:05,8.42,16.65
1540,6/23/2025 7:05,8.62,16.55
1541,6/23/2025 8:05,9,16.52
1542,6/23/2025 9:05,9.29,16.65
1543,6/23/2025 10:05,9.72,16.86
1544,6/23/2025 11:05,9.91,17.25
1545,6/23/2025 12:05,10.05,17.74
1546,6/23/2025 13:05,10.09,18.23
1547,6/23/2025 14:05,10.16,18.72
1548,6/23/2025 15:05,10.14,19.18
1549,6/23/2025 16:05,10.01,19.54
1550,6/23/2025 17:05,9.83,19.74
1551,6/23/2025 18:05,9.66,19.82
1552,6/23/2025 19:05,9.36,19.82
1553,6/23/2025 20:05,9,19.74
1554,6/23/2025 21:05,8.59,19.58
1555,6/23/2025 22:05,8.16,19.44
1556,6/23/2025 23:05,7.91,19.38
1557,6/24/2025 0:05,7.79,19.36
1558,6/24/2025 1:05,7.69,19.3
1559,6/24/2025 2:05,7.65,19.25
1560,6/24/2025 3:05,7.63,19.14
1561,6/24/2025 4:05,7.66,18.96
1562,6/24/2025 5:05,7.71,18.69
1563,6/24/2025 6:05,7.8,18.42
1564,6/24/2025 7:05,8.06,18.23
1565,6/24/2025 8:05,8.44,18.1
1566,6/24/2025 9:05,8.86,18.19
1567,6/24/2025 10:05,9.3,18.34
1568,6/24/2025 11:05,9.6,18.65
1569,6/24/2025 12:05,9.77,19.01
1570,6/24/2025 13:05,9.84,19.36
1571,6/24/2025 14:05,9.9,19.61
1572,6/24/2025 15:05,9.75,19.73
1573,6/24/2025 16:05,9.62,19.74
1574,6/24/2025 17:05,9.48,19.65
1575,6/24/2025 18:05,9.31,19.56
1576,6/24/2025 19:05,8.95,19.49
1577,6/24/2025 20:05,8.58,19.45
1578,6/24/2025 21:05,8.22,19.41
1579,6/24/2025 22:05,7.92,19.36
1580,6/24/2025 23:05,7.72,19.3
1581,6/25/2025 0:05,7.59,19.27
1582,6/25/2025 1:05,7.55,19.18
1583,6/25/2025 2:05,7.58,19.05
1584,6/25/2025 3:05,7.64,18.86
1585,6/25/2025 4:05,7.63,18.66
1586,6/25/2025 5:05,7.7,18.44
1587,6/25/2025 6:05,7.76,18.23
1588,6/25/2025 7:05,7.95,18.07
1589,6/25/2025 8:05,8.34,17.98
1590,6/25/2025 9:05,8.77,17.94
1591,6/25/2025 10:05,9.06,17.95
1592,6/25/2025 11:05,9.28,18.01
1593,6/25/2025 12:05,9.48,18.12
1594,6/25/2025 13:05,9.74,18.29
1595,6/25/2025 14:05,9.74,18.44
1596,6/25/2025 15:05,9.87,18.65
1597,6/25/2025 16:05,9.87,18.9
1598,6/25/2025 17:05,9.69,19.05
1599,6/25/2025 18:05,9.53,19.26
1600,6/25/2025 19:05,9.29,19.43
1601,6/25/2025 20:05,8.87,19.35
1602,6/25/2025 21:05,8.51,19.04
1603,6/25/2025 22:05,8.15,18.67
1604,6/25/2025 23:05,7.93,18.36
1605,6/26/2025 0:05,7.87,18.12
1606,6/26/2025 1:05,7.85,17.92
1607,6/26/2025 2:05,7.83,17.75
1608,6/26/2025 3:05,7.81,17.67
1609,6/26/2025 4:05,7.74,17.6
1610,6/26/2025 5:05,7.74,17.5
1611,6/26/2025 6:05,7.81,17.38
1612,6/26/2025 7:05,8.21,17.24
1613,6/26/2025 8:05,8.56,17.09
1614,6/26/2025 9:05,9.01,16.96
1615,6/26/2025 10:05,9.26,16.89
1616,6/26/2025 11:05,9.52,16.9
1617,6/26/2025 12:05,9.69,17.01
1618,6/26/2025 13:05,9.83,17.2
1619,6/26/2025 14:05,9.84,17.37
1620,6/26/2025 15:05,9.61,17.44
1621,6/26/2025 16:05,9.52,17.46
1622,6/26/2025 17:05,9.37,17.43
1623,6/26/2025 18:05,9.19,17.37
1624,6/26/2025 19:05,8.92,17.29
1625,6/26/2025 20:05,8.87,17.25
1626,6/26/2025 21:05,8.58,17.16
1627,6/26/2025 22:05,8.32,17.06
1628,6/26/2025 23:05,8.21,17
1629,6/27/2025 0:05,8.1,16.95
1630,6/27/2025 1:05,8.02,16.9
1631,6/27/2025 2:05,7.99,16.8
1632,6/27/2025 3:05,7.97,16.71
1633,6/27/2025 4:05,7.96,16.59
1634,6/27/2025 5:05,7.95,16.43
1635,6/27/2025 6:05,7.98,16.31
1636,6/27/2025 7:05,8.32,16.24
1637,6/27/2025 8:05,8.67,16.24
1638,6/27/2025 9:05,9.12,16.35
1639,6/27/2025 10:05,9.58,16.64
1640,6/27/2025 11:05,9.61,16.86
1641,6/27/2025 12:05,9.61,16.96
1642,6/27/2025 13:05,9.58,16.99
1643,6/27/2025 14:05,9.74,17.07
1644,6/27/2025 15:05,9.46,17.07
1645,6/27/2025 16:05,9.26,17.04
1646,6/27/2025 17:05,9.32,17.02
1647,6/27/2025 18:05,9.15,16.99
1648,6/27/2025 19:05,9.02,16.98
1649,6/27/2025 20:05,9.04,17
1650,6/27/2025 21:05,8.8,16.97
1651,6/27/2025 22:05,8.47,16.88
1652,6/27/2025 23:05,8.22,16.82
1653,6/28/2025 0:05,8.08,16.72
1654,6/28/2025 1:05,8.06,16.6
1655,6/28/2025 2:05,8,16.51
1656,6/28/2025 3:05,7.96,16.44
1657,6/28/2025 4:05,7.91,16.38
1658,6/28/2025 5:05,7.95,16.33
1659,6/28/2025 6:05,8,16.24
1660,6/28/2025 7:05,8.29,16.2
1661,6/28/2025 8:05,8.65,16.21
1662,6/28/2025 9:05,9.02,16.37
1663,6/28/2025 10:05,9.26,16.7
1664,6/28/2025 11:05,9.58,17.2
1665,6/28/2025 12:05,9.67,17.68
1666,6/28/2025 13:05,9.8,18.22
1667,6/28/2025 14:05,9.77,18.87
1668,6/28/2025 15:05,9.66,19.22
1669,6/28/2025 16:05,9.54,19.38
1670,6/28/2025 17:05,9.36,19.62
1671,6/28/2025 18:05,9.11,19.57
1672,6/28/2025 19:05,8.79,19.41
1673,6/28/2025 20:05,8.52,19.25
1674,6/28/2025 21:05,8.11,19.18
1675,6/28/2025 22:05,7.73,19.12
1676,6/28/2025 23:05,7.53,19.02
1677,6/29/2025 0:05,7.36,18.95
1678,6/29/2025 1:05,7.25,18.88
1679,6/29/2025 2:05,7.22,18.81
1680,6/29/2025 3:05,7.15,18.74
1681,6/29/2025 4:05,7.12,18.63
1682,6/29/2025 5:05,7.08,18.48
1683,6/29/2025 6:05,7.15,18.31
1684,6/29/2025 7:05,7.34,18.13
1685,6/29/2025 8:05,7.72,18.03
1686,6/29/2025 9:05,8.21,18.07
1687,6/29/2025 10:05,8.72,18.31
1688,6/29/2025 11:05,8.99,18.69
1689,6/29/2025 12:05,9.27,19.14
1690,6/29/2025 13:05,9.39,19.63
1691,6/29/2025 14:05,9.34,20.2
1692,6/29/2025 15:05,9.25,20.71
1693,6/29/2025 16:05,9.11,21.17
1694,6/29/2025 17:05,8.86,21.46
1695,6/29/2025 18:05,8.48,21.6
1696,6/29/2025 19:05,8.16,21.55
1697,6/29/2025 20:05,7.74,21.44
1698,6/29/2025 21:05,7.33,21.28
1699,6/29/2025 22:05,6.94,21.14
1700,6/29/2025 23:05,6.71,20.99
1701,6/30/2025 0:05,6.59,20.88
1702,6/30/2025 1:05,6.51,20.75
1703,6/30/2025 2:05,6.47,20.62
1704,6/30/2025 3:05,6.5,20.45
1705,6/30/2025 4:05,6.47,20.22
1706,6/30/2025 5:05,6.53,19.94
1707,6/30/2025 6:05,6.57,19.65
1708,6/30/2025 7:05,6.76,19.41
1709,6/30/2025 8:05,7.06,19.25
1710,6/30/2025 9:05,7.58,19.29
1711,6/30/2025 10:05,8.2,19.5
1712,6/30/2025 11:05,8.48,19.89
1713,6/30/2025 12:05,8.72,20.36
1714,6/30/2025 13:05,8.81,20.86
1715,6/30/2025 14:05,8.85,21.39
1716,6/30/2025 15:05,8.72,21.94
1717,6/30/2025 16:05,8.59,22.41
1718,6/30/2025 17:05,8.34,22.76
1719,6/30/2025 18:05,8.11,22.88
1720,6/30/2025 19:05,7.66,22.79
1721,6/30/2025 20:05,7.3,22.65
1722,6/30/2025 21:05,6.95,22.46
1723,6/30/2025 22:05,6.57,22.26
1724,6/30/2025 23:05,6.3,22.11
1725,7/1/2025 0:05,6.13,22
1726,7/1/2025 1:05,5.98,21.91
1727,7/1/2025 2:05,6.02,21.78
1728,7/1/2025 3:05,5.97,21.58
1729,7/1/2025 4:05,5.97,21.34
1730,7/1/2025 5:05,6.06,21.04
1731,7/1/2025 6:05,6.14,20.72
1732,7/1/2025 7:05,6.16,20.42
1733,7/1/2025 8:05,6.62,20.21
1734,7/1/2025 9:05,7.19,20.18
1735,7/1/2025 10:05,7.7,20.33
1736,7/1/2025 11:05,8.07,20.63
1737,7/1/2025 12:05,8.37,21.06
1738,7/1/2025 13:05,8.45,21.51
1739,7/1/2025 14:05,9.59,21.99
1740,7/1/2025 15:05,9.5,22.5
1741,7/1/2025 16:05,9.35,22.93
1742,7/1/2025 17:05,9.19,23.2
1743,7/1/2025 18:05,8.93,23.23
1744,7/1/2025 19:05,8.53,23.12
1745,7/1/2025 20:05,8.14,22.91
1746,7/1/2025 21:05,7.74,22.64
1747,7/1/2025 22:05,7.34,22.36
1748,7/1/2025 23:05,7.21,22.14
1749,7/2/2025 0:05,7.04,21.96
1750,7/2/2025 1:05,7.03,21.82
1751,7/2/2025 2:05,7.01,21.65
1752,7/2/2025 3:05,7.05,21.45
1753,7/2/2025 4:05,7.12,21.2
1754,7/2/2025 5:05,7.13,20.88
1755,7/2/2025 6:05,7.22,20.56
1756,7/2/2025 7:05,7.42,20.25
1757,7/2/2025 8:05,7.82,20.04
1758,7/2/2025 9:05,8.33,19.96
1759,7/2/2025 10:05,8.87,19.98
1760,7/2/2025 11:05,9.1,20.01
1761,7/2/2025 12:05,9.41,20.13
1762,7/2/2025 13:05,9.57,20.33
1763,7/2/2025 14:05,9.7,20.81
1764,7/2/2025 15:05,9.44,21.29
1765,7/2/2025 16:05,9.34,21.76
1766,7/2/2025 17:05,9.22,22.03
1767,7/2/2025 18:05,9.07,22.07
1768,7/2/2025 19:05,8.72,21.92
1769,7/2/2025 20:05,8.35,21.63
1770,7/2/2025 21:05,8,21.27
1771,7/2/2025 22:05,7.63,20.91
1772,7/2/2025 23:05,7.48,20.59
1773,7/3/2025 0:05,7.31,20.32
1774,7/3/2025 1:05,7.3,20.1
1775,7/3/2025 2:05,7.26,19.89
1776,7/3/2025 3:05,7.28,19.7
1777,7/3/2025 4:05,7.38,19.45
1778,7/3/2025 5:05,7.44,19.18
1779,7/3/2025 6:05,7.5,18.87
1780,7/3/2025 7:05,7.66,18.59
1781,7/3/2025 8:05,8.01,18.38
1782,7/3/2025 9:05,8.52,18.33
1783,7/3/2025 10:05,9.01,18.47
1784,7/3/2025 11:05,9.37,18.85
1785,7/3/2025 12:05,9.58,19.2
1786,7/3/2025 13:05,9.62,19.44
1787,7/3/2025 14:05,9.68,19.71
1788,7/3/2025 15:05,9.65,20.24
1789,7/3/2025 16:05,9.55,20.57
1790,7/3/2025 17:05,9.5,20.69
1791,7/3/2025 18:05,9.35,20.67
1792,7/3/2025 19:05,9.09,20.47
1793,7/3/2025 20:05,8.85,20.21
1794,7/3/2025 21:05,8.34,20.01
1795,7/3/2025 22:05,7.92,19.88
1796,7/3/2025 23:05,7.7,19.74
1797,7/4/2025 0:05,7.5,19.61
1798,7/4/2025 1:05,7.49,19.53
1799,7/4/2025 2:05,7.4,19.45
1800,7/4/2025 3:05,7.41,19.29
1801,7/4/2025 4:05,7.49,19.04
1802,7/4/2025 5:05,7.55,18.74
1803,7/4/2025 6:05,7.65,18.46
1804,7/4/2025 7:05,7.81,18.23
1805,7/4/2025 8:05,8.16,18.13
1806,7/4/2025 9:05,8.61,18.21
1807,7/4/2025 10:05,9.07,18.49
1808,7/4/2025 11:05,9.32,18.9
1809,7/4/2025 12:05,9.52,19.43
1810,7/4/2025 13:05,9.59,19.94
1811,7/4/2025 14:05,9.65,20.44
1812,7/4/2025 15:05,9.61,20.82
1813,7/4/2025 16:05,9.53,21.2
1814,7/4/2025 17:05,9.39,21.43
1815,7/4/2025 18:05,9.15,21.49
1816,7/4/2025 19:05,8.87,21.41
1817,7/4/2025 20:05,8.51,21.25
1818,7/4/2025 21:05,8.11,21.07
1819,7/4/2025 22:05,7.62,20.79
1820,7/4/2025 23:05,7.39,20.58
1821,7/5/2025 0:05,7.29,20.39
1822,7/5/2025 1:05,7.21,20.19
1823,7/5/2025 2:05,7.18,20.03
1824,7/5/2025 3:05,7.23,19.81
1825,7/5/2025 4:05,7.27,19.58
1826,7/5/2025 5:05,7.32,19.29
1827,7/5/2025 6:05,7.39,18.94
1828,7/5/2025 7:05,7.73,18.65
1829,7/5/2025 8:05,8.17,18.42
1830,7/5/2025 9:05,8.67,18.35
1831,7/5/2025 10:05,9.17,18.4
1832,7/5/2025 11:05,9.53,18.62
1833,7/5/2025 12:05,9.7,18.91
1834,7/5/2025 13:05,9.82,19.16
1835,7/5/2025 14:05,9.85,19.37
1836,7/5/2025 15:05,9.83,19.66
1837,7/5/2025 16:05,9.75,19.94
1838,7/5/2025 17:05,9.6,20.02
1839,7/5/2025 18:05,9.36,19.98
1840,7/5/2025 19:05,9.14,20.02
1841,7/5/2025 20:05,8.79,20
1842,7/5/2025 21:05,8.32,19.87
1843,7/5/2025 22:05,7.88,19.66
1844,7/5/2025 23:05,7.71,19.45
1845,7/6/2025 0:05,7.55,19.28
1846,7/6/2025 1:05,7.49,19.16
1847,7/6/2025 2:05,7.49,19.02
1848,7/6/2025 3:05,7.4,18.85
1849,7/6/2025 4:05,7.43,18.71
1850,7/6/2025 5:05,7.47,18.56
1851,7/6/2025 6:05,7.52,18.36
1852,7/6/2025 7:05,7.69,18.19
1853,7/6/2025 8:05,8.05,18.15
1854,7/6/2025 9:05,8.55,18.26
1855,7/6/2025 10:05,8.95,18.53
1856,7/6/2025 11:05,9.35,18.93
1857,7/6/2025 12:05,9.44,19.34
1858,7/6/2025 13:05,9.52,19.86
1859,7/6/2025 14:05,9.5,20.45
1860,7/6/2025 15:05,9.42,21.03
1861,7/6/2025 16:05,9.27,21.47
1862,7/6/2025 17:05,8.89,21.73
1863,7/6/2025 18:05,8.67,21.88
1864,7/6/2025 19:05,8.24,21.82
1865,7/6/2025 20:05,7.75,21.59
1866,7/6/2025 21:05,7.54,21.36
1867,7/6/2025 22:05,7.11,21.17
1868,7/6/2025 23:05,6.95,21.1
1869,7/7/2025 0:05,6.76,21.03
1870,7/7/2025 1:05,6.78,20.93
1871,7/7/2025 2:05,6.77,20.78
1872,7/7/2025 3:05,6.75,20.63
1873,7/7/2025 4:05,6.79,20.39
1874,7/7/2025 5:05,6.75,20.13
1875,7/7/2025 6:05,6.95,19.82
1876,7/7/2025 7:05,7.09,19.6
1877,7/7/2025 8:05,7.34,19.48
1878,7/7/2025 9:05,7.87,19.53
1879,7/7/2025 10:05,8.3,19.76
1880,7/7/2025 11:05,8.66,20.14
1881,7/7/2025 12:05,8.9,20.61
1882,7/7/2025 13:05,8.98,21.14
1883,7/7/2025 14:05,9.03,21.66
1884,7/7/2025 15:05,8.83,22.11
1885,7/7/2025 16:05,8.78,22.44
1886,7/7/2025 17:05,8.5,22.65
1887,7/7/2025 18:05,8.33,22.74
1888,7/7/2025 19:05,7.86,22.71
1889,7/7/2025 20:05,7.41,22.55
1890,7/7/2025 21:05,7.18,22.34
1891,7/7/2025 22:05,6.65,22.13
1892,7/7/2025 23:05,6.54,21.99
1893,7/8/2025 0:05,6.39,21.86
1894,7/8/2025 1:05,6.35,21.72
1895,7/8/2025 2:05,6.4,21.57
1896,7/8/2025 3:05,6.41,21.42
1897,7/8/2025 4:05,6.42,21.24
1898,7/8/2025 5:05,6.42,21.02
1899,7/8/2025 6:05,6.4,20.79
1900,7/8/2025 7:05,6.64,20.55
1901,7/8/2025 8:05,7.08,20.42
1902,7/8/2025 9:05,7.52,20.46
1903,7/8/2025 10:05,8.05,20.64
1904,7/8/2025 11:05,8.3,20.96
1905,7/8/2025 12:05,8.67,21.41
1906,7/8/2025 13:05,8.65,21.82
1907,7/8/2025 14:05,8.87,22.2
1908,7/8/2025 15:05,8.78,22.61
1909,7/8/2025 16:05,8.51,22.65
1910,7/8/2025 17:05,7.91,22.32
1911,7/8/2025 18:05,7.51,21.9
1912,7/8/2025 19:05,7.15,21.58
1913,7/8/2025 20:05,7,21.37
1914,7/8/2025 21:05,6.64,21.2
1915,7/8/2025 22:05,6.57,21.1
1916,7/8/2025 23:05,6.46,21.02
1917,7/9/2025 0:05,6.47,20.96
1918,7/9/2025 1:05,6.43,20.88
1919,7/9/2025 2:05,6.43,20.75
1920,7/9/2025 3:05,6.45,20.61
1921,7/9/2025 4:05,6.5,20.42
1922,7/9/2025 5:05,6.52,20.21
1923,7/9/2025 6:05,6.66,20
1924,7/9/2025 7:05,6.87,19.8
1925,7/9/2025 8:05,7.03,19.66
1926,7/9/2025 9:05,7.41,19.58
1927,7/9/2025 10:05,7.56,19.56
1928,7/9/2025 11:05,8.69,19.62
1929,7/9/2025 12:05,9.06,19.82
1930,7/9/2025 13:05,9.15,20.1
1931,7/9/2025 14:05,9.27,20.44
1932,7/9/2025 15:05,9.45,21
1933,7/9/2025 16:05,9.41,21.45
1934,7/9/2025 17:05,9.17,21.42
1935,7/9/2025 18:05,8.93,21.49
1936,7/9/2025 19:05,8.57,21.57
1937,7/9/2025 20:05,8.21,21.41
1938,7/9/2025 21:05,7.76,21.11
1939,7/9/2025 22:05,7.44,20.72
1940,7/9/2025 23:05,7.33,20.44
1941,7/10/2025 0:05,7.22,20.22
1942,7/10/2025 1:05,7.08,19.98
1943,7/10/2025 2:05,7.06,19.79
1944,7/10/2025 3:05,7.07,19.63
1945,7/10/2025 4:05,7.14,19.49
1946,7/10/2025 5:05,7.09,19.29
1947,7/10/2025 6:05,7.27,19.04
1948,7/10/2025 7:05,7.61,18.8
1949,7/10/2025 8:05,8.11,18.6
1950,7/10/2025 9:05,8.59,18.55
1951,7/10/2025 10:05,8.94,18.7
1952,7/10/2025 11:05,9.13,19
1953,7/10/2025 12:05,9.42,19.41
1954,7/10/2025 13:05,9.48,19.88
1955,7/10/2025 14:05,9.46,20.39
1956,7/10/2025 15:05,9.46,20.88
1957,7/10/2025 16:05,9.23,21.18
1958,7/10/2025 17:05,9.06,21.41
1959,7/10/2025 18:05,8.78,21.42
1960,7/10/2025 19:05,8.46,21.33
1961,7/10/2025 20:05,8.19,21.06
1962,7/10/2025 21:05,7.94,20.71
1963,7/10/2025 22:05,7.51,20.45
1964,7/10/2025 23:05,7.26,20.23
1965,7/11/2025 0:05,7.17,20.1
1966,7/11/2025 1:05,7.15,19.95
1967,7/11/2025 2:05,7.11,19.8
1968,7/11/2025 3:05,7,19.62
1969,7/11/2025 4:05,6.99,19.45
1970,7/11/2025 5:05,7.13,19.25
1971,7/11/2025 6:05,7.16,19.01
1972,7/11/2025 7:05,7.29,18.8
1973,7/11/2025 8:05,7.5,18.69
1974,7/11/2025 9:05,7.91,18.78
1975,7/11/2025 10:05,8.4,19.06
1976,7/11/2025 11:05,8.57,19.49
1977,7/11/2025 12:05,8.76,20.02
1978,7/11/2025 13:05,8.85,20.52
1979,7/11/2025 14:05,8.97,21.04
1980,7/11/2025 15:05,8.91,21.56
1981,7/11/2025 16:05,8.81,22.04
1982,7/11/2025 17:05,8.59,22.38
1983,7/11/2025 18:05,8.3,22.51
1984,7/11/2025 19:05,7.48,22.44
1985,7/11/2025 20:05,7.62,22.18
1986,7/11/2025 21:05,7.18,21.93
1987,7/11/2025 22:05,6.93,21.76
1988,7/11/2025 23:05,6.7,21.68
1989,7/12/2025 0:05,6.46,21.65
1990,7/12/2025 1:05,6.42,21.61
1991,7/12/2025 2:05,6.36,21.58
1992,7/12/2025 3:05,6.28,21.55
1993,7/12/2025 4:05,6.28,21.41
1994,7/12/2025 5:05,6.34,21.25
1995,7/12/2025 6:05,6.28,21.06
1996,7/12/2025 7:05,6.6,20.88
1997,7/12/2025 8:05,7.09,20.8
1998,7/12/2025 9:05,7.41,20.86
1999,7/12/2025 10:05,7.84,21.02
2000,7/12/2025 11:05,8.15,21.28
2001,7/12/2025 12:05,8.4,21.79
2002,7/12/2025 13:05,8.51,22.25
2003,7/12/2025 14:05,8.6,22.77
2004,7/12/2025 15:05,8.63,23.28
2005,7/12/2025 16:05,8.44,23.72
2006,7/12/2025 17:05,8.12,23.99
2007,7/12/2025 18:05,7.89,24.1
2008,7/12/2025 19:05,7.45,23.99
2009,7/12/2025 20:05,7.08,23.69
2010,7/12/2025 21:05,6.55,23.4
2011,7/12/2025 22:05,6.31,23.13
2012,7/12/2025 23:05,6.19,22.91
2013,7/13/2025 0:05,5.98,22.76
2014,7/13/2025 1:05,5.87,22.63
2015,7/13/2025 2:05,5.8,22.53
2016,7/13/2025 3:05,5.69,22.4
2017,7/13/2025 4:05,5.68,22.27
2018,7/13/2025 5:05,5.63,22.12
2019,7/13/2025 6:05,5.75,21.91
2020,7/13/2025 7:05,6.02,21.7
2021,7/13/2025 8:05,6.25,21.54
2022,7/13/2025 9:05,6.69,21.57
2023,7/13/2025 10:05,7.14,21.73
2024,7/13/2025 11:05,7.67,22.05
2025,7/13/2025 12:05,8.01,22.58
2026,7/13/2025 13:05,8.26,23.1
2027,7/13/2025 14:05,8.3,23.54
2028,7/13/2025 15:05,8.22,24.02
2029,7/13/2025 16:05,8.1,24.45
2030,7/13/2025 17:05,7.73,24.73
2031,7/13/2025 18:05,7.29,24.87
2032,7/13/2025 19:05,7.06,24.8
2033,7/13/2025 20:05,6.57,24.62
2034,7/13/2025 21:05,6.22,24.27
2035,7/13/2025 22:05,5.87,23.92
2036,7/13/2025 23:05,5.58,23.58
2037,7/14/2025 0:05,5.44,23.36
2038,7/14/2025 1:05,5.4,23.18
2039,7/14/2025 2:05,5.31,23.06
2040,7/14/2025 3:05,5.31,22.91
2041,7/14/2025 4:05,5.32,22.78
2042,7/14/2025 5:05,5.28,22.67
2043,7/14/2025 6:05,5.29,22.49
2044,7/14/2025 7:05,5.42,22.26
2045,7/14/2025 8:05,5.7,22.11
2046,7/14/2025 9:05,6.23,22.08
2047,7/14/2025 10:05,6.77,22.12
2048,7/14/2025 11:05,7.41,22.39
2049,7/14/2025 12:05,7.76,22.64
2050,7/14/2025 13:05,8.01,22.94
2051,7/14/2025 14:05,7.98,23.32
2052,7/14/2025 15:05,8.08,23.67
2053,7/14/2025 16:05,7.88,23.9
2054,7/14/2025 17:05,7.72,24.13
2055,7/14/2025 18:05,7.35,24.18
2056,7/14/2025 19:05,7.01,24.11
2057,7/14/2025 20:05,6.61,23.93
2058,7/14/2025 21:05,6.18,23.58
2059,7/14/2025 22:05,5.86,23.2
2060,7/14/2025 23:05,5.6,22.88
2061,7/15/2025 0:05,5.54,22.56
2062,7/15/2025 1:05,5.43,22.33
2063,7/15/2025 2:05,5.28,22.1
2064,7/15/2025 3:05,5.18,21.91
2065,7/15/2025 4:05,5.15,21.72
2066,7/15/2025 5:05,5.02,21.56
2067,7/15/2025 6:05,5.15,21.39
2068,7/15/2025 7:05,5.29,21.23
2069,7/15/2025 8:05,5.67,21.07
2070,7/15/2025 9:05,6.16,21.1
2071,7/15/2025 10:05,6.95,21.28
2072,7/15/2025 11:05,7.53,21.62
2073,7/15/2025 12:05,7.82,22.11
2074,7/15/2025 13:05,7.95,22.6
2075,7/15/2025 14:05,8.05,23.04
2076,7/15/2025 15:05,8,23.43
2077,7/15/2025 16:05,7.95,23.86
2078,7/15/2025 17:05,7.62,24.18
2079,7/15/2025 18:05,7.24,24.34
2080,7/15/2025 19:05,6.81,24.27
2081,7/15/2025 20:05,6.33,24.07
2082,7/15/2025 21:05,6.04,23.74
2083,7/15/2025 22:05,5.58,23.39
2084,7/15/2025 23:05,5.32,23.1
2085,7/16/2025 0:05,5.16,22.83
2086,7/16/2025 1:05,5.08,22.66
2087,7/16/2025 2:05,5.15,22.46
2088,7/16/2025 3:05,5.06,22.2
2089,7/16/2025 4:05,4.8,22
2090,7/16/2025 5:05,4.77,21.77
2091,7/16/2025 6:05,4.72,21.56
2092,7/16/2025 7:05,5.06,21.33
2093,7/16/2025 8:05,5.33,21.15
2094,7/16/2025 9:05,5.91,21.15
2095,7/16/2025 10:05,6.61,21.25
2096,7/16/2025 11:05,7.07,21.53
2097,7/16/2025 12:05,7.48,22.02
2098,7/16/2025 13:05,7.77,22.52
2099,7/16/2025 14:05,7.91,22.95
2100,7/16/2025 15:05,7.88,23.36
2101,7/16/2025 16:05,7.78,23.76
2102,7/16/2025 17:05,7.64,24.1
2103,7/16/2025 18:05,7.31,24.24
2104,7/16/2025 19:05,6.79,24.14
2105,7/16/2025 20:05,6.32,23.89
2106,7/16/2025 21:05,5.9,23.54
2107,7/16/2025 22:05,5.63,23.23
2108,7/16/2025 23:05,5.48,22.92
2109,7/17/2025 0:05,5.4,22.65
2110,7/17/2025 1:05,5.22,22.5
2111,7/17/2025 2:05,5.12,22.36
2112,7/17/2025 3:05,4.95,22.15
2113,7/17/2025 4:05,4.93,21.97
2114,7/17/2025 5:05,4.92,21.77
2115,7/17/2025 6:05,4.99,21.57
2116,7/17/2025 7:05,5.2,21.33
2117,7/17/2025 8:05,5.53,21.12
2118,7/17/2025 9:05,6.04,21.08
2119,7/17/2025 10:05,6.67,21.16
2120,7/17/2025 11:05,7.2,21.41
2121,7/17/2025 12:05,7.51,21.87
2122,7/17/2025 13:05,7.72,22.35
2123,7/17/2025 14:05,7.79,22.77
2124,7/17/2025 15:05,7.86,23.2
2125,7/17/2025 16:05,7.73,23.62
2126,7/17/2025 17:05,7.5,23.94
2127,7/17/2025 18:05,7.17,24.08
2128,7/17/2025 19:05,6.75,23.99
2129,7/17/2025 20:05,6.38,23.77
2130,7/17/2025 21:05,6.02,23.47
2131,7/17/2025 22:05,5.57,23.13
2132,7/17/2025 23:05,5.24,22.86
2133,7/18/2025 0:05,4.98,22.62
2134,7/18/2025 1:05,4.84,22.46
2135,7/18/2025 2:05,4.78,22.33
2136,7/18/2025 3:05,4.89,22.25
2137,7/18/2025 4:05,4.89,22.11
2138,7/18/2025 5:05,4.81,21.99
2139,7/18/2025 6:05,4.8,21.79
2140,7/18/2025 7:05,4.95,21.58
2141,7/18/2025 8:05,5.36,21.39
2142,7/18/2025 9:05,6.06,21.29
2143,7/18/2025 10:05,6.47,21.18
2144,7/18/2025 11:05,6.56,21.05
2145,7/18/2025 12:05,6.74,20.97
2146,7/18/2025 13:05,7.26,21.08
2147,7/18/2025 14:05,7.72,21.22
2148,7/18/2025 15:05,7.84,21.38
2149,7/18/2025 16:05,7.78,21.69
2150,7/18/2025 17:05,7.58,22.05
2151,7/18/2025 18:05,7.4,22.23
2152,7/18/2025 19:05,6.99,22.21
2153,7/18/2025 20:05,6.51,22.04
2154,7/18/2025 21:05,6.17,21.74
2155,7/18/2025 22:05,5.85,21.39
2156,7/18/2025 23:05,5.43,21.01
2157,7/19/2025 0:05,5.47,20.7
2158,7/19/2025 1:05,5.37,20.42
2159,7/19/2025 2:05,5.31,20.15
2160,7/19/2025 3:05,5.06,19.92
2161,7/19/2025 4:05,5.16,19.75
2162,7/19/2025 5:05,5.22,19.58
2163,7/19/2025 6:05,5.27,19.41
2164,7/19/2025 7:05,5.5,19.28
2165,7/19/2025 8:05,5.95,19.16
2166,7/19/2025 9:05,6.48,19.18
2167,7/19/2025 10:05,7.15,19.17
2168,7/19/2025 11:05,7.41,19.42
2169,7/19/2025 12:05,7.83,19.78
2170,7/19/2025 13:05,7.92,20.13
2171,7/19/2025 14:05,8.07,20.51
2172,7/19/2025 15:05,8.08,20.88
2173,7/19/2025 16:05,8.07,21.36
2174,7/19/2025 17:05,7.71,21.61
2175,7/19/2025 18:05,7.45,21.71
2176,7/19/2025 19:05,7.04,21.6
2177,7/19/2025 20:05,6.7,21.33
2178,7/19/2025 21:05,6.27,20.97
2179,7/19/2025 22:05,5.97,20.74
2180,7/19/2025 23:05,5.73,20.48
2181,7/20/2025 0:05,5.49,20.29
2182,7/20/2025 1:05,5.54,20.18
2183,7/20/2025 2:05,5.51,20.07
2184,7/20/2025 3:05,5.3,19.98
2185,7/20/2025 4:05,5.33,19.89
2186,7/20/2025 5:05,5.24,19.76
2187,7/20/2025 6:05,5.35,19.66
2188,7/20/2025 7:05,5.58,19.49
2189,7/20/2025 8:05,5.91,19.4
2190,7/20/2025 9:05,6.5,19.47
2191,7/20/2025 10:05,6.93,19.57
2192,7/20/2025 11:05,7.35,19.78
2193,7/20/2025 12:05,7.69,20.25
2194,7/20/2025 13:05,7.78,20.7
2195,7/20/2025 14:05,7.99,21.13
2196,7/20/2025 15:05,7.95,21.57
2197,7/20/2025 16:05,7.9,21.99
2198,7/20/2025 17:05,7.63,22.28
2199,7/20/2025 18:05,7.35,22.4
2200,7/20/2025 19:05,7,22.28
2201,7/20/2025 20:05,6.56,22.02
2202,7/20/2025 21:05,6.17,21.75
2203,7/20/2025 22:05,5.82,21.43
2204,7/20/2025 23:05,5.42,21.1
2205,7/21/2025 0:05,5.12,20.91
2206,7/21/2025 1:05,5.17,20.78
2207,7/21/2025 2:05,5.13,20.64
2208,7/21/2025 3:05,4.95,20.54
2209,7/21/2025 4:05,4.94,20.43
2210,7/21/2025 5:05,5.04,20.33
2211,7/21/2025 6:05,5.16,20.2
2212,7/21/2025 7:05,5.17,20
2213,7/21/2025 8:05,5.56,19.88
2214,7/21/2025 9:05,6.13,20.03
2215,7/21/2025 10:05,6.8,20.11
2216,7/21/2025 11:05,7.04,20.46
2217,7/21/2025 12:05,7.4,20.95
2218,7/21/2025 13:03,8.67,21.27
2219,7/21/2025 14:03,8.06,21.85
2220,7/21/2025 15:03,8.02,22.29
2221,7/21/2025 16:03,7.97,22.75
2222,7/21/2025 17:03,7.69,23.09
2223,7/21/2025 18:03,7.3,23.18
2224,7/21/2025 19:03,7.02,23.05
2225,7/21/2025 20:03,6.49,22.79
2226,7/21/2025 21:03,6.11,22.48
2227,7/21/2025 22:03,5.77,22.2
2228,7/21/2025 23:03,5.53,21.99
2229,7/22/2025 0:03,5.49,21.85
2230,7/22/2025 1:03,5.31,21.77
2231,7/22/2025 2:03,5.12,21.66
2232,7/22/2025 3:03,5,21.56
2233,7/22/2025 4:03,5.06,21.45
2234,7/22/2025 5:03,5.15,21.33
2235,7/22/2025 6:03,5.06,21.16
2236,7/22/2025 7:03,5.11,20.94
2237,7/22/2025 8:03,5.49,20.82
2238,7/22/2025 9:03,6.33,20.81
2239,7/22/2025 10:03,6.86,20.84
2240,7/22/2025 11:03,7.31,20.96
2241,7/22/2025 12:03,7.56,21.3
2242,7/22/2025 13:03,7.71,21.66
2243,7/22/2025 14:03,7.77,21.99
2244,7/22/2025 15:03,7.78,22.28
2245,7/22/2025 16:03,7.82,22.62
2246,7/22/2025 17:03,7.41,22.9
2247,7/22/2025 18:03,7.31,22.99
2248,7/22/2025 19:03,6.94,22.88
2249,7/22/2025 20:03,6.35,22.62
2250,7/22/2025 21:03,5.92,22.31
2251,7/22/2025 22:03,5.61,22.08
2252,7/22/2025 23:03,5.42,21.82
2253,7/23/2025 0:03,4.98,21.61
2254,7/23/2025 1:03,4.73,21.49
2255,7/23/2025 2:03,4.99,21.42
2256,7/23/2025 3:03,4.84,21.34
2257,7/23/2025 4:03,4.76,21.26
2258,7/23/2025 5:03,4.74,21.14
2259,7/23/2025 6:03,4.57,20.97
2260,7/23/2025 7:03,4.9,20.81
2261,7/23/2025 8:03,5.45,20.63
2262,7/23/2025 9:03,6.07,20.67
2263,7/23/2025 10:03,6.45,20.79
2264,7/23/2025 11:03,6.97,21.07
2265,7/23/2025 12:03,7.23,21.53
2266,7/23/2025 13:03,7.45,21.99
2267,7/23/2025 14:03,7.47,22.41
2268,7/23/2025 15:03,7.58,22.85
2269,7/23/2025 16:03,7.33,23.22
2270,7/23/2025 17:03,7.06,23.48
2271,7/23/2025 18:03,6.81,23.58
2272,7/23/2025 19:03,6.23,23.48
2273,7/23/2025 20:03,5.87,23.26
2274,7/23/2025 21:03,5.47,22.96
2275,7/23/2025 22:03,5.18,22.62
2276,7/23/2025 23:03,4.74,22.37
2277,7/24/2025 0:03,4.66,22.23
2278,7/24/2025 1:03,4.52,22.05
2279,7/24/2025 2:03,4.42,22
2280,7/24/2025 3:03,4.51,21.94
2281,7/24/2025 4:03,4.45,21.81
2282,7/24/2025 5:03,4.41,21.73
2283,7/24/2025 6:03,4.36,21.57
2284,7/24/2025 7:03,4.39,21.37
2285,7/24/2025 8:03,4.72,21.25
2286,7/24/2025 9:03,5.16,21.29
2287,7/24/2025 10:03,5.68,21.33
2288,7/24/2025 11:03,6.29,21.58
2289,7/24/2025 12:03,6.86,22.06
2290,7/24/2025 13:03,6.97,22.47
2291,7/24/2025 14:03,7.35,22.8
2292,7/24/2025 15:03,7.16,23.18
2293,7/24/2025 16:03,7.22,23.57
2294,7/24/2025 17:03,7.08,23.9
2295,7/24/2025 18:03,6.59,24.04
2296,7/24/2025 19:03,6.16,23.93
2297,7/24/2025 20:03,5.97,23.63
2298,7/24/2025 21:03,5.46,23.18
2299,7/24/2025 22:03,5.08,22.8
2300,7/24/2025 23:03,4.91,22.39
2301,7/25/2025 0:03,4.6,22.1
2302,7/25/2025 1:03,4.55,21.89
2303,7/25/2025 2:03,4.55,21.7
2304,7/25/2025 3:03,4.32,21.42
2305,7/25/2025 4:03,4.28,21.24
2306,7/25/2025 5:03,4.28,21.04
2307,7/25/2025 6:03,4.43,20.81
2308,7/25/2025 7:03,4.41,20.57
2309,7/25/2025 8:03,4.91,20.3
2310,7/25/2025 9:03,5.48,20.25
2311,7/25/2025 10:03,6.27,20.21
2312,7/25/2025 11:03,6.69,20.46
2313,7/25/2025 12:03,7.19,20.88
2314,7/25/2025 13:03,7.23,21.33
2315,7/25/2025 14:03,7.51,21.7
2316,7/25/2025 15:03,7.33,22.02
2317,7/25/2025 16:03,7.27,22.2
2318,7/25/2025 17:03,7.04,22.22
2319,7/25/2025 18:03,7,22.17
2320,7/25/2025 19:03,6.66,21.97
2321,7/25/2025 20:03,6.19,21.72
2322,7/25/2025 21:03,5.83,21.36
2323,7/25/2025 22:03,5.37,20.99
2324,7/25/2025 23:03,5.11,20.71
2325,7/26/2025 0:03,5.01,20.52
2326,7/26/2025 1:03,4.86,20.39
2327,7/26/2025 2:03,4.69,20.27
2328,7/26/2025 3:03,4.83,20.12
2329,7/26/2025 4:03,4.73,19.94
2330,7/26/2025 5:03,4.84,19.75
2331,7/26/2025 6:03,4.75,19.54
2332,7/26/2025 7:03,5.04,19.32
2333,7/26/2025 8:03,5.34,19.19
2334,7/26/2025 9:03,5.84,19.24
2335,7/26/2025 10:03,6.38,19.34
2336,7/26/2025 11:03,6.93,19.7
2337,7/26/2025 12:03,7.32,20.17
2338,7/26/2025 13:03,7.33,20.6
2339,7/26/2025 14:03,7.51,21.04
2340,7/26/2025 15:03,7.52,21.5
2341,7/26/2025 16:03,7.41,21.9
2342,7/26/2025 17:03,7.28,22.14
2343,7/26/2025 18:03,6.78,22.21
2344,7/26/2025 19:03,6.29,22.09
2345,7/26/2025 20:03,6.11,21.78
2346,7/26/2025 21:03,5.76,21.4
2347,7/26/2025 22:03,5.39,21.05
2348,7/26/2025 23:03,5.03,20.75
2349,7/27/2025 0:03,4.98,20.5
2350,7/27/2025 1:03,5.07,20.38
2351,7/27/2025 2:03,5.01,20.26
2352,7/27/2025 3:03,4.83,20.13
2353,7/27/2025 4:03,4.65,20.06
2354,7/27/2025 5:03,4.63,19.98
2355,7/27/2025 6:03,4.74,19.86
2356,7/27/2025 7:03,5,19.61
2357,7/27/2025 8:03,5.28,19.38
2358,7/27/2025 9:03,5.95,19.34
2359,7/27/2025 10:03,6.3,19.37
2360,7/27/2025 11:03,6.91,19.57
2361,7/27/2025 12:03,7.31,20.05
2362,7/27/2025 13:03,7.43,20.55
2363,7/27/2025 14:03,7.67,20.96
2364,7/27/2025 15:03,7.65,21.42
2365,7/27/2025 16:03,7.55,21.77
2366,7/27/2025 17:03,7.26,22.03
2367,7/27/2025 18:03,6.85,22.16
2368,7/27/2025 19:03,6.62,22.05
2369,7/27/2025 20:03,6.26,21.71
2370,7/27/2025 21:03,5.64,21.34
2371,7/27/2025 22:03,5.5,21.08
2372,7/27/2025 23:03,5.3,20.81
2373,7/28/2025 0:03,5.07,20.64
2374,7/28/2025 1:03,4.59,20.55
2375,7/28/2025 2:03,4.46,20.44
2376,7/28/2025 3:03,4.38,20.32
2377,7/28/2025 4:03,4.45,20.23
2378,7/28/2025 5:03,4.59,20.1
2379,7/28/2025 6:03,4.42,19.94
2380,7/28/2025 7:03,4.59,19.75
2381,7/28/2025 8:03,5.01,19.59
2382,7/28/2025 9:03,5.8,19.63
2383,7/28/2025 10:03,6.12,19.7
2384,7/28/2025 11:03,6.57,19.97
2385,7/28/2025 12:03,6.88,20.41
2386,7/28/2025 13:03,7.08,20.85
2387,7/28/2025 14:03,7.4,21.28
2388,7/28/2025 15:03,7.38,21.69
2389,7/28/2025 16:03,7.32,22.07
2390,7/28/2025 17:03,7.04,22.38
2391,7/28/2025 18:03,6.7,22.46
2392,7/28/2025 19:03,6.28,22.33
2393,7/28/2025 20:03,5.72,22.08
2394,7/28/2025 21:03,5.53,21.8
2395,7/28/2025 22:03,5.22,21.47
2396,7/28/2025 23:03,4.8,21.2
2397,7/29/2025 0:03,4.56,21.04
2398,7/29/2025 1:03,4.43,20.9
2399,7/29/2025 2:03,4.37,20.8
2400,7/29/2025 3:03,4.24,20.7
2401,7/29/2025 4:03,4.39,20.61
2402,7/29/2025 5:03,4.36,20.53
2403,7/29/2025 6:03,4.35,20.36
2404,7/29/2025 7:03,4.5,20.13
2405,7/29/2025 8:03,4.92,19.95
2406,7/29/2025 9:03,5.26,19.99
2407,7/29/2025 10:03,5.69,20.07
2408,7/29/2025 11:03,6.45,20.39
2409,7/29/2025 12:03,6.93,20.92
2410,7/29/2025 13:03,7.15,21.43
2411,7/29/2025 14:03,7.19,21.91
2412,7/29/2025 15:03,7.32,22.36
2413,7/29/2025 16:03,7.14,22.82
2414,7/29/2025 17:03,6.75,23.14
2415,7/29/2025 18:03,6.32,23.3
2416,7/29/2025 19:03,6.06,23.21
2417,7/29/2025 20:03,5.7,22.94
2418,7/29/2025 21:03,5.27,22.58
2419,7/29/2025 22:03,4.7,22.25
2420,7/29/2025 23:03,4.39,22.01
2421,7/30/2025 0:03,4.63,21.86
2422,7/30/2025 1:03,4.29,21.7
2423,7/30/2025 2:03,4.19,21.59
2424,7/30/2025 3:03,4.27,21.51
2425,7/30/2025 4:03,4.07,21.37
2426,7/30/2025 5:03,3.9,21.24
2427,7/30/2025 6:03,4.2,21.1
2428,7/30/2025 7:03,4.45,20.88
2429,7/30/2025 8:03,4.7,20.71
2430,7/30/2025 9:03,5.19,20.71
2431,7/30/2025 10:03,5.77,20.79
2432,7/30/2025 11:03,6.32,21.07
2433,7/30/2025 12:03,6.67,21.54
2434,7/30/2025 13:03,6.93,22.04
2435,7/30/2025 14:03,6.96,22.48
2436,7/30/2025 15:03,7.29,22.91
2437,7/30/2025 16:03,7.23,23.31
2438,7/30/2025 17:03,6.75,23.63
2439,7/30/2025 18:03,6.46,23.77
2440,7/30/2025 19:03,6.07,23.68
2441,7/30/2025 20:03,5.71,23.46
2442,7/30/2025 21:03,5.26,23.15
2443,7/30/2025 22:03,4.87,22.84
2444,7/30/2025 23:03,4.72,22.6
2445,7/31/2025 0:03,4.44,22.37
2446,7/31/2025 1:03,4.32,22.28
2447,7/31/2025 2:03,4.36,22.19
2448,7/31/2025 3:03,4.15,22.13
2449,7/31/2025 4:03,4.23,22.09
2450,7/31/2025 5:03,4.11,22.05
2451,7/31/2025 6:03,4.14,21.96
2452,7/31/2025 7:03,4.19,21.81
2453,7/31/2025 8:03,4.65,21.66
2454,7/31/2025 9:03,5.21,21.54
2455,7/31/2025 10:03,5.68,21.58
2456,7/31/2025 11:03,6.09,21.75
2457,7/31/2025 12:03,6.69,22.15
2458,7/31/2025 13:03,6.95,22.63
2459,7/31/2025 14:03,6.99,23.08
2460,7/31/2025 15:03,7,23.46
2461,7/31/2025 16:03,7.12,23.82
2462,7/31/2025 17:03,6.61,24.06
2463,7/31/2025 18:03,6.32,24.04
2464,7/31/2025 19:03,6.02,23.86
2465,7/31/2025 20:03,5.58,23.55
2466,7/31/2025 21:03,5.27,23.16
2467,7/31/2025 22:03,4.77,22.81
2468,7/31/2025 23:03,4.44,22.52
2469,8/1/2025 0:03,4.42,22.29
2470,8/1/2025 1:03,4.35,22.14
2471,8/1/2025 2:03,4.24,22.02
2472,8/1/2025 3:03,4.21,21.93
2473,8/1/2025 4:03,4.13,21.85
2474,8/1/2025 5:03,4.15,21.74
2475,8/1/2025 6:03,3.93,21.57
2476,8/1/2025 7:03,4.02,21.39
2477,8/1/2025 8:03,4.59,21.23
2478,8/1/2025 9:03,5.11,21.21
2479,8/1/2025 10:03,5.68,21.27
2480,8/1/2025 11:03,6.28,21.48
2481,8/1/2025 12:03,6.58,21.87
2482,8/1/2025 13:03,6.82,22.26
2483,8/1/2025 14:03,7.08,22.62
2484,8/1/2025 15:03,7.14,22.96
2485,8/1/2025 16:03,7.04,23.28
2486,8/1/2025 17:03,6.57,23.52
2487,8/1/2025 18:03,6.22,23.61
2488,8/1/2025 19:03,6.01,23.51
2489,8/1/2025 20:03,5.69,23.2
2490,8/1/2025 21:03,5.2,22.85
2491,8/1/2025 22:03,4.94,22.56
2492,8/1/2025 23:03,4.77,22.29
2493,8/2/2025 0:03,4.49,22.09
2494,8/2/2025 1:03,4.37,21.97
2495,8/2/2025 2:03,4.29,21.85
2496,8/2/2025 3:03,4.15,21.7
2497,8/2/2025 4:03,3.91,21.58
2498,8/2/2025 5:03,3.94,21.44
2499,8/2/2025 6:03,4.19,21.34
2500,8/2/2025 7:03,4.42,21.11
2501,8/2/2025 8:03,4.43,20.92
2502,8/2/2025 9:03,4.95,20.87
2503,8/2/2025 10:03,5.52,20.96
2504,8/2/2025 11:03,6.34,21.21
2505,8/2/2025 12:03,6.61,21.59
2506,8/2/2025 13:03,6.83,21.99
2507,8/2/2025 14:03,6.84,22.35
2508,8/2/2025 15:03,6.97,22.71
2509,8/2/2025 16:03,6.81,23.14
2510,8/2/2025 17:03,6.65,23.45
2511,8/2/2025 18:03,6.18,23.52
2512,8/2/2025 19:03,5.92,23.37
2513,8/2/2025 20:03,5.74,23.08
2514,8/2/2025 21:03,5.3,22.69
2515,8/2/2025 22:03,4.91,22.33
2516,8/2/2025 23:03,4.59,22.09
2517,8/3/2025 0:03,4.74,21.92
2518,8/3/2025 1:03,4.64,21.8
2519,8/3/2025 2:03,4.59,21.65
2520,8/3/2025 3:03,4.56,21.53
2521,8/3/2025 4:03,4.49,21.38
2522,8/3/2025 5:03,4.46,21.19
2523,8/3/2025 6:03,4.57,21.03
2524,8/3/2025 7:03,4.63,20.84
2525,8/3/2025 8:03,4.98,20.7
2526,8/3/2025 9:03,5.28,20.57
2527,8/3/2025 10:03,6.02,20.57
2528,8/3/2025 11:03,6.55,20.64
2529,8/3/2025 12:03,7.08,20.94
2530,8/3/2025 13:03,7.36,21.16
2531,8/3/2025 14:03,7.44,21.25
2532,8/3/2025 15:03,7.38,21.41
2533,8/3/2025 16:03,7.54,21.64
2534,8/3/2025 17:03,7.43,21.85
2535,8/3/2025 18:03,7.05,21.91
2536,8/3/2025 19:03,6.84,21.84
2537,8/3/2025 20:03,6.27,21.68
2538,8/3/2025 21:03,5.67,21.39
2539,8/3/2025 22:03,5.35,21.1
2540,8/3/2025 23:03,5.15,20.81
2541,8/4/2025 0:03,4.98,20.59
2542,8/4/2025 1:03,4.71,20.44
2543,8/4/2025 2:03,4.8,20.3
2544,8/4/2025 3:03,4.78,20.16
2545,8/4/2025 4:03,4.72,20.03
2546,8/4/2025 5:03,4.44,19.95
2547,8/4/2025 6:03,4.58,19.86
2548,8/4/2025 7:03,4.87,19.75
2549,8/4/2025 8:03,5.23,19.66
2550,8/4/2025 9:03,5.68,19.73
2551,8/4/2025 10:03,6.13,19.9
2552,8/4/2025 11:03,6.63,20.24
2553,8/4/2025 12:03,6.97,20.67
2554,8/4/2025 13:03,7,21.06
2555,8/4/2025 14:03,7.23,21.43
2556,8/4/2025 15:03,7.29,21.73
2557,8/4/2025 16:03,7.4,22.05
2558,8/4/2025 17:03,7.21,22.2
2559,8/4/2025 18:03,6.8,22.16
2560,8/4/2025 19:03,6.39,22.02
2561,8/4/2025 20:03,6.08,21.75
2562,8/4/2025 21:03,5.69,21.38
2563,8/4/2025 22:03,5.26,21.08
2564,8/4/2025 23:03,5.02,20.86
2565,8/5/2025 0:03,4.76,20.65
2566,8/5/2025 1:03,4.61,20.48
2567,8/5/2025 2:03,4.62,20.39
2568,8/5/2025 3:03,4.56,20.27
2569,8/5/2025 4:03,4.54,20.2
2570,8/5/2025 5:03,4.54,20.1
2571,8/5/2025 6:03,4.62,19.94
2572,8/5/2025 7:03,4.59,19.76
2573,8/5/2025 8:03,4.75,19.58
2574,8/5/2025 9:03,5.34,19.53
2575,8/5/2025 10:03,6.04,19.55
2576,8/5/2025 11:03,6.4,19.59
2577,8/5/2025 12:03,6.81,19.7
2578,8/5/2025 13:03,6.89,19.77
2579,8/5/2025 14:03,7.01,19.94
2580,8/5/2025 15:03,7.14,20.24
2581,8/5/2025 16:03,6.88,20.32
2582,8/5/2025 17:03,6.56,20.28
2583,8/5/2025 18:03,6.33,20.2
2584,8/5/2025 19:03,6.24,20.07
2585,8/5/2025 20:03,5.89,19.88
2586,8/5/2025 21:03,5.55,19.78
2587,8/5/2025 22:03,5.25,19.73
2588,8/5/2025 23:03,4.91,19.71
2589,8/6/2025 0:03,4.72,19.67
2590,8/6/2025 1:03,4.76,19.64
2591,8/6/2025 2:03,4.51,19.65
2592,8/6/2025 3:03,4.59,19.67
2593,8/6/2025 4:03,4.62,19.63
2594,8/6/2025 5:03,4.64,19.58
2595,8/6/2025 6:03,4.56,19.49
2596,8/6/2025 7:03,4.66,19.35
2597,8/6/2025 8:03,4.83,19.21
2598,8/6/2025 9:03,5.08,19.1
2599,8/6/2025 10:03,5.79,19.16
2600,8/6/2025 11:03,6.15,19.35
2601,8/6/2025 12:03,6.42,19.61
2602,8/6/2025 13:03,6.68,20.06
