#,"Date Time, GMT-07:00",Temp,DO
1,5/13/2025 18:00,16.32,10.42
2,5/13/2025 18:15,16.42,10.41
3,5/13/2025 18:30,16.48,10.38
4,5/13/2025 18:45,16.5,10.33
5,5/13/2025 19:00,16.48,10.3
6,5/13/2025 19:15,16.48,10.25
7,5/13/2025 19:30,16.48,10.21
8,5/13/2025 19:45,16.48,10.18
9,5/13/2025 20:00,16.46,10.13
10,5/13/2025 20:15,16.42,10.09
11,5/13/2025 20:30,16.38,10.04
12,5/13/2025 20:45,16.32,9.99
13,5/13/2025 21:00,16.26,9.97
14,5/13/2025 21:15,16.2,9.92
15,5/13/2025 21:30,16.18,9.88
16,5/13/2025 21:45,16.16,9.85
17,5/13/2025 22:00,16.14,9.84
18,5/13/2025 22:15,16.12,9.79
19,5/13/2025 22:30,16.1,9.78
20,5/13/2025 22:45,16.1,9.76
21,5/13/2025 23:00,16.1,9.74
22,5/13/2025 23:15,16.06,9.73
23,5/13/2025 23:30,16.02,9.7
24,5/13/2025 23:45,15.96,9.7
25,5/14/2025 0:00,15.9,9.71
26,5/14/2025 0:15,15.84,9.7
27,5/14/2025 0:30,15.8,9.73
28,5/14/2025 0:45,15.76,9.73
29,5/14/2025 1:00,15.7,9.71
30,5/14/2025 1:15,15.66,9.71
31,5/14/2025 1:30,15.62,9.71
32,5/14/2025 1:45,15.6,9.73
33,5/14/2025 2:00,15.56,9.73
34,5/14/2025 2:15,15.54,9.73
35,5/14/2025 2:30,15.5,9.74
36,5/14/2025 2:45,15.48,9.74
37,5/14/2025 3:00,15.44,9.74
38,5/14/2025 3:15,15.4,9.75
39,5/14/2025 3:30,15.36,9.76
40,5/14/2025 3:45,15.3,9.77
41,5/14/2025 4:00,15.24,9.78
42,5/14/2025 4:15,15.18,9.78
43,5/14/2025 4:30,15.12,9.81
44,5/14/2025 4:45,15.06,9.84
45,5/14/2025 5:00,15,9.85
46,5/14/2025 5:15,14.94,9.87
47,5/14/2025 5:30,14.88,9.87
48,5/14/2025 5:45,14.82,9.89
49,5/14/2025 6:00,14.76,9.91
50,5/14/2025 6:15,14.72,9.95
51,5/14/2025 6:30,14.68,9.96
52,5/14/2025 6:45,14.62,10
53,5/14/2025 7:00,14.6,10.06
54,5/14/2025 7:15,14.58,10.11
55,5/14/2025 7:30,14.56,10.13
56,5/14/2025 7:45,14.56,10.18
57,5/14/2025 8:00,14.54,10.23
58,5/14/2025 8:15,14.54,10.27
59,5/14/2025 8:30,14.52,10.3
60,5/14/2025 8:45,14.5,10.34
61,5/14/2025 9:00,14.52,10.4
62,5/14/2025 9:15,14.56,10.43
63,5/14/2025 9:30,14.58,10.47
64,5/14/2025 9:45,14.64,10.52
65,5/14/2025 10:00,14.68,10.55
66,5/14/2025 10:15,14.7,10.59
67,5/14/2025 10:30,14.74,10.61
68,5/14/2025 10:45,14.76,10.63
69,5/14/2025 11:00,14.76,10.64
70,5/14/2025 11:15,14.78,10.7
71,5/14/2025 11:30,14.82,10.7
72,5/14/2025 11:45,14.84,10.72
73,5/14/2025 12:00,14.84,10.74
74,5/14/2025 12:15,14.94,10.77
75,5/14/2025 12:30,15.08,10.76
76,5/14/2025 12:45,15.06,10.75
77,5/14/2025 13:00,15.1,10.78
78,5/14/2025 13:15,15.16,10.81
79,5/14/2025 13:30,15.26,10.77
80,5/14/2025 13:45,15.32,10.81
81,5/14/2025 14:00,15.56,10.83
82,5/14/2025 14:15,15.9,10.78
83,5/14/2025 14:30,16.08,10.76
84,5/14/2025 14:45,16.16,10.73
85,5/14/2025 15:00,16.26,10.7
86,5/14/2025 15:15,16.44,10.67
87,5/14/2025 15:30,16.56,10.65
88,5/14/2025 15:45,16.62,10.65
89,5/14/2025 16:00,16.68,10.62
90,5/14/2025 16:15,16.8,10.6
91,5/14/2025 16:30,16.82,10.54
92,5/14/2025 16:45,16.78,10.52
93,5/14/2025 17:00,16.82,10.5
94,5/14/2025 17:15,16.72,10.49
95,5/14/2025 17:30,16.62,10.46
96,5/14/2025 17:45,16.58,10.44
97,5/14/2025 18:00,16.52,10.42
98,5/14/2025 18:15,16.46,10.41
99,5/14/2025 18:30,16.4,10.38
100,5/14/2025 18:45,16.34,10.35
101,5/14/2025 19:00,16.22,10.31
102,5/14/2025 19:15,16.12,10.29
103,5/14/2025 19:30,16.02,10.25
104,5/14/2025 19:45,15.96,10.21
105,5/14/2025 20:00,15.9,10.19
106,5/14/2025 20:15,15.86,10.14
107,5/14/2025 20:30,15.82,10.1
108,5/14/2025 20:45,15.76,10.06
109,5/14/2025 21:00,15.76,10.02
110,5/14/2025 21:15,15.76,9.98
111,5/14/2025 21:30,15.74,9.92
112,5/14/2025 21:45,15.72,9.89
113,5/14/2025 22:00,15.68,9.88
114,5/14/2025 22:15,15.64,9.86
115,5/14/2025 22:30,15.58,9.86
116,5/14/2025 22:45,15.52,9.86
117,5/14/2025 23:00,15.42,9.84
118,5/14/2025 23:15,15.36,9.86
119,5/14/2025 23:30,15.32,9.85
120,5/14/2025 23:45,15.28,9.85
121,5/15/2025 0:00,15.22,9.84
122,5/15/2025 0:15,15.18,9.85
123,5/15/2025 0:30,15.12,9.85
124,5/15/2025 0:45,15.08,9.87
125,5/15/2025 1:00,15.02,9.86
126,5/15/2025 1:15,14.96,9.88
127,5/15/2025 1:30,14.9,9.89
128,5/15/2025 1:45,14.82,9.9
129,5/15/2025 2:00,14.76,9.9
130,5/15/2025 2:15,14.7,9.93
131,5/15/2025 2:30,14.64,9.95
132,5/15/2025 2:45,14.56,9.96
133,5/15/2025 3:00,14.48,9.98
134,5/15/2025 3:15,14.38,10
135,5/15/2025 3:30,14.32,10.02
136,5/15/2025 3:45,14.24,10.03
137,5/15/2025 4:00,14.18,10.06
138,5/15/2025 4:15,14.1,10.07
139,5/15/2025 4:30,14.02,10.1
140,5/15/2025 4:45,13.94,10.11
141,5/15/2025 5:00,13.86,10.14
142,5/15/2025 5:15,13.76,10.17
143,5/15/2025 5:30,13.68,10.2
144,5/15/2025 5:45,13.6,10.23
145,5/15/2025 6:00,13.54,10.25
146,5/15/2025 6:15,13.48,10.29
147,5/15/2025 6:30,13.42,10.34
148,5/15/2025 6:45,13.36,10.39
149,5/15/2025 7:00,13.32,10.44
150,5/15/2025 7:15,13.28,10.49
151,5/15/2025 7:30,13.28,10.53
152,5/15/2025 7:45,13.28,10.57
153,5/15/2025 8:00,13.3,10.63
154,5/15/2025 8:15,13.32,10.66
155,5/15/2025 8:30,13.34,10.68
156,5/15/2025 8:45,13.34,10.73
157,5/15/2025 9:00,13.38,10.76
158,5/15/2025 9:15,13.4,10.77
159,5/15/2025 9:30,13.4,10.81
160,5/15/2025 9:45,13.4,10.83
161,5/15/2025 10:00,13.4,10.84
162,5/15/2025 10:15,13.38,10.85
163,5/15/2025 10:30,13.36,10.88
164,5/15/2025 10:45,13.36,10.89
165,5/15/2025 11:00,13.36,10.92
166,5/15/2025 11:15,13.36,10.93
167,5/15/2025 11:30,13.38,10.96
168,5/15/2025 11:45,13.38,10.96
169,5/15/2025 12:00,13.4,10.97
170,5/15/2025 12:15,13.4,10.98
171,5/15/2025 12:30,13.44,11
172,5/15/2025 12:45,13.48,11.02
173,5/15/2025 13:00,13.5,11.02
174,5/15/2025 13:15,13.5,11.03
175,5/15/2025 13:30,13.5,10.99
176,5/15/2025 13:45,13.46,11.02
177,5/15/2025 14:00,13.5,11.03
178,5/15/2025 14:15,13.54,11.03
179,5/15/2025 14:30,13.56,11.03
180,5/15/2025 14:45,13.56,11.02
181,5/15/2025 15:00,13.56,11
182,5/15/2025 15:15,13.56,11.02
183,5/15/2025 15:30,13.58,10.98
184,5/15/2025 15:45,13.6,11
185,5/15/2025 16:00,13.6,10.98
186,5/15/2025 16:15,13.6,10.99
187,5/15/2025 16:30,13.6,10.97
188,5/15/2025 16:45,13.58,10.96
189,5/15/2025 17:00,13.58,10.94
190,5/15/2025 17:15,13.56,10.93
191,5/15/2025 17:30,13.56,10.92
192,5/15/2025 17:45,13.56,10.9
193,5/15/2025 18:00,13.56,10.89
194,5/15/2025 18:15,13.56,10.88
195,5/15/2025 18:30,13.56,10.87
196,5/15/2025 18:45,13.56,10.85
197,5/15/2025 19:00,13.54,10.84
198,5/15/2025 19:15,13.54,10.84
199,5/15/2025 19:30,13.5,10.82
200,5/15/2025 19:45,13.48,10.78
201,5/15/2025 20:00,13.46,10.75
202,5/15/2025 20:15,13.42,10.73
203,5/15/2025 20:30,13.4,10.7
204,5/15/2025 20:45,13.36,10.65
205,5/15/2025 21:00,13.34,10.61
206,5/15/2025 21:15,13.32,10.6
207,5/15/2025 21:30,13.3,10.57
208,5/15/2025 21:45,13.28,10.54
209,5/15/2025 22:00,13.28,10.51
210,5/15/2025 22:15,13.26,10.49
211,5/15/2025 22:30,13.26,10.46
212,5/15/2025 22:45,13.24,10.46
213,5/15/2025 23:00,13.24,10.44
214,5/15/2025 23:15,13.22,10.44
215,5/15/2025 23:30,13.22,10.42
216,5/15/2025 23:45,13.2,10.42
217,5/16/2025 0:00,13.2,10.41
218,5/16/2025 0:15,13.18,10.4
219,5/16/2025 0:30,13.16,10.4
220,5/16/2025 0:45,13.14,10.4
221,5/16/2025 1:00,13.12,10.39
222,5/16/2025 1:15,13.1,10.38
223,5/16/2025 1:30,13.1,10.38
224,5/16/2025 1:45,13.06,10.39
225,5/16/2025 2:00,13.04,10.39
226,5/16/2025 2:15,13.02,10.38
227,5/16/2025 2:30,13,10.4
228,5/16/2025 2:45,12.98,10.39
229,5/16/2025 3:00,12.94,10.4
230,5/16/2025 3:15,12.92,10.4
231,5/16/2025 3:30,12.9,10.41
232,5/16/2025 3:45,12.88,10.4
233,5/16/2025 4:00,12.84,10.4
234,5/16/2025 4:15,12.82,10.42
235,5/16/2025 4:30,12.8,10.42
236,5/16/2025 4:45,12.78,10.42
237,5/16/2025 5:00,12.74,10.42
238,5/16/2025 5:15,12.72,10.43
239,5/16/2025 5:30,12.7,10.44
240,5/16/2025 5:45,12.68,10.44
241,5/16/2025 6:00,12.64,10.43
242,5/16/2025 6:15,12.62,10.45
243,5/16/2025 6:30,12.6,10.43
244,5/16/2025 6:45,12.58,10.5
245,5/16/2025 7:00,12.56,10.51
246,5/16/2025 7:15,12.54,10.54
247,5/16/2025 7:30,12.54,10.57
248,5/16/2025 7:45,12.52,10.6
249,5/16/2025 8:00,12.52,10.64
250,5/16/2025 8:15,12.52,10.65
251,5/16/2025 8:30,12.5,10.71
252,5/16/2025 8:45,12.52,10.73
253,5/16/2025 9:00,12.52,10.77
254,5/16/2025 9:15,12.52,10.79
255,5/16/2025 9:30,12.52,10.83
256,5/16/2025 9:45,12.54,10.84
257,5/16/2025 10:00,12.52,10.86
258,5/16/2025 10:15,12.54,10.87
259,5/16/2025 10:30,12.56,10.9
260,5/16/2025 10:45,12.58,10.92
261,5/16/2025 11:00,12.6,10.94
262,5/16/2025 11:15,12.64,10.96
263,5/16/2025 11:30,12.66,10.98
264,5/16/2025 11:45,12.68,10.98
265,5/16/2025 12:00,12.68,10.99
266,5/16/2025 12:15,12.68,11.02
267,5/16/2025 12:30,12.7,11.02
268,5/16/2025 12:45,12.72,11.05
269,5/16/2025 13:00,12.76,11.06
270,5/16/2025 13:15,12.82,11.08
271,5/16/2025 13:30,12.88,11.08
272,5/16/2025 13:45,13,11.09
273,5/16/2025 14:00,13.02,11.06
274,5/16/2025 14:15,13.02,11.07
275,5/16/2025 14:30,13.02,11.08
276,5/16/2025 14:45,13.12,11.11
277,5/16/2025 15:00,13.24,11.07
278,5/16/2025 15:15,13.26,11.08
279,5/16/2025 15:30,13.24,11.06
280,5/16/2025 15:45,13.2,11.06
281,5/16/2025 16:00,13.2,11.05
282,5/16/2025 16:15,13.2,11.05
283,5/16/2025 16:30,13.2,11.03
284,5/16/2025 16:45,13.18,11
285,5/16/2025 17:00,13.14,10.97
286,5/16/2025 17:15,13.1,10.95
287,5/16/2025 17:30,13.08,10.94
288,5/16/2025 17:45,13.06,10.93
289,5/16/2025 18:00,13.06,10.88
290,5/16/2025 18:15,13.06,10.88
291,5/16/2025 18:30,13.06,10.84
292,5/16/2025 18:45,13.06,10.81
293,5/16/2025 19:00,13.06,10.78
294,5/16/2025 19:15,13.04,10.77
295,5/16/2025 19:30,13.02,10.73
296,5/16/2025 19:45,13.02,10.72
297,5/16/2025 20:00,13,10.68
298,5/16/2025 20:15,13,10.65
299,5/16/2025 20:30,12.98,10.63
300,5/16/2025 20:45,12.96,10.6
301,5/16/2025 21:00,12.96,10.57
302,5/16/2025 21:15,12.94,10.55
303,5/16/2025 21:30,12.94,10.52
304,5/16/2025 21:45,12.94,10.5
305,5/16/2025 22:00,12.94,10.47
306,5/16/2025 22:15,12.94,10.47
307,5/16/2025 22:30,12.94,10.46
308,5/16/2025 22:45,12.94,10.44
309,5/16/2025 23:00,12.96,10.42
310,5/16/2025 23:15,12.94,10.42
311,5/16/2025 23:30,12.94,10.42
312,5/16/2025 23:45,12.94,10.42
313,5/17/2025 0:00,12.94,10.41
314,5/17/2025 0:15,12.94,10.39
315,5/17/2025 0:30,12.94,10.38
316,5/17/2025 0:45,12.94,10.38
317,5/17/2025 1:00,12.92,10.36
318,5/17/2025 1:15,12.92,10.35
319,5/17/2025 1:30,12.92,10.35
320,5/17/2025 1:45,12.9,10.35
321,5/17/2025 2:00,12.88,10.36
322,5/17/2025 2:15,12.88,10.35
323,5/17/2025 2:30,12.86,10.35
324,5/17/2025 2:45,12.84,10.35
325,5/17/2025 3:00,12.82,10.36
326,5/17/2025 3:15,12.8,10.35
327,5/17/2025 3:30,12.78,10.36
328,5/17/2025 3:45,12.78,10.35
329,5/17/2025 4:00,12.76,10.36
330,5/17/2025 4:15,12.76,10.38
331,5/17/2025 4:30,12.74,10.36
332,5/17/2025 4:45,12.72,10.36
333,5/17/2025 5:00,12.72,10.35
334,5/17/2025 5:15,12.7,10.36
335,5/17/2025 5:30,12.68,10.38
336,5/17/2025 5:45,12.68,10.38
337,5/17/2025 6:00,12.68,10.39
338,5/17/2025 6:15,12.66,10.4
339,5/17/2025 6:30,12.66,10.41
340,5/17/2025 6:45,12.66,10.44
341,5/17/2025 7:00,12.66,10.45
342,5/17/2025 7:15,12.68,10.47
343,5/17/2025 7:30,12.68,10.47
344,5/17/2025 7:45,12.7,10.54
345,5/17/2025 8:00,12.74,10.6
346,5/17/2025 8:15,12.8,10.63
347,5/17/2025 8:30,12.82,10.65
348,5/17/2025 8:45,12.82,10.67
349,5/17/2025 9:00,12.84,10.7
350,5/17/2025 9:15,12.86,10.72
351,5/17/2025 9:30,12.92,10.76
352,5/17/2025 9:45,12.96,10.77
353,5/17/2025 10:00,13.02,10.81
354,5/17/2025 10:15,13.12,10.83
355,5/17/2025 10:30,13.18,10.84
356,5/17/2025 10:45,13.2,10.85
357,5/17/2025 11:00,13.26,10.92
358,5/17/2025 11:15,13.5,10.89
359,5/17/2025 11:30,13.62,10.88
360,5/17/2025 11:45,13.6,10.89
361,5/17/2025 12:00,13.62,10.93
362,5/17/2025 12:15,13.72,10.93
363,5/17/2025 12:30,13.7,10.9
364,5/17/2025 12:45,13.76,10.96
365,5/17/2025 13:00,13.9,10.94
366,5/17/2025 13:15,14,10.95
367,5/17/2025 13:30,14.06,10.92
368,5/17/2025 13:45,14.08,10.92
369,5/17/2025 14:00,14.1,10.92
370,5/17/2025 14:15,14.12,10.94
371,5/17/2025 14:30,14.32,10.96
372,5/17/2025 14:45,14.42,10.87
373,5/17/2025 15:00,14.44,10.89
374,5/17/2025 15:05,,
375,5/17/2025 15:06,,
376,5/17/2025 15:11,,
377,5/17/2025 15:15,14.98,10.72
378,5/17/2025 15:30,14.54,10.87
379,5/17/2025 15:45,14.44,10.88
380,5/17/2025 16:00,14.56,10.86
381,5/17/2025 16:15,14.54,10.84
382,5/17/2025 16:30,14.48,10.82
383,5/17/2025 16:45,14.56,10.84
384,5/17/2025 17:00,14.72,10.79
385,5/17/2025 17:15,14.66,10.76
386,5/17/2025 17:30,14.58,10.76
387,5/17/2025 17:45,14.6,10.74
388,5/17/2025 18:00,14.64,10.72
389,5/17/2025 18:15,14.62,10.68
390,5/17/2025 18:30,14.62,10.66
391,5/17/2025 18:45,14.6,10.63
392,5/17/2025 19:00,14.56,10.62
393,5/17/2025 19:15,14.5,10.57
394,5/17/2025 19:30,14.46,10.54
395,5/17/2025 19:45,14.42,10.51
396,5/17/2025 20:00,14.38,10.49
397,5/17/2025 20:15,14.36,10.44
398,5/17/2025 20:30,14.34,10.41
399,5/17/2025 20:45,14.32,10.36
400,5/17/2025 21:00,14.28,10.33
401,5/17/2025 21:15,14.28,10.28
402,5/17/2025 21:30,14.3,10.22
403,5/17/2025 21:45,14.3,10.19
404,5/17/2025 22:00,14.32,10.17
405,5/17/2025 22:15,14.3,10.13
406,5/17/2025 22:30,14.26,10.11
407,5/17/2025 22:45,14.24,10.1
408,5/17/2025 23:00,14.2,10.09
409,5/17/2025 23:15,14.16,10.09
410,5/17/2025 23:30,14.1,10.08
411,5/17/2025 23:45,14.04,10.08
412,5/18/2025 0:00,14,10.07
413,5/18/2025 0:15,13.98,10.09
414,5/18/2025 0:30,13.94,10.07
415,5/18/2025 0:45,13.92,10.06
416,5/18/2025 1:00,13.9,10.07
417,5/18/2025 1:15,13.88,10.06
418,5/18/2025 1:30,13.84,10.08
419,5/18/2025 1:45,13.8,10.08
420,5/18/2025 2:00,13.72,10.08
421,5/18/2025 2:15,13.66,10.1
422,5/18/2025 2:30,13.6,10.1
423,5/18/2025 2:45,13.54,10.12
424,5/18/2025 3:00,13.46,10.14
425,5/18/2025 3:15,13.4,10.16
426,5/18/2025 3:30,13.34,10.16
427,5/18/2025 3:45,13.28,10.18
428,5/18/2025 4:00,13.22,10.21
429,5/18/2025 4:15,13.18,10.23
430,5/18/2025 4:30,13.12,10.23
431,5/18/2025 4:45,13.06,10.25
432,5/18/2025 5:00,13,10.27
433,5/18/2025 5:15,12.92,10.3
434,5/18/2025 5:30,12.88,10.32
435,5/18/2025 5:45,12.8,10.33
436,5/18/2025 6:00,12.76,10.36
437,5/18/2025 6:15,12.7,10.4
438,5/18/2025 6:30,12.64,10.42
439,5/18/2025 6:45,12.6,10.45
440,5/18/2025 7:00,12.54,10.49
441,5/18/2025 7:15,12.52,10.54
442,5/18/2025 7:30,12.52,10.57
443,5/18/2025 7:45,12.54,10.63
444,5/18/2025 8:00,12.58,10.66
445,5/18/2025 8:15,12.64,10.7
446,5/18/2025 8:30,12.7,10.72
447,5/18/2025 8:45,12.74,10.74
448,5/18/2025 9:00,12.78,10.77
449,5/18/2025 9:15,12.92,10.78
450,5/18/2025 9:30,13.04,10.81
451,5/18/2025 9:45,13.14,10.81
452,5/18/2025 10:00,13.26,10.82
453,5/18/2025 10:15,13.18,10.86
454,5/18/2025 10:30,13.24,10.87
455,5/18/2025 10:45,13.2,10.88
456,5/18/2025 11:00,13.2,10.92
457,5/18/2025 11:15,13.2,10.95
458,5/18/2025 11:30,13.44,10.94
459,5/18/2025 11:45,13.54,11
460,5/18/2025 12:00,13.88,10.98
461,5/18/2025 12:15,14,10.97
462,5/18/2025 12:30,14.22,10.97
463,5/18/2025 12:45,14.38,10.97
464,5/18/2025 13:00,14.46,10.93
465,5/18/2025 13:15,14.56,10.99
466,5/18/2025 13:30,14.72,10.94
467,5/18/2025 13:45,14.86,10.89
468,5/18/2025 14:00,14.96,10.93
469,5/18/2025 14:15,15.04,10.88
470,5/18/2025 14:30,15.16,10.85
471,5/18/2025 14:45,15.38,10.83
472,5/18/2025 15:00,15.46,10.82
473,5/18/2025 15:15,15.54,10.85
474,5/18/2025 15:30,15.62,10.83
475,5/18/2025 15:45,15.68,10.76
476,5/18/2025 16:00,15.74,10.78
477,5/18/2025 16:15,15.74,10.75
478,5/18/2025 16:30,15.66,10.68
479,5/18/2025 16:45,15.44,10.68
480,5/18/2025 17:00,15.42,10.74
481,5/18/2025 17:15,15.52,10.68
482,5/18/2025 17:30,15.56,10.66
483,5/18/2025 17:45,15.52,10.61
484,5/18/2025 18:00,15.42,10.61
485,5/18/2025 18:15,15.3,10.59
486,5/18/2025 18:30,15.2,10.57
487,5/18/2025 18:45,15.08,10.55
488,5/18/2025 19:00,14.96,10.53
489,5/18/2025 19:15,14.82,10.53
490,5/18/2025 19:30,14.7,10.5
491,5/18/2025 19:45,14.62,10.46
492,5/18/2025 20:00,14.52,10.44
493,5/18/2025 20:15,14.44,10.42
494,5/18/2025 20:30,14.36,10.39
495,5/18/2025 20:45,14.3,10.35
496,5/18/2025 21:00,14.24,10.33
497,5/18/2025 21:15,14.18,10.3
498,5/18/2025 21:30,14.16,10.28
499,5/18/2025 21:45,14.14,10.24
500,5/18/2025 22:00,14.12,10.21
501,5/18/2025 22:15,14.12,10.2
502,5/18/2025 22:30,14.1,10.17
503,5/18/2025 22:45,14.08,10.16
504,5/18/2025 23:00,14.08,10.13
505,5/18/2025 23:15,14.04,10.11
506,5/18/2025 23:30,14.02,10.11
507,5/18/2025 23:45,13.98,10.12
508,5/19/2025 0:00,13.94,10.11
509,5/19/2025 0:15,13.9,10.12
510,5/19/2025 0:30,13.86,10.12
511,5/19/2025 0:45,13.8,10.13
512,5/19/2025 1:00,13.74,10.14
513,5/19/2025 1:15,13.68,10.14
514,5/19/2025 1:30,13.6,10.17
515,5/19/2025 1:45,13.52,10.17
516,5/19/2025 2:00,13.46,10.2
517,5/19/2025 2:15,13.38,10.21
518,5/19/2025 2:30,13.3,10.22
519,5/19/2025 2:45,13.22,10.25
520,5/19/2025 3:00,13.14,10.25
521,5/19/2025 3:15,13.08,10.28
522,5/19/2025 3:30,13.02,10.29
523,5/19/2025 3:45,12.96,10.29
524,5/19/2025 4:00,12.9,10.3
525,5/19/2025 4:15,12.82,10.33
526,5/19/2025 4:30,12.76,10.34
527,5/19/2025 4:45,12.72,10.34
528,5/19/2025 5:00,12.66,10.36
529,5/19/2025 5:15,12.62,10.36
530,5/19/2025 5:30,12.56,10.36
531,5/19/2025 5:45,12.52,10.41
532,5/19/2025 6:00,12.48,10.4
533,5/19/2025 6:15,12.44,10.4
534,5/19/2025 6:30,12.4,10.42
535,5/19/2025 6:45,12.36,10.42
536,5/19/2025 7:00,12.34,10.44
537,5/19/2025 7:15,12.32,10.47
538,5/19/2025 7:30,12.32,10.51
539,5/19/2025 7:45,12.34,10.54
540,5/19/2025 8:00,12.4,10.57
541,5/19/2025 8:15,12.46,10.63
542,5/19/2025 8:30,12.5,10.65
543,5/19/2025 8:45,12.54,10.68
544,5/19/2025 9:00,12.6,10.71
545,5/19/2025 9:15,12.7,10.74
546,5/19/2025 9:30,12.82,10.79
547,5/19/2025 9:45,13.06,10.79
548,5/19/2025 10:00,13.2,10.76
549,5/19/2025 10:15,13.1,10.79
550,5/19/2025 10:30,13.18,10.82
551,5/19/2025 10:45,13.22,10.85
552,5/19/2025 11:00,13.34,10.77
553,5/19/2025 11:15,13.56,10.88
554,5/19/2025 11:30,13.72,10.87
555,5/19/2025 11:45,13.78,10.89
556,5/19/2025 12:00,13.82,10.9
557,5/19/2025 12:15,13.84,10.92
558,5/19/2025 12:30,13.88,10.89
559,5/19/2025 12:45,13.88,10.89
560,5/19/2025 13:00,13.88,10.9
561,5/19/2025 13:15,13.86,10.95
562,5/19/2025 13:30,13.84,10.93
563,5/19/2025 13:45,13.76,10.94
564,5/19/2025 14:00,13.7,10.95
565,5/19/2025 14:15,13.64,10.96
566,5/19/2025 14:30,13.58,10.98
567,5/19/2025 14:45,13.56,10.96
568,5/19/2025 15:00,13.54,10.98
569,5/19/2025 15:15,13.52,10.98
570,5/19/2025 15:30,13.5,10.99
571,5/19/2025 15:45,13.52,10.97
572,5/19/2025 16:00,13.54,10.98
573,5/19/2025 16:15,13.58,10.98
574,5/19/2025 16:30,13.64,10.96
575,5/19/2025 16:45,13.64,10.95
576,5/19/2025 17:00,13.68,10.92
577,5/19/2025 17:15,13.72,10.9
578,5/19/2025 17:30,13.74,10.87
579,5/19/2025 17:45,13.78,10.86
580,5/19/2025 18:00,13.84,10.82
581,5/19/2025 18:15,13.92,10.77
582,5/19/2025 18:30,13.98,10.74
583,5/19/2025 18:45,14.04,10.7
584,5/19/2025 19:00,14.12,10.67
585,5/19/2025 19:15,14.16,10.63
586,5/19/2025 19:30,14.18,10.6
587,5/19/2025 19:45,14.22,10.56
588,5/19/2025 20:00,14.24,10.52
589,5/19/2025 20:15,14.22,10.47
590,5/19/2025 20:30,14.22,10.43
591,5/19/2025 20:45,14.2,10.39
592,5/19/2025 21:00,14.16,10.35
593,5/19/2025 21:15,14.12,10.32
594,5/19/2025 21:30,14.08,10.29
595,5/19/2025 21:45,14.02,10.27
596,5/19/2025 22:00,13.98,10.24
597,5/19/2025 22:15,13.92,10.23
598,5/19/2025 22:30,13.88,10.22
599,5/19/2025 22:45,13.82,10.22
600,5/19/2025 23:00,13.78,10.22
601,5/19/2025 23:15,13.72,10.22
602,5/19/2025 23:30,13.66,10.22
603,5/19/2025 23:45,13.6,10.22
604,5/20/2025 0:00,13.56,10.22
605,5/20/2025 0:15,13.5,10.23
606,5/20/2025 0:30,13.46,10.23
607,5/20/2025 0:45,13.4,10.23
608,5/20/2025 1:00,13.36,10.24
609,5/20/2025 1:15,13.32,10.24
610,5/20/2025 1:30,13.28,10.24
611,5/20/2025 1:45,13.24,10.25
612,5/20/2025 2:00,13.18,10.25
613,5/20/2025 2:15,13.14,10.28
614,5/20/2025 2:30,13.12,10.27
615,5/20/2025 2:45,13.08,10.28
616,5/20/2025 3:00,13.02,10.29
617,5/20/2025 3:15,12.98,10.29
618,5/20/2025 3:30,12.92,10.3
619,5/20/2025 3:45,12.88,10.32
620,5/20/2025 4:00,12.82,10.33
621,5/20/2025 4:15,12.78,10.34
622,5/20/2025 4:30,12.74,10.35
623,5/20/2025 4:45,12.68,10.35
624,5/20/2025 5:00,12.64,10.36
625,5/20/2025 5:15,12.6,10.39
626,5/20/2025 5:30,12.58,10.4
627,5/20/2025 5:45,12.54,10.41
628,5/20/2025 6:00,12.5,10.43
629,5/20/2025 6:15,12.48,10.45
630,5/20/2025 6:30,12.46,10.5
631,5/20/2025 6:45,12.46,10.54
632,5/20/2025 7:00,12.44,10.56
633,5/20/2025 7:15,12.44,10.59
634,5/20/2025 7:30,12.44,10.64
635,5/20/2025 7:45,12.46,10.66
636,5/20/2025 8:00,12.48,10.7
637,5/20/2025 8:15,12.46,10.71
638,5/20/2025 8:30,12.48,10.76
639,5/20/2025 8:45,12.54,10.78
640,5/20/2025 9:00,12.56,10.81
641,5/20/2025 9:15,12.58,10.83
642,5/20/2025 9:30,12.6,10.85
643,5/20/2025 9:45,12.64,10.87
644,5/20/2025 10:00,12.76,10.94
645,5/20/2025 10:15,12.98,10.93
646,5/20/2025 10:30,13,10.9
647,5/20/2025 10:45,13.08,10.94
648,5/20/2025 11:00,13.14,10.94
649,5/20/2025 11:15,13.08,10.96
650,5/20/2025 11:30,13.12,10.98
651,5/20/2025 11:45,13.2,11.02
652,5/20/2025 12:00,13.44,10.99
653,5/20/2025 12:15,13.6,10.98
654,5/20/2025 12:30,13.5,10.98
655,5/20/2025 12:45,13.5,10.99
656,5/20/2025 13:00,13.5,11.03
657,5/20/2025 13:15,13.82,11.03
658,5/20/2025 13:30,14.2,10.99
659,5/20/2025 13:45,14.28,10.96
660,5/20/2025 14:00,14.42,10.99
661,5/20/2025 14:15,14.56,10.94
662,5/20/2025 14:30,14.58,10.93
663,5/20/2025 14:45,14.7,10.94
664,5/20/2025 15:00,14.84,10.94
665,5/20/2025 15:15,15.08,10.9
666,5/20/2025 15:30,15.18,10.85
667,5/20/2025 15:45,15.1,10.83
668,5/20/2025 16:00,15.04,10.82
669,5/20/2025 16:15,15.02,10.83
670,5/20/2025 16:30,15.16,10.82
671,5/20/2025 16:45,15.08,10.74
672,5/20/2025 17:00,14.9,10.75
673,5/20/2025 17:15,14.84,10.73
674,5/20/2025 17:30,14.9,10.71
675,5/20/2025 17:45,14.86,10.68
676,5/20/2025 18:00,14.84,10.66
677,5/20/2025 18:15,14.88,10.68
678,5/20/2025 18:30,14.94,10.65
679,5/20/2025 18:45,14.94,10.61
680,5/20/2025 19:00,14.86,10.59
681,5/20/2025 19:15,14.8,10.55
682,5/20/2025 19:30,14.74,10.51
683,5/20/2025 19:45,14.66,10.49
684,5/20/2025 20:00,14.58,10.44
685,5/20/2025 20:15,14.54,10.4
686,5/20/2025 20:30,14.48,10.36
687,5/20/2025 20:45,14.42,10.33
688,5/20/2025 21:00,14.36,10.3
689,5/20/2025 21:15,14.34,10.25
690,5/20/2025 21:30,14.3,10.24
691,5/20/2025 21:45,14.28,10.2
692,5/20/2025 22:00,14.28,10.18
693,5/20/2025 22:15,14.28,10.14
694,5/20/2025 22:30,14.3,10.11
695,5/20/2025 22:45,14.34,10.09
696,5/20/2025 23:00,14.36,10.07
697,5/20/2025 23:15,14.38,10.04
698,5/20/2025 23:30,14.38,10.03
699,5/20/2025 23:45,14.38,10.02
700,5/21/2025 0:00,14.36,10.01
701,5/21/2025 0:15,14.32,10.01
702,5/21/2025 0:30,14.28,10.02
703,5/21/2025 0:45,14.22,10.01
704,5/21/2025 1:00,14.16,10.02
705,5/21/2025 1:15,14.12,10.03
706,5/21/2025 1:30,14.06,10.03
707,5/21/2025 1:45,14,10.07
708,5/21/2025 2:00,13.94,10.07
709,5/21/2025 2:15,13.9,10.09
710,5/21/2025 2:30,13.86,10.1
711,5/21/2025 2:45,13.8,10.09
712,5/21/2025 3:00,13.74,10.11
713,5/21/2025 3:15,13.7,10.13
714,5/21/2025 3:30,13.64,10.14
715,5/21/2025 3:45,13.6,10.14
716,5/21/2025 4:00,13.54,10.17
717,5/21/2025 4:15,13.48,10.18
718,5/21/2025 4:30,13.44,10.19
719,5/21/2025 4:45,13.38,10.2
720,5/21/2025 5:00,13.32,10.22
721,5/21/2025 5:15,13.28,10.23
722,5/21/2025 5:30,13.26,10.23
723,5/21/2025 5:45,13.2,10.25
724,5/21/2025 6:00,13.18,10.28
725,5/21/2025 6:15,13.16,10.31
726,5/21/2025 6:30,13.16,10.33
727,5/21/2025 6:45,13.14,10.35
728,5/21/2025 7:00,13.14,10.4
729,5/21/2025 7:15,13.12,10.43
730,5/21/2025 7:30,13.12,10.45
731,5/21/2025 7:45,13.1,10.51
732,5/21/2025 8:00,13.1,10.54
733,5/21/2025 8:15,13.14,10.59
734,5/21/2025 8:30,13.2,10.6
735,5/21/2025 8:45,13.24,10.63
736,5/21/2025 9:00,13.28,10.67
737,5/21/2025 9:15,13.38,10.71
738,5/21/2025 9:30,13.5,10.73
739,5/21/2025 9:45,13.62,10.74
740,5/21/2025 10:00,13.74,10.75
741,5/21/2025 10:15,13.88,10.78
742,5/21/2025 10:30,14.04,10.79
743,5/21/2025 10:45,14.2,10.79
744,5/21/2025 11:00,14.2,10.77
745,5/21/2025 11:15,14.16,10.82
746,5/21/2025 11:30,14.42,10.81
747,5/21/2025 11:45,14.68,10.79
748,5/21/2025 12:00,14.62,10.81
749,5/21/2025 12:15,14.78,10.81
750,5/21/2025 12:30,14.92,10.84
751,5/21/2025 12:45,15.08,10.84
752,5/21/2025 13:00,15.02,10.81
753,5/21/2025 13:15,14.5,10.25
754,5/21/2025 13:30,14.2,10.47
755,5/21/2025 12:59,17.84,10.07
756,5/21/2025 13:59,15.18,10.92
757,5/21/2025 14:59,14.79,10.88
758,5/21/2025 15:59,14.4,10.91
759,5/21/2025 16:59,14.37,10.88
760,5/21/2025 17:59,14.37,10.82
761,5/21/2025 18:59,14.31,10.75
762,5/21/2025 19:59,14.13,10.65
763,5/21/2025 20:59,13.99,10.52
764,5/21/2025 21:59,13.9,10.37
765,5/21/2025 22:59,13.82,10.3
766,5/21/2025 23:59,13.75,10.25
767,5/22/2025 0:59,13.69,10.2
768,5/22/2025 1:59,13.59,10.2
769,5/22/2025 2:59,13.44,10.21
770,5/22/2025 3:59,13.28,10.23
771,5/22/2025 4:59,13.08,10.27
772,5/22/2025 5:59,12.87,10.34
773,5/22/2025 6:59,12.67,10.47
774,5/22/2025 7:59,12.69,10.6
775,5/22/2025 8:59,12.97,10.71
776,5/22/2025 9:59,13.38,10.79
777,5/22/2025 10:59,13.87,10.85
778,5/22/2025 11:59,14.23,10.85
779,5/22/2025 12:59,14.18,10.87
780,5/22/2025 13:59,14.42,10.87
781,5/22/2025 14:59,14.59,10.86
782,5/22/2025 15:59,14.93,10.79
783,5/22/2025 16:59,15.27,10.71
784,5/22/2025 17:59,15.58,10.58
785,5/22/2025 18:59,15.3,10.49
786,5/22/2025 19:59,15.04,10.36
787,5/22/2025 20:59,14.75,10.26
788,5/22/2025 21:59,14.44,10.2
789,5/22/2025 22:59,14.25,10.14
790,5/22/2025 23:59,14.19,10.09
791,5/23/2025 0:59,14.15,10.05
792,5/23/2025 1:59,14.03,10.05
793,5/23/2025 2:59,13.86,10.09
794,5/23/2025 3:59,13.69,10.12
795,5/23/2025 4:59,13.39,10.18
796,5/23/2025 5:59,13.07,10.3
797,5/23/2025 6:59,12.87,10.44
798,5/23/2025 7:59,12.91,10.55
799,5/23/2025 8:59,13.21,10.68
800,5/23/2025 9:59,13.5,10.75
801,5/23/2025 10:59,13.92,10.82
802,5/23/2025 11:59,14.32,10.87
803,5/23/2025 12:59,14.79,10.86
804,5/23/2025 13:59,14.61,10.88
805,5/23/2025 14:59,14.88,10.87
806,5/23/2025 15:59,14.97,10.82
807,5/23/2025 16:59,15.37,10.76
808,5/23/2025 17:59,15.45,10.67
809,5/23/2025 18:59,15.4,10.56
810,5/23/2025 19:59,15.37,10.38
811,5/23/2025 20:59,15.45,10.17
812,5/23/2025 21:59,15.51,9.98
813,5/23/2025 22:59,15.45,9.88
814,5/23/2025 23:59,15.24,9.87
815,5/24/2025 0:59,14.99,9.88
816,5/24/2025 1:59,14.78,9.89
817,5/24/2025 2:59,14.61,9.9
818,5/24/2025 3:59,14.37,9.96
819,5/24/2025 4:59,14.09,10.03
820,5/24/2025 5:59,13.82,10.11
821,5/24/2025 6:59,13.67,10.25
822,5/24/2025 7:59,13.62,10.41
823,5/24/2025 8:59,13.9,10.52
824,5/24/2025 9:59,14.33,10.59
825,5/24/2025 10:59,14.87,10.64
826,5/24/2025 11:59,15.48,10.65
827,5/24/2025 12:59,16.03,10.64
828,5/24/2025 13:59,16.26,10.59
829,5/24/2025 14:59,16.62,10.54
830,5/24/2025 15:59,16.9,10.43
831,5/24/2025 16:59,17.06,10.36
832,5/24/2025 17:59,17.02,10.24
833,5/24/2025 18:59,16.93,10.09
834,5/24/2025 19:59,16.94,9.89
835,5/24/2025 20:59,17.03,9.7
836,5/24/2025 21:59,17.04,9.54
837,5/24/2025 22:59,16.95,9.46
838,5/24/2025 23:59,16.79,9.43
839,5/25/2025 0:59,16.57,9.45
840,5/25/2025 1:59,16.31,9.48
841,5/25/2025 2:59,16.05,9.53
842,5/25/2025 3:59,15.79,9.58
843,5/25/2025 4:59,15.5,9.64
844,5/25/2025 5:59,15.2,9.73
845,5/25/2025 6:59,14.98,9.89
846,5/25/2025 7:59,14.97,10.06
847,5/25/2025 8:59,14.99,10.2
848,5/25/2025 9:59,15.46,10.31
849,5/25/2025 10:59,15.74,10.4
850,5/25/2025 11:59,16.17,10.46
851,5/25/2025 12:59,16.66,10.48
852,5/25/2025 13:59,16.9,10.46
853,5/25/2025 14:59,17.12,10.44
854,5/25/2025 15:59,17,10.4
855,5/25/2025 16:59,16.97,10.32
856,5/25/2025 17:59,16.91,10.23
857,5/25/2025 18:59,16.64,10.11
858,5/25/2025 19:59,16.54,9.96
859,5/25/2025 20:59,16.65,9.77
860,5/25/2025 21:59,16.69,9.65
861,5/25/2025 22:59,16.47,9.62
862,5/25/2025 23:59,16.13,9.64
863,5/26/2025 0:59,15.84,9.68
864,5/26/2025 1:59,15.65,9.7
865,5/26/2025 2:59,15.52,9.72
866,5/26/2025 3:59,15.39,9.74
867,5/26/2025 4:59,15.22,9.77
868,5/26/2025 5:59,15.11,9.81
869,5/26/2025 6:59,15.02,9.87
870,5/26/2025 7:59,15,9.95
871,5/26/2025 8:59,15.3,10.11
872,5/26/2025 9:59,15.65,10.22
873,5/26/2025 10:59,16.19,10.29
874,5/26/2025 11:59,16.85,10.32
875,5/26/2025 12:59,16.9,10.38
876,5/26/2025 13:59,17.53,10.38
877,5/26/2025 14:59,17.5,10.38
878,5/26/2025 15:59,17.56,10.35
879,5/26/2025 16:59,17.26,10.33
880,5/26/2025 17:59,16.97,10.29
881,5/26/2025 18:59,16.71,10.18
882,5/26/2025 19:59,16.46,10.06
883,5/26/2025 20:59,16.3,9.91
884,5/26/2025 21:59,16.19,9.82
885,5/26/2025 22:59,16.11,9.74
886,5/26/2025 23:59,16,9.73
887,5/27/2025 0:59,15.83,9.74
888,5/27/2025 1:59,15.61,9.78
889,5/27/2025 2:59,15.37,9.81
890,5/27/2025 3:59,15.12,9.87
891,5/27/2025 4:59,14.89,9.93
892,5/27/2025 5:59,14.65,10.02
893,5/27/2025 6:59,14.51,10.16
894,5/27/2025 7:59,14.47,10.32
895,5/27/2025 8:59,14.53,10.49
896,5/27/2025 9:59,14.91,10.59
897,5/27/2025 10:59,15.39,10.67
898,5/27/2025 11:59,16.1,10.65
899,5/27/2025 12:59,16.71,10.61
900,5/27/2025 13:59,17.25,10.56
901,5/27/2025 14:59,17.65,10.45
902,5/27/2025 15:59,17.9,10.38
903,5/27/2025 16:59,18.05,10.25
904,5/27/2025 17:59,18.07,10.14
905,5/27/2025 18:59,17.91,9.97
906,5/27/2025 19:59,17.77,9.79
907,5/27/2025 20:59,17.75,9.61
908,5/27/2025 21:59,17.7,9.46
909,5/27/2025 22:59,17.62,9.37
910,5/27/2025 23:59,17.47,9.34
911,5/28/2025 0:59,17.23,9.35
912,5/28/2025 1:59,16.95,9.38
913,5/28/2025 2:59,16.67,9.43
914,5/28/2025 3:59,16.38,9.49
915,5/28/2025 4:59,16.09,9.53
916,5/28/2025 5:59,15.79,9.63
917,5/28/2025 6:59,15.55,9.77
918,5/28/2025 7:59,15.54,9.92
919,5/28/2025 8:59,15.8,10.04
920,5/28/2025 9:59,16.2,10.15
921,5/28/2025 10:59,16.76,10.21
922,5/28/2025 11:59,17.42,10.24
923,5/28/2025 12:59,18.01,10.24
924,5/28/2025 13:59,18.5,10.2
925,5/29/2025 14:59,19.22,10.16
926,5/29/2025 15:59,19.34,10.12
927,5/29/2025 16:59,19.28,10.03
928,5/29/2025 17:59,19.27,9.94
929,5/29/2025 18:59,19.09,9.82
930,5/29/2025 19:59,18.94,9.65
931,5/29/2025 20:59,18.89,9.5
932,5/29/2025 21:59,18.73,9.36
933,5/29/2025 22:59,18.48,9.29
934,5/29/2025 23:59,18.18,9.29
935,5/30/2025 0:59,17.87,9.31
936,5/30/2025 1:59,17.45,9.38
937,5/30/2025 2:59,17.07,9.45
938,5/30/2025 3:59,16.8,9.53
939,5/30/2025 4:59,16.57,9.55
940,5/30/2025 5:59,16.32,9.66
941,5/30/2025 6:59,16.13,9.8
942,5/30/2025 7:59,16.13,9.98
943,5/30/2025 8:59,16.36,10.14
944,5/30/2025 9:59,16.39,10.28
945,5/30/2025 10:59,16.97,10.38
946,5/30/2025 11:59,17.33,10.44
947,5/30/2025 12:59,17.17,10.46
948,5/30/2025 13:59,17.07,10.49
949,5/30/2025 14:59,17.11,10.51
950,5/30/2025 15:59,17.44,10.46
951,5/30/2025 16:59,17.83,10.4
952,5/30/2025 17:59,18.33,10.26
953,5/30/2025 18:59,18.63,10.06
954,5/30/2025 19:59,18.65,9.87
955,5/30/2025 20:59,18.58,9.64
956,5/30/2025 21:59,18.51,9.46
957,5/30/2025 22:59,18.44,9.34
958,5/30/2025 23:59,18.36,9.28
959,5/31/2025 0:59,18.22,9.24
960,5/31/2025 1:59,18.04,9.25
961,5/31/2025 2:59,17.83,9.27
962,5/31/2025 3:59,17.58,9.29
963,5/31/2025 4:59,17.34,9.36
964,5/31/2025 5:59,17.07,9.43
965,5/31/2025 6:59,16.88,9.5
966,5/31/2025 7:59,16.74,9.65
967,5/31/2025 8:59,16.61,9.74
968,5/31/2025 9:59,16.53,9.85
969,5/31/2025 10:59,16.55,9.98
970,5/31/2025 11:59,16.42,10.02
971,5/31/2025 12:59,16.82,10.17
972,5/31/2025 13:59,17.73,10.23
973,5/31/2025 14:59,17.96,10.26
974,5/31/2025 15:59,18.04,10.28
975,5/31/2025 16:59,18.14,10.28
976,5/31/2025 17:59,18.12,10.22
977,5/31/2025 18:59,17.71,10.07
978,5/31/2025 19:59,17.38,9.96
979,5/31/2025 20:59,17.17,9.86
980,5/31/2025 21:59,16.99,9.76
981,5/31/2025 22:59,16.87,9.67
982,5/31/2025 23:59,16.74,9.65
983,6/1/2025 0:59,16.54,9.65
984,6/1/2025 1:59,16.36,9.66
985,6/1/2025 2:59,16.09,9.71
986,6/1/2025 3:59,15.77,9.78
987,6/1/2025 4:59,15.52,9.87
988,6/1/2025 5:59,15.25,9.96
989,6/1/2025 6:59,15.06,10.11
990,6/1/2025 7:59,15.13,10.28
991,6/1/2025 8:59,15.37,10.41
992,6/1/2025 9:59,15.79,10.47
993,6/1/2025 10:59,16.32,10.52
994,6/1/2025 11:59,16.92,10.55
995,6/1/2025 12:59,17.49,10.54
996,6/1/2025 13:59,17.98,10.48
997,6/1/2025 14:59,18.32,10.42
998,6/1/2025 15:59,18.51,10.35
999,6/1/2025 16:59,18.7,10.24
1000,6/1/2025 17:59,18.68,10.12
1001,6/1/2025 18:59,18.56,9.98
1002,6/1/2025 19:59,18.43,9.79
1003,6/1/2025 20:59,18.36,9.61
1004,6/1/2025 21:59,18.24,9.46
1005,6/1/2025 22:59,18.11,9.4
1006,6/1/2025 23:59,17.9,9.35
1007,6/2/2025 0:59,17.62,9.39
1008,6/2/2025 1:59,17.33,9.42
1009,6/2/2025 2:59,17.06,9.47
1010,6/2/2025 3:59,16.8,9.53
1011,6/2/2025 4:59,16.54,9.59
1012,6/2/2025 5:59,16.27,9.67
1013,6/2/2025 6:59,16.08,9.79
1014,6/2/2025 7:59,16,9.98
1015,6/2/2025 8:59,16.18,10.15
1016,6/2/2025 9:59,16.52,10.27
1017,6/2/2025 10:59,16.98,10.33
1018,6/2/2025 11:59,17.64,10.36
1019,6/2/2025 12:59,18.05,10.37
1020,6/2/2025 13:59,18.52,10.34
1021,6/2/2025 14:59,18.75,10.31
1022,6/2/2025 15:59,18.95,10.25
1023,6/2/2025 16:59,19.04,10.16
1024,6/2/2025 17:59,19.01,10.04
1025,6/2/2025 18:59,18.86,9.92
1026,6/2/2025 19:59,18.69,9.73
1027,6/2/2025 20:59,18.63,9.57
1028,6/2/2025 21:59,18.5,9.42
1029,6/2/2025 22:59,18.34,9.33
1030,6/2/2025 23:59,18.1,9.31
1031,6/3/2025 0:59,17.82,9.33
1032,6/3/2025 1:59,17.5,9.36
1033,6/3/2025 2:59,17.17,9.42
1034,6/3/2025 3:59,16.86,9.47
1035,6/3/2025 4:59,16.51,9.53
1036,6/3/2025 5:59,16.19,9.65
1037,6/3/2025 6:59,15.9,9.81
1038,6/3/2025 7:59,15.83,10
1039,6/3/2025 8:59,16.03,10.12
1040,6/3/2025 9:59,16.39,10.25
1041,6/3/2025 10:59,16.87,10.32
1042,6/3/2025 11:59,17.5,10.34
1043,6/3/2025 12:59,18.05,10.35
1044,6/3/2025 13:59,18.45,10.33
1045,6/3/2025 14:59,18.76,10.27
1046,6/3/2025 15:59,18.96,10.18
1047,6/3/2025 16:59,19.09,10.1
1048,6/3/2025 17:59,19.1,9.98
1049,6/3/2025 18:59,18.94,9.85
1050,6/3/2025 19:59,18.8,9.67
1051,6/3/2025 20:59,18.76,9.5
1052,6/3/2025 21:59,18.7,9.35
1053,6/3/2025 22:59,18.63,9.26
1054,6/3/2025 23:59,18.49,9.22
1055,6/4/2025 0:59,18.26,9.24
1056,6/4/2025 1:59,18.01,9.25
1057,6/4/2025 2:59,17.76,9.29
1058,6/4/2025 3:59,17.49,9.34
1059,6/4/2025 4:59,17.18,9.39
1060,6/4/2025 5:59,16.91,9.47
1061,6/4/2025 6:59,16.74,9.63
1062,6/4/2025 7:59,16.68,9.79
1063,6/4/2025 8:59,16.86,9.96
1064,6/4/2025 9:59,17.12,10.08
1065,6/4/2025 10:59,17.47,10.16
1066,6/4/2025 11:59,17.86,10.21
1067,6/4/2025 12:59,18.45,10.23
1068,6/4/2025 13:59,18.76,10.21
1069,6/4/2025 14:59,18.67,10.18
1070,6/4/2025 15:59,18.49,10.18
1071,6/4/2025 16:59,18.6,10.16
1072,6/4/2025 17:59,18.62,10.05
1073,6/4/2025 18:59,18.54,9.97
1074,6/4/2025 19:59,18.38,9.81
1075,6/4/2025 20:59,18.35,9.63
1076,6/4/2025 21:59,18.27,9.51
1077,6/4/2025 22:59,18.15,9.4
1078,6/4/2025 23:59,17.99,9.35
1079,6/5/2025 0:59,17.83,9.35
1080,6/5/2025 1:59,17.63,9.34
1081,6/5/2025 2:59,17.44,9.37
1082,6/5/2025 3:59,17.23,9.4
1083,6/5/2025 4:59,16.98,9.45
1084,6/5/2025 5:59,16.69,9.56
1085,6/5/2025 6:59,16.47,9.68
1086,6/5/2025 7:59,16.44,9.84
1087,6/5/2025 8:59,16.63,9.97
1088,6/5/2025 9:59,16.98,10.07
1089,6/5/2025 10:59,17.48,10.15
1090,6/5/2025 11:59,18.18,10.16
1091,6/5/2025 12:59,18.75,10.12
1092,6/5/2025 13:59,19.25,10.11
1093,6/5/2025 14:59,19.63,10.04
1094,6/5/2025 15:59,19.86,9.96
1095,6/5/2025 16:59,20.14,9.85
1096,6/5/2025 17:59,20.17,9.73
1097,6/5/2025 18:59,20,9.58
1098,6/5/2025 19:59,19.95,9.42
1099,6/5/2025 20:59,20,9.23
1100,6/5/2025 21:59,19.98,9.07
1101,6/5/2025 22:59,19.91,8.96
1102,6/5/2025 23:59,19.79,8.92
1103,6/6/2025 0:59,19.56,8.92
1104,6/6/2025 1:59,19.29,8.94
1105,6/6/2025 2:59,19.01,8.98
1106,6/6/2025 3:59,18.74,9.02
1107,6/6/2025 4:59,18.46,9.09
1108,6/6/2025 5:59,18.2,9.16
1109,6/6/2025 6:59,18.03,9.32
1110,6/6/2025 7:59,17.99,9.49
1111,6/6/2025 8:59,18.17,9.65
1112,6/6/2025 9:59,18.51,9.78
1113,6/6/2025 10:59,19.05,9.82
1114,6/6/2025 11:59,19.63,9.86
1115,6/6/2025 12:59,20.12,9.84
1116,6/6/2025 13:59,20.59,9.83
1117,6/6/2025 14:59,20.96,9.76
1118,6/6/2025 15:59,21.04,9.7
1119,6/6/2025 16:59,21.13,9.62
1120,6/6/2025 17:59,21.1,9.52
1121,6/6/2025 18:59,20.86,9.39
1122,6/6/2025 19:59,20.67,9.24
1123,6/6/2025 20:59,20.62,9.06
1124,6/6/2025 21:59,20.54,8.93
1125,6/6/2025 22:59,20.43,8.82
1126,6/6/2025 23:59,20.26,8.81
1127,6/7/2025 0:59,20.02,8.8
1128,6/7/2025 1:59,19.71,8.83
1129,6/7/2025 2:59,19.4,8.88
1130,6/7/2025 3:59,19.08,8.95
1131,6/7/2025 4:59,18.75,9
1132,6/7/2025 5:59,18.43,9.11
1133,6/7/2025 6:59,18.14,9.26
1134,6/7/2025 7:59,18.1,9.46
1135,6/7/2025 8:59,18.33,9.6
1136,6/7/2025 9:59,18.63,9.71
1137,6/7/2025 10:59,19.13,9.78
1138,6/7/2025 11:59,19.84,9.8
1139,6/7/2025 12:59,20.38,9.78
1140,6/7/2025 13:59,20.94,9.77
1141,6/7/2025 14:59,21.36,9.7
1142,6/7/2025 15:59,21.61,9.64
1143,6/7/2025 16:59,21.75,9.53
1144,6/7/2025 17:59,21.75,9.41
1145,6/7/2025 18:59,21.62,9.25
1146,6/7/2025 19:59,21.4,9.08
1147,6/7/2025 20:59,21.34,8.91
1148,6/7/2025 21:59,21.25,8.77
1149,6/7/2025 22:59,21.14,8.7
1150,6/7/2025 23:59,20.98,8.65
1151,6/8/2025 0:59,20.75,8.64
1152,6/8/2025 1:59,20.46,8.68
1153,6/8/2025 2:59,20.13,8.74
1154,6/8/2025 3:59,19.8,8.8
1155,6/8/2025 4:59,19.46,8.87
1156,6/8/2025 5:59,19.12,8.95
1157,6/8/2025 6:59,18.83,9.11
1158,6/8/2025 7:59,18.76,9.31
1159,6/8/2025 8:59,19.01,9.46
1160,6/8/2025 9:59,19.38,9.57
1161,6/8/2025 10:59,19.91,9.65
1162,6/8/2025 11:59,20.65,9.65
1163,6/8/2025 12:59,21.21,9.65
1164,6/8/2025 13:59,21.72,9.63
1165,6/8/2025 14:59,22.12,9.57
1166,6/8/2025 15:59,22.44,9.5
1167,6/8/2025 16:59,22.53,9.38
1168,6/8/2025 17:59,22.53,9.27
1169,6/8/2025 18:59,22.41,9.12
1170,6/8/2025 19:59,22.24,8.93
1171,6/8/2025 20:59,22.18,8.75
1172,6/8/2025 21:59,22.09,8.59
1173,6/8/2025 22:59,21.98,8.52
1174,6/8/2025 23:59,21.82,8.47
1175,6/9/2025 0:59,21.59,8.48
1176,6/9/2025 1:59,21.28,8.51
1177,6/9/2025 2:59,20.92,8.56
1178,6/9/2025 3:59,20.59,8.63
1179,6/9/2025 4:59,20.22,8.7
1180,6/9/2025 5:59,19.87,8.75
1181,6/9/2025 6:59,19.57,8.91
1182,6/9/2025 7:59,19.51,9.13
1183,6/9/2025 8:59,19.67,9.3
1184,6/9/2025 9:59,20.03,9.42
1185,6/9/2025 10:59,20.49,9.52
1186,6/9/2025 11:59,21.19,9.58
1187,6/9/2025 12:59,21.67,9.57
1188,6/9/2025 13:59,22.06,9.55
1189,6/9/2025 14:59,22.41,9.52
1190,6/9/2025 15:59,22.54,9.45
1191,6/9/2025 16:59,22.56,9.39
1192,6/9/2025 17:59,22.47,9.29
1193,6/9/2025 18:59,22.26,9.14
1194,6/9/2025 19:59,22.02,8.92
1195,6/9/2025 20:59,21.92,8.77
1196,6/9/2025 21:59,21.77,8.66
1197,6/9/2025 22:59,21.58,8.58
1198,6/9/2025 23:59,21.34,8.56
1199,6/10/2025 0:59,21.04,8.59
1200,6/10/2025 1:59,20.67,8.62
1201,6/10/2025 2:59,20.28,8.67
1202,6/10/2025 3:59,19.89,8.77
1203,6/10/2025 4:59,19.52,8.84
1204,6/10/2025 5:59,19.14,8.94
1205,6/10/2025 6:59,18.81,9.11
1206,6/10/2025 7:59,18.71,9.31
1207,6/10/2025 8:59,18.83,9.51
1208,6/10/2025 9:59,19.15,9.64
1209,6/10/2025 10:59,19.64,9.73
1210,6/10/2025 11:59,20.23,9.75
