#,Date-Time (PDT),"Temperature , °C","Millivolts , mv","pH , pH"
1,05/13/2025 18:00:00,15.94,-47.39,7.63
2,05/13/2025 18:15:00,15.96,-49.08,7.66
3,05/13/2025 18:30:00,16.01,-49.66,7.67
4,05/13/2025 18:45:00,15.99,-48.77,7.65
5,05/13/2025 19:00:00,16.01,-46.41,7.61
6,05/13/2025 19:15:00,16.08,-47.41,7.63
7,05/13/2025 19:30:00,16.11,-44.44,7.57
8,05/13/2025 19:45:00,16.13,-42.30,7.53
9,05/13/2025 20:00:00,16.15,-42.60,7.54
10,05/13/2025 20:15:00,16.11,-38.80,7.47
11,05/13/2025 20:30:00,16.13,-39.27,7.48
12,05/13/2025 20:45:00,16.08,-38.25,7.46
13,05/13/2025 21:00:00,16.01,-36.16,7.43
14,05/13/2025 21:15:00,15.96,-36.58,7.43
15,05/13/2025 21:30:00,15.91,-36.69,7.44
16,05/13/2025 21:45:00,15.89,-35.55,7.41
17,05/13/2025 22:00:00,15.82,-33.83,7.38
18,05/13/2025 22:15:00,15.84,-34.24,7.39
19,05/13/2025 22:30:00,15.80,-33.66,7.38
20,05/13/2025 22:45:00,15.80,-33.09,7.37
21,05/13/2025 23:00:00,15.77,-32.59,7.36
22,05/13/2025 23:15:00,15.75,-32.50,7.36
23,05/13/2025 23:30:00,15.75,-32.70,7.36
24,05/13/2025 23:45:00,15.68,-30.99,7.33
25,05/14/2025 00:00:00,15.63,-30.86,7.33
26,05/14/2025 00:15:00,15.58,-29.86,7.31
27,05/14/2025 00:30:00,15.56,-30.42,7.32
28,05/14/2025 00:45:00,15.49,-29.25,7.30
29,05/14/2025 01:00:00,15.39,-28.33,7.29
30,05/14/2025 01:15:00,15.41,-29.78,7.31
31,05/14/2025 01:30:00,15.37,-29.05,7.30
32,05/14/2025 01:45:00,15.27,-27.99,7.28
33,05/14/2025 02:00:00,15.20,-27.81,7.28
34,05/14/2025 02:15:00,15.22,-29.22,7.30
35,05/14/2025 02:30:00,15.20,-29.00,7.30
36,05/14/2025 02:45:00,15.15,-28.30,7.29
37,05/14/2025 03:00:00,15.13,-28.47,7.29
38,05/14/2025 03:15:00,15.17,-30.02,7.32
39,05/14/2025 03:30:00,15.13,-29.58,7.31
40,05/14/2025 03:45:00,15.10,-29.53,7.31
41,05/14/2025 04:00:00,15.06,-29.34,7.30
42,05/14/2025 04:15:00,14.98,-28.25,7.29
43,05/14/2025 04:30:00,14.91,-28.09,7.28
44,05/14/2025 04:45:00,14.91,-28.63,7.29
45,05/14/2025 05:00:00,14.84,-27.91,7.28
46,05/14/2025 05:15:00,14.79,-28.94,7.30
47,05/14/2025 05:30:00,14.77,-29.67,7.31
48,05/14/2025 05:45:00,14.67,-29.14,7.30
49,05/14/2025 06:00:00,14.60,-27.75,7.28
50,05/14/2025 06:15:00,14.55,-28.53,7.29
51,05/14/2025 06:30:00,14.48,-28.83,7.30
52,05/14/2025 06:45:00,14.46,-30.14,7.32
53,05/14/2025 07:00:00,14.41,-30.74,7.33
54,05/14/2025 07:15:00,14.39,-31.67,7.35
55,05/14/2025 07:30:00,14.34,-31.45,7.34
56,05/14/2025 07:45:00,14.34,-32.94,7.37
57,05/14/2025 08:00:00,14.36,-34.81,7.40
58,05/14/2025 08:15:00,14.34,-34.81,7.40
59,05/14/2025 08:30:00,14.31,-34.72,7.40
60,05/14/2025 08:45:00,14.34,-37.36,7.45
61,05/14/2025 09:00:00,14.31,-36.33,7.43
62,05/14/2025 09:15:00,14.29,-37.13,7.45
63,05/14/2025 09:30:00,14.36,-39.53,7.49
64,05/14/2025 09:45:00,14.39,-39.80,7.49
65,05/14/2025 10:00:00,14.43,-41.06,7.52
66,05/14/2025 10:15:00,14.46,-42.81,7.55
67,05/14/2025 10:30:00,14.46,-42.42,7.54
68,05/14/2025 10:45:00,14.53,-44.19,7.57
69,05/14/2025 11:00:00,14.53,-44.14,7.57
70,05/14/2025 11:15:00,14.55,-44.55,7.58
71,05/14/2025 11:30:00,14.62,-45.27,7.59
72,05/14/2025 11:45:00,14.62,-44.99,7.59
73,05/14/2025 12:00:00,14.62,-45.00,7.59
74,05/14/2025 12:15:00,14.67,-47.17,7.63
75,05/14/2025 12:30:00,14.72,-46.88,7.62
76,05/14/2025 12:45:00,14.74,-48.70,7.65
77,05/14/2025 13:00:00,14.77,-47.47,7.63
78,05/14/2025 13:15:00,14.86,-48.30,7.64
79,05/14/2025 13:30:00,14.98,-49.11,7.66
80,05/14/2025 13:45:00,14.98,-48.35,7.65
81,05/14/2025 14:00:00,15.06,-47.97,7.64
82,05/14/2025 14:15:00,15.17,-49.94,7.67
83,05/14/2025 14:30:00,15.41,-51.49,7.70
84,05/14/2025 14:45:00,15.49,-46.74,7.62
85,05/14/2025 15:00:00,15.65,-50.06,7.67
86,05/14/2025 15:15:00,15.87,-51.92,7.71
87,05/14/2025 15:30:00,15.96,-50.80,7.69
88,05/14/2025 15:45:00,16.03,-48.27,7.64
89,05/14/2025 16:00:00,16.08,-48.11,7.64
90,05/14/2025 16:15:00,16.11,-48.81,7.65
91,05/14/2025 16:30:00,16.11,-46.85,7.62
92,05/14/2025 16:45:00,16.13,-44.86,7.58
93,05/14/2025 17:00:00,16.15,-42.77,7.54
94,05/14/2025 17:15:00,16.15,-42.24,7.53
95,05/14/2025 17:30:00,16.25,-47.06,7.62
96,05/14/2025 17:45:00,16.27,-48.39,7.64
97,05/14/2025 18:00:00,16.22,-48.61,7.65
98,05/14/2025 18:15:00,16.11,-45.31,7.59
99,05/14/2025 18:30:00,16.08,-46.85,7.62
100,05/14/2025 18:45:00,15.99,-44.88,7.58
101,05/14/2025 19:00:00,15.89,-42.13,7.53
102,05/14/2025 19:15:00,15.82,-41.30,7.52
103,05/14/2025 19:30:00,15.77,-40.74,7.51
104,05/14/2025 19:45:00,15.70,-41.63,7.52
105,05/14/2025 20:00:00,15.60,-38.59,7.47
106,05/14/2025 20:15:00,15.53,-37.66,7.45
107,05/14/2025 20:30:00,15.49,-37.52,7.45
108,05/14/2025 20:45:00,15.44,-36.83,7.44
109,05/14/2025 21:00:00,15.37,-35.16,7.41
110,05/14/2025 21:15:00,15.32,-33.34,7.38
111,05/14/2025 21:30:00,15.29,-33.67,7.38
112,05/14/2025 21:45:00,15.27,-32.58,7.36
113,05/14/2025 22:00:00,15.32,-33.99,7.39
114,05/14/2025 22:15:00,15.29,-32.11,7.35
115,05/14/2025 22:30:00,15.25,-31.61,7.35
116,05/14/2025 22:45:00,15.22,-31.42,7.34
117,05/14/2025 23:00:00,15.10,-28.63,7.29
118,05/14/2025 23:15:00,15.10,-29.11,7.30
119,05/14/2025 23:30:00,15.01,-27.86,7.28
120,05/14/2025 23:45:00,14.96,-29.24,7.30
121,05/15/2025 00:00:00,14.91,-28.75,7.29
122,05/15/2025 00:15:00,14.86,-28.84,7.30
123,05/15/2025 00:30:00,14.84,-28.97,7.30
124,05/15/2025 00:45:00,14.82,-28.67,7.29
125,05/15/2025 01:00:00,14.72,-26.45,7.25
126,05/15/2025 01:15:00,14.70,-27.38,7.27
127,05/15/2025 01:30:00,14.60,-25.99,7.25
128,05/15/2025 01:45:00,14.53,-25.22,7.23
129,05/15/2025 02:00:00,14.55,-27.64,7.27
130,05/15/2025 02:15:00,14.46,-25.88,7.24
131,05/15/2025 02:30:00,14.39,-24.64,7.22
132,05/15/2025 02:45:00,14.34,-26.28,7.25
133,05/15/2025 03:00:00,14.29,-25.86,7.24
134,05/15/2025 03:15:00,14.15,-23.86,7.21
135,05/15/2025 03:30:00,14.12,-26.00,7.25
136,05/15/2025 03:45:00,13.98,-24.16,7.21
137,05/15/2025 04:00:00,13.98,-24.81,7.22
138,05/15/2025 04:15:00,13.93,-25.34,7.23
139,05/15/2025 04:30:00,13.81,-23.24,7.20
140,05/15/2025 04:45:00,13.81,-25.89,7.24
141,05/15/2025 05:00:00,13.76,-26.53,7.26
142,05/15/2025 05:15:00,13.69,-27.00,7.26
143,05/15/2025 05:30:00,13.59,-26.47,7.25
144,05/15/2025 05:45:00,13.50,-26.02,7.25
145,05/15/2025 06:00:00,13.40,-25.49,7.24
146,05/15/2025 06:15:00,13.35,-26.08,7.25
147,05/15/2025 06:30:00,13.28,-26.99,7.26
148,05/15/2025 06:45:00,13.18,-25.13,7.23
149,05/15/2025 07:00:00,13.16,-27.02,7.26
150,05/15/2025 07:15:00,13.11,-27.49,7.27
151,05/15/2025 07:30:00,13.09,-27.99,7.28
152,05/15/2025 07:45:00,13.09,-29.99,7.32
153,05/15/2025 08:00:00,13.04,-27.80,7.28
154,05/15/2025 08:15:00,13.09,-30.22,7.32
155,05/15/2025 08:30:00,13.09,-31.80,7.35
156,05/15/2025 08:45:00,13.14,-33.59,7.38
157,05/15/2025 09:00:00,13.14,-32.53,7.36
158,05/15/2025 09:15:00,13.18,-35.78,7.42
159,05/15/2025 09:30:00,13.18,-34.25,7.40
160,05/15/2025 09:45:00,13.16,-33.84,7.39
161,05/15/2025 10:00:00,13.18,-34.92,7.41
162,05/15/2025 10:15:00,13.16,-34.88,7.41
163,05/15/2025 10:30:00,13.14,-34.19,7.39
164,05/15/2025 10:45:00,13.14,-33.78,7.39
165,05/15/2025 11:00:00,13.18,-35.75,7.42
166,05/15/2025 11:15:00,13.18,-37.44,7.45
167,05/15/2025 11:30:00,13.23,-38.91,7.48
168,05/15/2025 11:45:00,13.21,-38.75,7.48
169,05/15/2025 12:00:00,13.21,-38.63,7.47
170,05/15/2025 12:15:00,13.23,-38.81,7.48
171,05/15/2025 12:30:00,13.23,-38.36,7.47
172,05/15/2025 12:45:00,13.18,-35.77,7.42
173,05/15/2025 13:00:00,13.26,-38.45,7.47
174,05/15/2025 13:15:00,13.26,-36.72,7.44
175,05/15/2025 13:30:00,13.28,-38.67,7.47
176,05/15/2025 13:45:00,13.26,-37.06,7.45
177,05/15/2025 14:00:00,13.26,-37.45,7.45
178,05/15/2025 14:15:00,13.28,-37.47,7.45
179,05/15/2025 14:30:00,13.28,-36.27,7.43
180,05/15/2025 14:45:00,13.38,-41.70,7.53
181,05/15/2025 15:00:00,13.38,-42.41,7.54
182,05/15/2025 15:15:00,13.31,-38.30,7.47
183,05/15/2025 15:30:00,13.31,-36.30,7.43
184,05/15/2025 15:45:00,13.35,-39.14,7.48
185,05/15/2025 16:00:00,13.38,-41.41,7.52
186,05/15/2025 16:15:00,13.43,-42.64,7.55
187,05/15/2025 16:30:00,13.40,-40.36,7.51
188,05/15/2025 16:45:00,13.35,-39.00,7.48
189,05/15/2025 17:00:00,13.35,-38.56,7.47
190,05/15/2025 17:15:00,13.35,-38.49,7.47
191,05/15/2025 17:30:00,13.33,-37.47,7.45
192,05/15/2025 17:45:00,13.38,-41.00,7.52
193,05/15/2025 18:00:00,13.35,-39.27,7.49
194,05/15/2025 18:15:00,13.35,-38.86,7.48
195,05/15/2025 18:30:00,13.28,-36.22,7.43
196,05/15/2025 18:45:00,13.31,-35.45,7.42
197,05/15/2025 19:00:00,13.31,-37.83,7.46
198,05/15/2025 19:15:00,13.31,-37.72,7.46
199,05/15/2025 19:30:00,13.31,-36.75,7.44
200,05/15/2025 19:45:00,13.28,-35.83,7.42
201,05/15/2025 20:00:00,13.28,-35.92,7.43
202,05/15/2025 20:15:00,13.26,-34.77,7.40
203,05/15/2025 20:30:00,13.21,-33.99,7.39
204,05/15/2025 20:45:00,13.16,-32.08,7.36
205,05/15/2025 21:00:00,13.11,-30.91,7.34
206,05/15/2025 21:15:00,13.06,-28.97,7.30
207,05/15/2025 21:30:00,13.06,-30.38,7.33
208,05/15/2025 21:45:00,13.04,-30.19,7.32
209,05/15/2025 22:00:00,13.02,-29.24,7.31
210,05/15/2025 22:15:00,12.99,-28.47,7.29
211,05/15/2025 22:30:00,12.97,-26.59,7.26
212,05/15/2025 22:45:00,12.97,-27.92,7.28
213,05/15/2025 23:00:00,12.94,-26.84,7.26
214,05/15/2025 23:15:00,12.94,-26.47,7.26
215,05/15/2025 23:30:00,12.92,-26.61,7.26
216,05/15/2025 23:45:00,12.90,-25.64,7.24
217,05/16/2025 00:00:00,12.92,-26.97,7.26
218,05/16/2025 00:15:00,12.92,-26.81,7.26
219,05/16/2025 00:30:00,12.80,-22.92,7.19
220,05/16/2025 00:45:00,12.87,-25.70,7.24
221,05/16/2025 01:00:00,12.80,-23.86,7.21
222,05/16/2025 01:15:00,12.77,-23.05,7.19
223,05/16/2025 01:30:00,12.77,-23.42,7.20
224,05/16/2025 01:45:00,12.70,-21.28,7.16
225,05/16/2025 02:00:00,12.65,-19.53,7.13
226,05/16/2025 02:15:00,12.58,-17.30,7.09
227,05/16/2025 02:30:00,12.61,-20.02,7.14
228,05/16/2025 02:45:00,12.68,-22.77,7.19
229,05/16/2025 03:00:00,12.63,-21.72,7.17
230,05/16/2025 03:15:00,12.58,-22.06,7.18
231,05/16/2025 03:30:00,12.58,-21.49,7.17
232,05/16/2025 03:45:00,12.56,-20.16,7.14
233,05/16/2025 04:00:00,12.49,-19.52,7.13
234,05/16/2025 04:15:00,12.34,-14.97,7.05
235,05/16/2025 04:30:00,12.44,-20.75,7.15
236,05/16/2025 04:45:00,12.51,-21.36,7.16
237,05/16/2025 05:00:00,12.49,-21.06,7.16
238,05/16/2025 05:15:00,12.39,-20.49,7.15
239,05/16/2025 05:30:00,12.36,-19.06,7.12
240,05/16/2025 05:45:00,12.41,-21.83,7.17
241,05/16/2025 06:00:00,12.34,-19.94,7.14
242,05/16/2025 06:15:00,12.34,-20.80,7.15
243,05/16/2025 06:30:00,12.24,-15.92,7.07
244,05/16/2025 06:45:00,12.17,-17.02,7.08
245,05/16/2025 07:00:00,12.10,-14.91,7.05
246,05/16/2025 07:15:00,12.12,-16.41,7.07
247,05/16/2025 07:30:00,12.17,-18.50,7.11
248,05/16/2025 07:45:00,12.22,-20.95,7.16
249,05/16/2025 08:00:00,12.27,-23.49,7.20
250,05/16/2025 08:15:00,12.29,-25.34,7.24
251,05/16/2025 08:30:00,12.27,-24.59,7.22
252,05/16/2025 08:45:00,12.22,-23.63,7.20
253,05/16/2025 09:00:00,12.24,-23.42,7.20
254,05/16/2025 09:15:00,12.19,-23.22,7.20
255,05/16/2025 09:30:00,12.19,-22.67,7.19
256,05/16/2025 09:45:00,12.22,-24.81,7.23
257,05/16/2025 10:00:00,12.22,-23.17,7.20
258,05/16/2025 10:15:00,12.15,-21.59,7.17
259,05/16/2025 10:30:00,12.15,-22.53,7.18
260,05/16/2025 10:45:00,12.24,-25.33,7.24
261,05/16/2025 11:00:00,12.27,-25.49,7.24
262,05/16/2025 11:15:00,12.34,-28.47,7.29
263,05/16/2025 11:30:00,12.39,-28.34,7.29
264,05/16/2025 11:45:00,12.44,-28.52,7.29
265,05/16/2025 12:00:00,12.44,-29.83,7.32
266,05/16/2025 12:15:00,12.36,-26.39,7.25
267,05/16/2025 12:30:00,12.34,-23.94,7.21
268,05/16/2025 12:45:00,12.27,-23.17,7.20
269,05/16/2025 13:00:00,12.34,-26.06,7.25
270,05/16/2025 13:15:00,12.39,-25.59,7.24
271,05/16/2025 13:30:00,12.49,-28.25,7.29
272,05/16/2025 13:45:00,12.51,-25.91,7.25
273,05/16/2025 14:00:00,12.56,-26.24,7.25
274,05/16/2025 14:15:00,12.61,-28.56,7.29
275,05/16/2025 14:30:00,12.61,-25.47,7.24
276,05/16/2025 14:45:00,12.58,-22.86,7.19
277,05/16/2025 15:00:00,12.70,-22.67,7.19
278,05/16/2025 15:15:00,12.82,-29.05,7.30
279,05/16/2025 15:30:00,12.75,-23.45,7.20
280,05/16/2025 15:45:00,12.82,-28.81,7.30
281,05/16/2025 16:00:00,12.82,-28.41,7.29
282,05/16/2025 16:15:00,12.80,-26.77,7.26
283,05/16/2025 16:30:00,12.87,-30.16,7.32
284,05/16/2025 16:45:00,12.80,-27.92,7.28
285,05/16/2025 17:00:00,12.73,-24.56,7.22
286,05/16/2025 17:15:00,12.70,-24.69,7.22
287,05/16/2025 17:30:00,12.73,-25.80,7.24
288,05/16/2025 17:45:00,12.75,-27.47,7.27
289,05/16/2025 18:00:00,12.77,-28.80,7.30
290,05/16/2025 18:15:00,12.75,-28.08,7.28
291,05/16/2025 18:30:00,12.77,-29.66,7.31
292,05/16/2025 18:45:00,12.73,-28.19,7.29
293,05/16/2025 19:00:00,12.70,-27.63,7.28
294,05/16/2025 19:15:00,12.68,-25.22,7.23
295,05/16/2025 19:30:00,12.65,-25.56,7.24
296,05/16/2025 19:45:00,12.70,-27.75,7.28
297,05/16/2025 20:00:00,12.73,-28.30,7.29
298,05/16/2025 20:15:00,12.75,-28.83,7.30
299,05/16/2025 20:30:00,12.68,-25.81,7.24
300,05/16/2025 20:45:00,12.65,-26.61,7.26
301,05/16/2025 21:00:00,12.65,-24.92,7.23
302,05/16/2025 21:15:00,12.58,-21.56,7.17
303,05/16/2025 21:30:00,12.65,-25.47,7.24
304,05/16/2025 21:45:00,12.65,-25.03,7.23
305,05/16/2025 22:00:00,12.58,-22.45,7.18
306,05/16/2025 22:15:00,12.58,-21.66,7.17
307,05/16/2025 22:30:00,12.58,-23.27,7.20
308,05/16/2025 22:45:00,12.63,-24.34,7.22
309,05/16/2025 23:00:00,12.63,-23.94,7.21
310,05/16/2025 23:15:00,12.56,-21.94,7.17
311,05/16/2025 23:30:00,12.58,-21.52,7.17
312,05/16/2025 23:45:00,12.63,-23.53,7.20
313,05/17/2025 00:00:00,12.61,-23.70,7.21
314,05/17/2025 00:15:00,12.65,-23.66,7.20
315,05/17/2025 00:30:00,12.65,-23.84,7.21
316,05/17/2025 00:45:00,12.65,-24.02,7.21
317,05/17/2025 01:00:00,12.63,-23.97,7.21
318,05/17/2025 01:15:00,12.65,-23.95,7.21
319,05/17/2025 01:30:00,12.61,-22.69,7.19
320,05/17/2025 01:45:00,12.58,-21.16,7.16
321,05/17/2025 02:00:00,12.58,-21.47,7.17
322,05/17/2025 02:15:00,12.58,-22.20,7.18
323,05/17/2025 02:30:00,12.63,-24.24,7.22
324,05/17/2025 02:45:00,12.61,-23.28,7.20
325,05/17/2025 03:00:00,12.58,-22.41,7.18
326,05/17/2025 03:15:00,12.61,-24.31,7.22
327,05/17/2025 03:30:00,12.56,-23.42,7.20
328,05/17/2025 03:45:00,12.51,-21.91,7.17
329,05/17/2025 04:00:00,12.53,-22.69,7.19
330,05/17/2025 04:15:00,12.39,-19.27,7.13
331,05/17/2025 04:30:00,12.46,-21.52,7.17
332,05/17/2025 04:45:00,12.41,-20.44,7.15
333,05/17/2025 05:00:00,12.46,-21.72,7.17
334,05/17/2025 05:15:00,12.36,-19.25,7.13
335,05/17/2025 05:30:00,12.46,-21.86,7.17
336,05/17/2025 05:45:00,12.41,-21.13,7.16
337,05/17/2025 06:00:00,12.41,-21.03,7.16
338,05/17/2025 06:15:00,12.36,-20.31,7.14
339,05/17/2025 06:30:00,12.39,-21.36,7.16
340,05/17/2025 06:45:00,12.39,-21.83,7.17
341,05/17/2025 07:00:00,12.39,-21.77,7.17
342,05/17/2025 07:15:00,12.36,-22.02,7.18
343,05/17/2025 07:30:00,12.41,-22.95,7.19
344,05/17/2025 07:45:00,12.44,-23.17,7.20
345,05/17/2025 08:00:00,12.46,-24.17,7.21
346,05/17/2025 08:15:00,12.46,-23.52,7.20
347,05/17/2025 08:30:00,12.44,-23.20,7.20
348,05/17/2025 08:45:00,12.51,-24.86,7.23
349,05/17/2025 09:00:00,12.53,-26.72,7.26
350,05/17/2025 09:15:00,12.56,-26.27,7.25
351,05/17/2025 09:30:00,12.58,-25.89,7.25
352,05/17/2025 09:45:00,12.70,-29.42,7.31
353,05/17/2025 10:00:00,12.68,-28.11,7.29
354,05/17/2025 10:15:00,12.75,-26.67,7.26
355,05/17/2025 10:30:00,12.80,-25.63,7.24
356,05/17/2025 10:45:00,12.82,-26.44,7.25
357,05/17/2025 11:00:00,12.90,-29.59,7.31
358,05/17/2025 11:15:00,13.06,-30.22,7.32
359,05/17/2025 11:30:00,13.16,-31.86,7.35
360,05/17/2025 11:45:00,13.16,-31.17,7.34
361,05/17/2025 12:00:00,13.23,-32.55,7.36
362,05/17/2025 12:15:00,13.40,-35.11,7.41
363,05/17/2025 12:30:00,13.40,-33.72,7.39
364,05/17/2025 12:45:00,13.26,-27.30,7.27
365,05/17/2025 13:00:00,13.23,-24.20,7.21
366,05/17/2025 13:15:00,13.33,-24.03,7.21
367,05/17/2025 13:30:00,13.40,-27.27,7.27
368,05/17/2025 13:45:00,13.55,-31.47,7.34
369,05/17/2025 14:00:00,13.76,-38.25,7.47
370,05/17/2025 14:15:00,13.79,-37.11,7.45
371,05/17/2025 14:30:00,13.91,-38.72,7.47
372,05/17/2025 14:45:00,13.93,-35.08,7.41
373,05/17/2025 15:00:00,13.83,-30.41,7.33
374,05/17/2025 15:15:00,13.83,-29.39,7.31
375,05/17/2025 15:30:00,14.03,-40.67,7.51
376,05/17/2025 15:45:00,14.22,-48.16,7.64
377,05/17/2025 16:00:00,14.31,-46.88,7.62
378,05/17/2025 16:15:00,14.31,-47.53,7.63
379,05/17/2025 16:30:00,14.24,-45.49,7.60
380,05/17/2025 16:45:00,14.24,-47.10,7.62
381,05/17/2025 17:00:00,14.36,-47.41,7.63
382,05/17/2025 17:15:00,14.36,-46.64,7.62
383,05/17/2025 17:30:00,14.34,-45.53,7.60
384,05/17/2025 17:45:00,14.27,-43.64,7.56
385,05/17/2025 18:00:00,14.34,-45.14,7.59
386,05/17/2025 18:15:00,14.39,-46.00,7.60
387,05/17/2025 18:30:00,14.36,-46.42,7.61
388,05/17/2025 18:45:00,14.31,-45.00,7.59
389,05/17/2025 19:00:00,14.31,-43.13,7.55
390,05/17/2025 19:15:00,14.29,-42.24,7.54
391,05/17/2025 19:30:00,14.29,-41.81,7.53
392,05/17/2025 19:45:00,14.24,-40.59,7.51
393,05/17/2025 20:00:00,14.22,-38.80,7.48
394,05/17/2025 20:15:00,14.22,-38.69,7.47
395,05/17/2025 20:30:00,14.17,-37.83,7.46
396,05/17/2025 20:45:00,14.12,-36.56,7.44
397,05/17/2025 21:00:00,14.05,-35.38,7.41
398,05/17/2025 21:15:00,14.00,-33.38,7.38
399,05/17/2025 21:30:00,13.98,-34.30,7.40
400,05/17/2025 21:45:00,14.00,-34.53,7.40
401,05/17/2025 22:00:00,14.00,-34.33,7.40
402,05/17/2025 22:15:00,14.00,-34.03,7.39
403,05/17/2025 22:30:00,14.00,-33.25,7.38
404,05/17/2025 22:45:00,14.00,-33.09,7.37
405,05/17/2025 23:00:00,13.98,-32.19,7.36
406,05/17/2025 23:15:00,13.98,-31.69,7.35
407,05/17/2025 23:30:00,13.93,-31.61,7.35
408,05/17/2025 23:45:00,13.88,-31.30,7.34
409,05/18/2025 00:00:00,13.86,-30.97,7.34
410,05/18/2025 00:15:00,13.81,-30.97,7.34
411,05/18/2025 00:30:00,13.74,-31.00,7.34
412,05/18/2025 00:45:00,13.71,-30.27,7.32
413,05/18/2025 01:00:00,13.69,-30.14,7.32
414,05/18/2025 01:15:00,13.69,-30.72,7.33
415,05/18/2025 01:30:00,13.67,-30.03,7.32
416,05/18/2025 01:45:00,13.59,-29.30,7.31
417,05/18/2025 02:00:00,13.59,-29.50,7.31
418,05/18/2025 02:15:00,13.55,-29.80,7.31
419,05/18/2025 02:30:00,13.50,-29.78,7.31
420,05/18/2025 02:45:00,13.43,-29.34,7.31
421,05/18/2025 03:00:00,13.40,-29.20,7.30
422,05/18/2025 03:15:00,13.35,-29.61,7.31
423,05/18/2025 03:30:00,13.31,-29.69,7.31
424,05/18/2025 03:45:00,13.21,-28.88,7.30
425,05/18/2025 04:00:00,13.21,-29.34,7.31
426,05/18/2025 04:15:00,13.14,-29.52,7.31
427,05/18/2025 04:30:00,13.09,-29.24,7.30
428,05/18/2025 04:45:00,13.04,-29.25,7.31
429,05/18/2025 05:00:00,12.94,-28.95,7.30
430,05/18/2025 05:15:00,12.90,-28.77,7.30
431,05/18/2025 05:30:00,12.87,-28.50,7.29
432,05/18/2025 05:45:00,12.80,-28.47,7.29
433,05/18/2025 06:00:00,12.75,-28.89,7.30
434,05/18/2025 06:15:00,12.68,-29.69,7.31
435,05/18/2025 06:30:00,12.63,-30.47,7.33
436,05/18/2025 06:45:00,12.58,-30.59,7.33
437,05/18/2025 07:00:00,12.53,-31.45,7.35
438,05/18/2025 07:15:00,12.51,-31.81,7.35
439,05/18/2025 07:30:00,12.49,-32.86,7.37
440,05/18/2025 07:45:00,12.46,-34.06,7.39
441,05/18/2025 08:00:00,12.46,-34.02,7.39
442,05/18/2025 08:15:00,12.46,-33.75,7.39
443,05/18/2025 08:30:00,12.51,-33.67,7.39
444,05/18/2025 08:45:00,12.58,-35.30,7.42
445,05/18/2025 09:00:00,12.65,-36.41,7.43
446,05/18/2025 09:15:00,12.68,-36.74,7.44
447,05/18/2025 09:30:00,12.77,-40.38,7.51
448,05/18/2025 09:45:00,12.75,-38.66,7.48
449,05/18/2025 10:00:00,12.85,-39.25,7.49
450,05/18/2025 10:15:00,12.92,-43.02,7.55
451,05/18/2025 10:30:00,13.02,-40.94,7.52
452,05/18/2025 10:45:00,13.06,-40.94,7.52
453,05/18/2025 11:00:00,13.06,-40.95,7.52
454,05/18/2025 11:15:00,13.04,-41.38,7.52
455,05/18/2025 11:30:00,13.14,-43.30,7.56
456,05/18/2025 11:45:00,13.23,-42.22,7.54
457,05/18/2025 12:00:00,13.40,-43.91,7.57
458,05/18/2025 12:15:00,13.62,-49.33,7.67
459,05/18/2025 12:30:00,13.81,-46.53,7.62
460,05/18/2025 12:45:00,13.98,-46.11,7.61
461,05/18/2025 13:00:00,14.12,-45.50,7.60
462,05/18/2025 13:15:00,14.10,-44.61,7.58
463,05/18/2025 13:30:00,14.12,-44.05,7.57
464,05/18/2025 13:45:00,14.27,-44.42,7.58
465,05/18/2025 14:00:00,14.43,-47.20,7.63
466,05/18/2025 14:15:00,14.51,-46.61,7.62
467,05/18/2025 14:30:00,14.60,-51.49,7.70
468,05/18/2025 14:45:00,14.79,-46.83,7.62
469,05/18/2025 15:00:00,14.89,-45.91,7.60
470,05/18/2025 15:15:00,15.01,-48.45,7.65
471,05/18/2025 15:30:00,15.06,-46.00,7.60
472,05/18/2025 15:45:00,15.01,-44.58,7.58
473,05/18/2025 16:00:00,15.08,-45.97,7.60
474,05/18/2025 16:15:00,15.15,-46.36,7.61
475,05/18/2025 16:30:00,15.17,-45.39,7.59
476,05/18/2025 16:45:00,15.15,-45.58,7.60
477,05/18/2025 17:00:00,15.06,-43.56,7.56
478,05/18/2025 17:15:00,15.03,-42.36,7.54
479,05/18/2025 17:30:00,15.03,-42.91,7.55
480,05/18/2025 17:45:00,15.01,-42.38,7.54
481,05/18/2025 18:00:00,14.98,-44.00,7.57
482,05/18/2025 18:15:00,14.98,-43.80,7.56
483,05/18/2025 18:30:00,14.94,-42.92,7.55
484,05/18/2025 18:45:00,14.89,-42.80,7.55
485,05/18/2025 19:00:00,14.82,-40.91,7.51
486,05/18/2025 19:15:00,14.70,-39.52,7.49
487,05/18/2025 19:30:00,14.62,-39.50,7.49
488,05/18/2025 19:45:00,14.55,-39.25,7.48
489,05/18/2025 20:00:00,14.43,-36.78,7.44
490,05/18/2025 20:15:00,14.36,-36.30,7.43
491,05/18/2025 20:30:00,14.29,-34.39,7.40
492,05/18/2025 20:45:00,14.17,-32.86,7.37
493,05/18/2025 21:00:00,14.07,-32.64,7.37
494,05/18/2025 21:15:00,14.07,-33.41,7.38
495,05/18/2025 21:30:00,13.98,-32.06,7.35
496,05/18/2025 21:45:00,13.95,-32.38,7.36
497,05/18/2025 22:00:00,13.91,-32.24,7.36
498,05/18/2025 22:15:00,13.88,-31.67,7.35
499,05/18/2025 22:30:00,13.83,-31.38,7.34
500,05/18/2025 22:45:00,13.83,-30.64,7.33
501,05/18/2025 23:00:00,13.81,-29.88,7.32
502,05/18/2025 23:15:00,13.79,-29.24,7.30
503,05/18/2025 23:30:00,13.76,-28.64,7.29
504,05/18/2025 23:45:00,13.74,-29.61,7.31
505,05/19/2025 00:00:00,13.76,-29.67,7.31
506,05/19/2025 00:15:00,13.74,-29.83,7.31
507,05/19/2025 00:30:00,13.71,-29.84,7.32
508,05/19/2025 00:45:00,13.67,-29.00,7.30
509,05/19/2025 01:00:00,13.62,-28.31,7.29
510,05/19/2025 01:15:00,13.59,-28.49,7.29
511,05/19/2025 01:30:00,13.52,-27.81,7.28
512,05/19/2025 01:45:00,13.50,-27.86,7.28
513,05/19/2025 02:00:00,13.43,-28.33,7.29
514,05/19/2025 02:15:00,13.38,-28.33,7.29
515,05/19/2025 02:30:00,13.31,-27.61,7.28
516,05/19/2025 02:45:00,13.23,-27.86,7.28
517,05/19/2025 03:00:00,13.16,-27.88,7.28
518,05/19/2025 03:15:00,13.06,-27.47,7.27
519,05/19/2025 03:30:00,13.02,-27.33,7.27
520,05/19/2025 03:45:00,12.94,-27.49,7.27
521,05/19/2025 04:00:00,12.90,-27.83,7.28
522,05/19/2025 04:15:00,12.80,-27.33,7.27
523,05/19/2025 04:30:00,12.75,-26.99,7.26
524,05/19/2025 04:45:00,12.70,-27.53,7.27
525,05/19/2025 05:00:00,12.65,-27.63,7.28
526,05/19/2025 05:15:00,12.61,-27.36,7.27
527,05/19/2025 05:30:00,12.56,-27.99,7.28
528,05/19/2025 05:45:00,12.49,-27.69,7.28
529,05/19/2025 06:00:00,12.44,-26.81,7.26
530,05/19/2025 06:15:00,12.41,-26.83,7.26
531,05/19/2025 06:30:00,12.39,-27.53,7.27
532,05/19/2025 06:45:00,12.36,-27.33,7.27
533,05/19/2025 07:00:00,12.32,-28.22,7.29
534,05/19/2025 07:15:00,12.29,-28.13,7.29
535,05/19/2025 07:30:00,12.29,-29.81,7.32
536,05/19/2025 07:45:00,12.29,-31.11,7.34
537,05/19/2025 08:00:00,12.32,-32.44,7.36
538,05/19/2025 08:15:00,12.36,-34.03,7.39
539,05/19/2025 08:30:00,12.44,-34.83,7.41
540,05/19/2025 08:45:00,12.49,-35.13,7.41
541,05/19/2025 09:00:00,12.53,-36.74,7.44
542,05/19/2025 09:15:00,12.61,-37.14,7.45
543,05/19/2025 09:30:00,12.65,-38.55,7.47
544,05/19/2025 09:45:00,12.77,-43.36,7.56
545,05/19/2025 10:00:00,12.92,-38.66,7.48
546,05/19/2025 10:15:00,12.90,-38.50,7.47
547,05/19/2025 10:30:00,12.94,-39.66,7.49
548,05/19/2025 10:45:00,13.04,-41.30,7.52
549,05/19/2025 11:00:00,13.06,-41.91,7.53
550,05/19/2025 11:15:00,13.09,-43.60,7.56
551,05/19/2025 11:30:00,13.23,-45.77,7.60
552,05/19/2025 11:45:00,13.31,-45.39,7.60
553,05/19/2025 12:00:00,13.40,-46.89,7.62
554,05/19/2025 12:15:00,13.47,-46.25,7.61
555,05/19/2025 12:30:00,13.57,-47.36,7.63
556,05/19/2025 12:45:00,13.64,-47.25,7.63
557,05/19/2025 13:00:00,13.74,-48.45,7.65
558,05/19/2025 13:15:00,13.81,-50.30,7.68
559,05/19/2025 13:30:00,13.88,-50.75,7.69
560,05/19/2025 13:45:00,13.86,-49.00,7.66
561,05/19/2025 14:00:00,13.79,-48.72,7.65
562,05/19/2025 14:15:00,13.74,-49.27,7.66
563,05/19/2025 14:30:00,13.67,-48.10,7.64
564,05/19/2025 14:45:00,13.59,-46.97,7.62
565,05/19/2025 15:00:00,13.57,-49.39,7.67
566,05/19/2025 15:15:00,13.55,-48.69,7.65
567,05/19/2025 15:30:00,13.52,-49.72,7.67
568,05/19/2025 15:45:00,13.50,-50.02,7.68
569,05/19/2025 16:00:00,13.47,-49.77,7.67
570,05/19/2025 16:15:00,13.50,-50.16,7.68
571,05/19/2025 16:30:00,13.50,-49.38,7.67
572,05/19/2025 16:45:00,13.47,-47.74,7.64
573,05/19/2025 17:00:00,13.47,-47.89,7.64
574,05/19/2025 17:15:00,13.50,-48.03,7.64
575,05/19/2025 17:30:00,13.52,-46.95,7.62
576,05/19/2025 17:45:00,13.52,-46.10,7.61
577,05/19/2025 18:00:00,13.57,-46.67,7.62
578,05/19/2025 18:15:00,13.62,-45.64,7.60
579,05/19/2025 18:30:00,13.67,-45.42,7.60
580,05/19/2025 18:45:00,13.69,-44.16,7.57
581,05/19/2025 19:00:00,13.79,-44.45,7.58
582,05/19/2025 19:15:00,13.83,-44.13,7.57
583,05/19/2025 19:30:00,13.88,-43.20,7.56
584,05/19/2025 19:45:00,13.93,-41.58,7.53
585,05/19/2025 20:00:00,13.98,-39.77,7.49
586,05/19/2025 20:15:00,14.03,-39.36,7.49
587,05/19/2025 20:30:00,14.05,-38.16,7.46
588,05/19/2025 20:45:00,14.05,-36.89,7.44
589,05/19/2025 21:00:00,14.03,-35.70,7.42
590,05/19/2025 21:15:00,13.98,-34.06,7.39
591,05/19/2025 21:30:00,13.95,-33.47,7.38
592,05/19/2025 21:45:00,13.93,-33.28,7.38
593,05/19/2025 22:00:00,13.88,-33.03,7.37
594,05/19/2025 22:15:00,13.86,-32.49,7.36
595,05/19/2025 22:30:00,13.81,-33.02,7.37
596,05/19/2025 22:45:00,13.76,-32.53,7.36
597,05/19/2025 23:00:00,13.71,-31.91,7.35
598,05/19/2025 23:15:00,13.69,-32.24,7.36
599,05/19/2025 23:30:00,13.62,-32.05,7.36
600,05/19/2025 23:45:00,13.57,-31.38,7.34
601,05/20/2025 00:00:00,13.50,-31.00,7.34
602,05/20/2025 00:15:00,13.45,-30.91,7.33
603,05/20/2025 00:30:00,13.40,-30.50,7.33
604,05/20/2025 00:45:00,13.35,-30.20,7.32
605,05/20/2025 01:00:00,13.31,-29.80,7.31
606,05/20/2025 01:15:00,13.28,-30.05,7.32
607,05/20/2025 01:30:00,13.23,-30.63,7.33
608,05/20/2025 01:45:00,13.18,-30.17,7.32
609,05/20/2025 02:00:00,13.14,-30.06,7.32
610,05/20/2025 02:15:00,13.09,-29.67,7.31
611,05/20/2025 02:30:00,13.04,-29.39,7.31
612,05/20/2025 02:45:00,12.99,-28.88,7.30
613,05/20/2025 03:00:00,12.94,-28.49,7.29
614,05/20/2025 03:15:00,12.92,-28.84,7.30
615,05/20/2025 03:30:00,12.87,-29.61,7.31
616,05/20/2025 03:45:00,12.85,-29.42,7.31
617,05/20/2025 04:00:00,12.77,-28.77,7.30
618,05/20/2025 04:15:00,12.77,-29.67,7.31
619,05/20/2025 04:30:00,12.73,-29.22,7.31
620,05/20/2025 04:45:00,12.68,-28.63,7.29
621,05/20/2025 05:00:00,12.61,-27.91,7.28
622,05/20/2025 05:15:00,12.58,-28.27,7.29
623,05/20/2025 05:30:00,12.56,-28.66,7.30
624,05/20/2025 05:45:00,12.51,-28.33,7.29
625,05/20/2025 06:00:00,12.49,-29.19,7.30
626,05/20/2025 06:15:00,12.44,-29.34,7.31
627,05/20/2025 06:30:00,12.41,-29.50,7.31
628,05/20/2025 06:45:00,12.41,-30.91,7.34
629,05/20/2025 07:00:00,12.39,-30.67,7.33
630,05/20/2025 07:15:00,12.36,-31.92,7.35
631,05/20/2025 07:30:00,12.36,-32.64,7.37
632,05/20/2025 07:45:00,12.39,-33.88,7.39
633,05/20/2025 08:00:00,12.39,-33.88,7.39
634,05/20/2025 08:15:00,12.39,-34.74,7.41
635,05/20/2025 08:30:00,12.39,-35.52,7.42
636,05/20/2025 08:45:00,12.44,-36.45,7.44
637,05/20/2025 09:00:00,12.44,-36.69,7.44
638,05/20/2025 09:15:00,12.44,-36.16,7.43
639,05/20/2025 09:30:00,12.49,-37.95,7.46
640,05/20/2025 09:45:00,12.53,-39.66,7.49
641,05/20/2025 10:00:00,12.65,-41.70,7.53
642,05/20/2025 10:15:00,12.82,-44.80,7.59
643,05/20/2025 10:30:00,12.90,-42.02,7.54
644,05/20/2025 10:45:00,12.94,-43.64,7.57
645,05/20/2025 11:00:00,13.02,-43.33,7.56
646,05/20/2025 11:15:00,12.99,-42.56,7.55
647,05/20/2025 11:30:00,12.97,-43.52,7.56
648,05/20/2025 11:45:00,12.99,-45.41,7.60
649,05/20/2025 12:00:00,13.26,-48.92,7.66
650,05/20/2025 12:15:00,13.31,-46.70,7.62
651,05/20/2025 12:30:00,13.33,-45.31,7.59
652,05/20/2025 12:45:00,13.31,-44.42,7.58
653,05/20/2025 13:00:00,13.31,-44.75,7.58
654,05/20/2025 13:15:00,13.45,-50.95,7.70
655,05/20/2025 13:30:00,13.59,-48.52,7.65
656,05/20/2025 13:45:00,13.64,-49.56,7.67
657,05/20/2025 14:00:00,13.86,-51.03,7.70
658,05/20/2025 14:15:00,14.05,-52.95,7.73
659,05/20/2025 14:30:00,14.15,-50.44,7.68
660,05/20/2025 14:45:00,14.29,-51.80,7.71
661,05/20/2025 15:00:00,14.46,-51.78,7.71
662,05/20/2025 15:15:00,14.67,-52.75,7.73
663,05/20/2025 15:30:00,14.74,-51.52,7.70
664,05/20/2025 15:45:00,14.70,-50.50,7.68
665,05/20/2025 16:00:00,14.65,-48.94,7.66
666,05/20/2025 16:15:00,14.70,-48.58,7.65
667,05/20/2025 16:30:00,14.79,-48.53,7.65
668,05/20/2025 16:45:00,14.79,-48.30,7.64
669,05/20/2025 17:00:00,14.77,-47.91,7.64
670,05/20/2025 17:15:00,14.67,-46.72,7.62
671,05/20/2025 17:30:00,14.67,-46.60,7.61
672,05/20/2025 17:45:00,14.62,-45.80,7.60
673,05/20/2025 18:00:00,14.58,-45.42,7.59
674,05/20/2025 18:15:00,14.55,-46.31,7.61
675,05/20/2025 18:30:00,14.62,-46.92,7.62
676,05/20/2025 18:45:00,14.62,-45.97,7.60
677,05/20/2025 19:00:00,14.60,-44.91,7.58
678,05/20/2025 19:15:00,14.60,-44.03,7.57
679,05/20/2025 19:30:00,14.58,-41.42,7.52
680,05/20/2025 19:45:00,14.53,-40.27,7.50
681,05/20/2025 20:00:00,14.53,-38.99,7.48
682,05/20/2025 20:15:00,14.48,-38.50,7.47
683,05/20/2025 20:30:00,14.43,-38.03,7.46
684,05/20/2025 20:45:00,14.34,-36.06,7.43
685,05/20/2025 21:00:00,14.29,-35.42,7.41
686,05/20/2025 21:15:00,14.24,-34.31,7.39
687,05/20/2025 21:30:00,14.17,-33.27,7.38
688,05/20/2025 21:45:00,14.12,-33.14,7.37
689,05/20/2025 22:00:00,14.07,-32.27,7.36
690,05/20/2025 22:15:00,14.05,-32.72,7.37
691,05/20/2025 22:30:00,14.03,-32.50,7.36
692,05/20/2025 22:45:00,14.03,-32.22,7.36
693,05/20/2025 23:00:00,14.03,-31.50,7.34
694,05/20/2025 23:15:00,14.05,-31.33,7.34
695,05/20/2025 23:30:00,14.07,-31.84,7.35
696,05/20/2025 23:45:00,14.10,-31.00,7.34
697,05/21/2025 00:00:00,14.12,-31.55,7.35
698,05/21/2025 00:15:00,14.12,-30.55,7.33
699,05/21/2025 00:30:00,14.10,-30.42,7.33
700,05/21/2025 00:45:00,14.07,-30.11,7.32
701,05/21/2025 01:00:00,14.05,-30.33,7.32
702,05/21/2025 01:15:00,14.03,-30.52,7.33
703,05/21/2025 01:30:00,13.95,-29.97,7.32
704,05/21/2025 01:45:00,13.93,-30.24,7.32
705,05/21/2025 02:00:00,13.88,-29.91,7.32
706,05/21/2025 02:15:00,13.83,-29.47,7.31
707,05/21/2025 02:30:00,13.79,-29.14,7.30
708,05/21/2025 02:45:00,13.74,-29.41,7.31
709,05/21/2025 03:00:00,13.71,-29.63,7.31
710,05/21/2025 03:15:00,13.64,-28.94,7.30
711,05/21/2025 03:30:00,13.59,-28.78,7.30
712,05/21/2025 03:45:00,13.57,-29.47,7.31
713,05/21/2025 04:00:00,13.52,-28.92,7.30
714,05/21/2025 04:15:00,13.43,-28.36,7.29
715,05/21/2025 04:30:00,13.38,-28.14,7.28
716,05/21/2025 04:45:00,13.35,-28.70,7.30
717,05/21/2025 05:00:00,13.28,-28.97,7.30
718,05/21/2025 05:15:00,13.26,-29.06,7.30
719,05/21/2025 05:30:00,13.21,-28.63,7.29
720,05/21/2025 05:45:00,13.16,-28.52,7.29
721,05/21/2025 06:00:00,13.14,-28.97,7.30
722,05/21/2025 06:15:00,13.09,-29.02,7.30
723,05/21/2025 06:30:00,13.06,-29.50,7.31
724,05/21/2025 06:45:00,13.04,-29.83,7.32
725,05/21/2025 07:00:00,13.04,-31.11,7.34
726,05/21/2025 07:15:00,13.02,-32.11,7.36
727,05/21/2025 07:30:00,13.02,-32.58,7.37
728,05/21/2025 07:45:00,13.02,-33.69,7.39
729,05/21/2025 08:00:00,13.02,-34.44,7.40
730,05/21/2025 08:15:00,13.04,-35.89,7.43
731,05/21/2025 08:30:00,13.04,-36.11,7.43
732,05/21/2025 08:45:00,13.06,-36.70,7.44
733,05/21/2025 09:00:00,13.11,-39.36,7.49
734,05/21/2025 09:15:00,13.14,-37.92,7.46
735,05/21/2025 09:30:00,13.35,-45.38,7.60
736,05/21/2025 09:45:00,13.43,-45.58,7.60
737,05/21/2025 10:00:00,13.55,-49.60,7.67
738,05/21/2025 10:15:00,13.64,-48.75,7.66
739,05/21/2025 10:30:00,13.74,-48.53,7.65
740,05/21/2025 10:45:00,13.86,-50.55,7.69
741,05/21/2025 11:00:00,13.98,-44.85,7.58
742,05/21/2025 11:15:00,13.98,-43.74,7.56
743,05/21/2025 11:30:00,13.95,-44.33,7.58
744,05/21/2025 11:45:00,14.27,-48.19,7.64
745,05/21/2025 12:00:00,14.46,-48.39,7.65
746,05/21/2025 12:15:00,14.60,-49.17,7.66
747,05/21/2025 12:30:00,14.74,-49.05,7.66
748,05/21/2025 12:45:00,14.82,-50.53,7.68
749,05/21/2025 13:00:00,14.79,-49.89,7.67
750,05/21/2025 13:15:00,14.84,-47.99,7.64
751,05/21/2025 13:30:00,14.89,-51.35,7.70
752,05/21/2025 13:45:00,14.98,-49.75,7.67
753,05/21/2025 14:00:00,14.43,-47.10,7.62
