#,Date-Time (PDT),Temp,mv,pH,
7,5/21/2025 14:53,15.58,-44.55,7.6,
8,5/21/2025 15:53,15.29,-43.3,7.58,
9,5/21/2025 16:53,15.01,-44.56,7.6,
10,5/21/2025 17:53,14.65,-42.14,7.56,
11,5/21/2025 18:53,14.48,-40.2,7.52,
12,5/21/2025 19:53,14.39,-38.13,7.48,
13,5/21/2025 20:53,14.24,-34,7.41,
14,5/21/2025 21:53,14.1,-30.24,7.34,
15,5/21/2025 22:53,13.95,-28.74,7.31,
16,5/21/2025 23:53,13.86,-27.95,7.3,
17,5/22/2025 0:53,13.76,-26.61,7.27,
18,5/22/2025 1:53,13.67,-26.83,7.28,
19,5/22/2025 2:53,13.57,-26.11,7.26,
20,5/22/2025 3:53,13.45,-25.59,7.25,
21,5/22/2025 4:53,13.31,-25.53,7.25,
22,5/22/2025 5:53,13.14,-25.81,7.26,
23,5/22/2025 6:53,12.97,-27.39,7.29,
24,5/22/2025 7:53,12.85,-29.95,7.33,
25,5/22/2025 8:53,12.9,-34.61,7.42,
26,5/22/2025 9:53,13.14,-37.13,7.47,
27,5/22/2025 10:53,13.5,-40.81,7.54,
28,5/22/2025 11:53,13.88,-43.7,7.59,
29,5/22/2025 12:53,14.22,-46.45,7.64,
30,5/22/2025 13:53,14.46,-47.95,7.67,
31,5/22/2025 14:53,14.51,-48.38,7.67,
32,5/22/2025 15:53,14.6,-49.08,7.69,
33,5/22/2025 16:53,14.86,-47.77,7.66,
34,5/22/2025 17:53,15.06,-45.78,7.62,
35,5/22/2025 18:53,15.27,-42.24,7.56,
36,5/22/2025 19:53,15.29,-38.78,7.49,
37,5/22/2025 20:53,15.08,-34.53,7.42,
38,5/22/2025 21:53,14.84,-31.38,7.36,
39,5/22/2025 22:53,14.58,-29.03,7.32,
40,5/22/2025 23:53,14.31,-28.39,7.3,
41,5/23/2025 0:53,14.15,-26.61,7.27,
42,5/23/2025 1:53,14.05,-26.72,7.27,
43,5/23/2025 2:53,13.98,-26.33,7.27,
44,5/23/2025 3:53,13.86,-26.38,7.27,
45,5/23/2025 4:53,13.69,-26.13,7.26,
46,5/23/2025 5:53,13.47,-26.06,7.26,
47,5/23/2025 6:53,13.21,-27.42,7.29,
48,5/23/2025 7:53,13.04,-30.39,7.34,
49,5/23/2025 8:53,13.06,-35.58,7.44,
50,5/23/2025 9:53,13.31,-38.49,7.49,
51,5/23/2025 10:53,13.67,-42.67,7.57,
52,5/23/2025 11:53,13.98,-45.86,7.63,
53,5/23/2025 12:53,14.34,-49.52,7.69,
54,5/23/2025 13:53,14.62,-51.36,7.73,
55,5/23/2025 14:53,14.82,-52.67,7.75,
56,5/23/2025 15:53,14.98,-55.17,7.8,
57,5/23/2025 16:53,14.98,-54.42,7.78,
58,5/23/2025 17:53,15.15,-52.31,7.74,
59,5/23/2025 18:53,15.29,-46.91,7.64,
60,5/23/2025 19:53,15.29,-40.91,7.53,
61,5/23/2025 20:53,15.2,-35.19,7.43,
62,5/23/2025 21:53,15.13,-31.03,7.35,
63,5/23/2025 22:53,15.15,-28.63,7.31,
64,5/23/2025 23:53,15.17,-27.58,7.29,
65,5/24/2025 0:53,15.08,-27.34,7.28,
66,5/24/2025 1:53,14.91,-26.08,7.26,
67,5/24/2025 2:53,14.67,-26.03,7.26,
68,5/24/2025 3:53,14.48,-25.59,7.25,
69,5/24/2025 4:53,14.31,-24.92,7.24,
70,5/24/2025 5:53,14.07,-25.17,7.24,
71,5/24/2025 6:53,13.88,-26.89,7.28,
72,5/24/2025 7:53,13.71,-31.03,7.35,
73,5/24/2025 8:53,13.71,-39.61,7.51,
74,5/24/2025 9:53,13.91,-38.14,7.49,
75,5/24/2025 10:53,14.31,-41.1,7.54,
76,5/24/2025 11:53,14.77,-43.69,7.59,
77,5/24/2025 12:53,15.29,-47.1,7.65,
78,5/24/2025 13:53,15.8,-48.94,7.68,
79,5/24/2025 14:53,16.3,-50.5,7.71,
80,5/24/2025 15:53,16.51,-49.89,7.7,
81,5/24/2025 16:53,16.7,-48.33,7.67,
82,5/24/2025 17:53,16.8,-45.7,7.62,
83,5/24/2025 18:53,16.77,-41.38,7.54,
84,5/24/2025 19:53,16.7,-37,7.46,
85,5/24/2025 20:53,16.63,-32.81,7.38,
86,5/24/2025 21:53,16.61,-29.56,7.32,
87,5/24/2025 22:53,16.63,-27.86,7.29,
88,5/24/2025 23:53,16.61,-26.52,7.27,
89,5/25/2025 0:53,16.51,-25.56,7.25,
90,5/25/2025 1:53,16.37,-25.17,7.24,
91,5/25/2025 2:53,16.15,-24.66,7.23,
92,5/25/2025 3:53,15.91,-24.14,7.22,
93,5/25/2025 4:53,15.68,-24.53,7.23,
94,5/25/2025 5:53,15.41,-23.72,7.22,
95,5/25/2025 6:53,15.17,-26.49,7.27,
96,5/25/2025 7:53,15.03,-31.66,7.36,
97,5/25/2025 8:53,14.94,-39.19,7.5,
98,5/25/2025 9:53,15.03,-39.39,7.51,
99,5/25/2025 10:53,15.32,-46.22,7.63,
100,5/25/2025 11:53,15.65,-49.16,7.68,
101,5/25/2025 12:53,16.08,-51.33,7.72,
102,5/25/2025 13:53,16.53,-54.25,7.78,
103,5/25/2025 14:53,16.82,-53.72,7.77,
104,5/25/2025 15:53,17.01,-55.03,7.79,
105,5/25/2025 16:53,17.08,-54.55,7.78,
106,5/25/2025 17:53,16.99,-50.55,7.71,
107,5/25/2025 18:53,16.82,-42.55,7.56,
108,5/25/2025 19:53,16.65,-34.97,7.42,
109,5/25/2025 20:53,16.42,-30.56,7.34,
110,5/25/2025 21:53,16.32,-27.44,7.28,
111,5/25/2025 22:53,16.37,-26.33,7.26,
112,5/25/2025 23:53,16.39,-24.83,7.24,
113,5/26/2025 0:53,16.22,-24.39,7.23,
114,5/26/2025 1:53,15.94,-24.13,7.22,
115,5/26/2025 2:53,15.7,-22.97,7.2,
116,5/26/2025 3:53,15.51,-23.27,7.21,
117,5/26/2025 4:53,15.34,-22.69,7.2,
118,5/26/2025 5:53,15.2,-22.72,7.2,
119,5/26/2025 6:53,15.06,-23.28,7.21,
120,5/26/2025 7:53,14.96,-25.91,7.26,
121,5/26/2025 8:53,15.01,-41.16,7.54,
122,5/26/2025 9:53,15.25,-33.13,7.39,
123,5/26/2025 10:53,15.58,-36.36,7.45,
124,5/26/2025 11:53,15.94,-41.55,7.54,
125,5/26/2025 12:53,16.46,-46.19,7.63,
126,5/26/2025 13:53,16.92,-51.05,7.72,
127,5/26/2025 14:53,17.18,-54.67,7.78,
128,5/26/2025 15:53,17.32,-52.97,7.75,
129,5/26/2025 16:53,17.39,-51.78,7.73,
130,5/26/2025 17:53,17.2,-45.72,7.62,
131,5/26/2025 18:53,16.94,-38.25,7.48,
132,5/26/2025 19:53,16.65,-33.59,7.4,
133,5/26/2025 20:53,16.44,-27.41,7.28,
134,5/26/2025 21:53,16.2,-25.81,7.25,
135,5/26/2025 22:53,16.03,-23.99,7.22,
136,5/26/2025 23:53,15.94,-22.59,7.2,
137,5/27/2025 0:53,15.84,-21.83,7.18,
138,5/27/2025 1:53,15.72,-21.64,7.18,
139,5/27/2025 2:53,15.56,-21.22,7.17,
140,5/27/2025 3:53,15.37,-20.66,7.16,
141,5/27/2025 4:53,15.17,-20.41,7.16,
142,5/27/2025 5:53,14.96,-19.73,7.14,
143,5/27/2025 6:53,14.77,-21.88,7.18,
144,5/27/2025 7:53,14.62,-24.94,7.24,
145,5/27/2025 8:53,14.58,-30.61,7.34,
146,5/27/2025 9:53,14.65,-33.25,7.39,
147,5/27/2025 10:53,14.94,-36.31,7.45,
148,5/27/2025 11:53,15.29,-35.53,7.43,
149,5/27/2025 12:53,15.87,-39.34,7.5,
150,5/27/2025 13:53,16.44,-40.08,7.52,
151,5/27/2025 14:53,16.96,-39.56,7.51,
152,5/27/2025 15:53,17.37,-39.66,7.51,
153,5/27/2025 16:53,17.58,-35.89,7.44,
154,5/27/2025 17:53,17.68,-33.41,7.39,
155,5/27/2025 18:53,17.68,-33.81,7.4,
156,5/27/2025 19:53,17.63,-28.34,7.3,
157,5/27/2025 20:53,17.53,-26.16,7.26,
158,5/27/2025 21:53,17.44,-23.22,7.21,
159,5/27/2025 22:53,17.37,-22.09,7.19,
160,5/27/2025 23:53,17.32,-19.58,7.14,
161,5/28/2025 0:53,17.2,-20.52,7.16,
162,5/28/2025 1:53,17.06,-19.34,7.14,
163,5/28/2025 2:53,16.87,-19.3,7.13,
164,5/28/2025 3:53,16.61,-19.42,7.14,
165,5/28/2025 4:53,16.34,-18.98,7.13,
166,5/28/2025 5:53,16.08,-18.45,7.12,
167,5/28/2025 6:53,15.84,-18.34,7.12,
168,5/28/2025 7:53,15.65,-19.92,7.15,
169,5/28/2025 8:53,15.7,-32.2,7.37,
170,5/28/2025 9:53,15.89,-26.39,7.27,
171,5/28/2025 10:53,16.27,-28.41,7.3,
172,5/28/2025 11:53,16.75,-30.03,7.33,
173,5/28/2025 12:53,17.27,-32.99,7.39,
174,5/28/2025 13:53,17.82,-33.92,7.4,
175,5/28/2025 14:53,18.37,-49.64,7.69,
176,5/28/2025 15:53,18.72,-48.39,7.66,
177,5/28/2025 16:53,18.96,-47.45,7.65,
178,5/28/2025 17:53,19.06,-45.85,7.62,
179,5/28/2025 18:53,19.06,-40.31,7.52,
180,5/28/2025 19:53,18.98,-35.95,7.44,
181,5/28/2025 20:53,18.87,-32.45,7.37,
182,5/28/2025 21:53,18.68,-28.64,7.3,
183,5/28/2025 22:53,18.53,-26.63,7.27,
184,5/28/2025 23:53,18.39,-25.56,7.25,
185,5/29/2025 0:53,18.22,-25.09,7.24,
186,5/29/2025 1:53,18.08,-23.94,7.22,
187,5/29/2025 2:53,17.87,-23.67,7.21,
188,5/29/2025 3:53,17.61,-23.77,7.22,
189,5/29/2025 4:53,17.32,-23.3,7.21,
190,5/29/2025 5:53,17.06,-23.19,7.21,
191,5/29/2025 6:53,16.8,-24.58,7.23,
192,5/29/2025 7:53,16.56,-27.11,7.28,
193,5/29/2025 8:53,16.46,-31.7,7.36,
194,5/29/2025 9:53,16.51,-36.3,7.45,
195,5/29/2025 10:53,16.77,-38.11,7.48,
196,5/29/2025 11:53,17.18,-41.33,7.54,
197,5/29/2025 12:53,17.7,-44.47,7.59,
198,5/29/2025 13:53,18.2,-45.08,7.6,
199,5/29/2025 14:53,18.65,-47.49,7.65,
200,5/29/2025 15:53,18.94,-47.19,7.64,
201,5/29/2025 16:53,19.01,-44.17,7.59,
202,5/29/2025 17:53,18.96,-42.6,7.56,
203,5/29/2025 18:53,18.89,-39.11,7.49,
204,5/29/2025 19:53,18.75,-35.83,7.43,
205,5/29/2025 20:53,18.6,-31.47,7.36,
206,5/29/2025 21:53,18.46,-27.47,7.28,
207,5/29/2025 22:53,18.34,-25.63,7.25,
208,5/29/2025 23:53,18.18,-24.78,7.23,
209,5/30/2025 0:53,17.99,-23.56,7.21,
210,5/30/2025 1:53,17.72,-23.17,7.21,
211,5/30/2025 2:53,17.42,-22.41,7.19,
212,5/30/2025 3:53,17.08,-22.39,7.19,
213,5/30/2025 4:53,16.77,-21.56,7.18,
214,5/30/2025 5:53,16.51,-22.45,7.19,
215,5/30/2025 6:53,16.32,-24.41,7.23,
216,5/30/2025 7:53,16.18,-28.59,7.31,
217,5/30/2025 8:53,16.25,-39.5,7.51,
218,5/30/2025 9:53,16.34,-36.88,7.46,
219,5/30/2025 10:53,16.46,-40.52,7.52,
220,5/30/2025 11:53,16.82,-45.5,7.62,
221,5/30/2025 12:53,17.13,-47.95,7.66,
222,5/30/2025 13:53,17.27,-47.81,7.66,
223,5/30/2025 14:53,17.27,-45.13,7.61,
224,5/30/2025 15:53,17.2,-44.99,7.6,
225,5/30/2025 16:53,17.22,-44.78,7.6,
226,5/30/2025 17:53,17.39,-41.03,7.53,
227,5/30/2025 18:53,17.7,-39.99,7.51,
228,5/30/2025 19:53,18.03,-35.95,7.44,
229,5/30/2025 20:53,18.18,-30.55,7.34,
230,5/30/2025 21:53,18.2,-26.55,7.27,
231,5/30/2025 22:53,18.18,-24.47,7.23,
232,5/30/2025 23:53,18.1,-23.34,7.21,
233,5/31/2025 0:53,18.03,-21.78,7.18,
234,5/31/2025 1:53,17.96,-20.91,7.16,
235,5/31/2025 2:53,17.82,-20.91,7.16,
236,5/31/2025 3:53,17.65,-20.25,7.15,
237,5/31/2025 4:53,17.46,-20.11,7.15,
238,5/31/2025 5:53,17.27,-19.48,7.14,
239,5/31/2025 6:53,17.06,-20.06,7.15,
240,5/31/2025 7:53,16.84,-21.06,7.17,
241,5/31/2025 8:53,16.68,-22.78,7.2,
242,5/31/2025 9:53,16.58,-24.33,7.23,
243,5/31/2025 10:53,16.53,-26.86,7.27,
244,5/31/2025 11:53,16.46,-26.19,7.26,
245,5/31/2025 12:53,16.39,-30.22,7.34,
246,5/31/2025 13:53,16.84,-33.67,7.4,
247,5/31/2025 14:53,17.44,-36.92,7.46,
248,5/31/2025 15:53,17.84,-36.89,7.46,
249,5/31/2025 16:53,18.03,-36.8,7.45,
250,5/31/2025 17:53,17.99,-35.02,7.42,
251,5/31/2025 18:53,17.82,-31.78,7.36,
252,5/31/2025 19:53,17.7,-29.5,7.32,
253,5/31/2025 20:53,17.42,-26.91,7.27,
254,5/31/2025 21:53,17.11,-24.95,7.24,
255,5/31/2025 22:53,16.92,-23.13,7.2,
256,5/31/2025 23:53,16.72,-22.94,7.2,
257,6/1/2025 0:53,16.58,-22.11,7.19,
258,6/1/2025 1:53,16.44,-20.91,7.16,
259,6/1/2025 2:53,16.27,-20.33,7.15,
260,6/1/2025 3:53,16.06,-20.22,7.15,
261,6/1/2025 4:53,15.8,-20,7.15,
262,6/1/2025 5:53,15.56,-19.78,7.14,
263,6/1/2025 6:53,15.32,-21.16,7.17,
264,6/1/2025 7:53,15.17,-23.64,7.22,
265,6/1/2025 8:53,15.22,-31.19,7.35,
266,6/1/2025 9:53,15.41,-28.95,7.31,
267,6/1/2025 10:53,15.75,-30.44,7.34,
268,6/1/2025 11:53,16.22,-32.99,7.39,
269,6/1/2025 12:53,16.7,-33.27,7.39,
270,6/1/2025 13:53,17.13,-33.56,7.4,
271,6/1/2025 14:53,17.68,-34.63,7.41,
272,6/1/2025 15:53,18.03,-34.63,7.41,
273,6/1/2025 16:53,18.25,-33.75,7.4,
274,6/1/2025 17:53,18.34,-33.3,7.39,
275,6/1/2025 18:53,18.3,-30.83,7.34,
276,6/1/2025 19:53,18.22,-28.25,7.3,
277,6/1/2025 20:53,18.13,-25.66,7.25,
278,6/1/2025 21:53,17.99,-23.39,7.21,
279,6/1/2025 22:53,17.87,-22.53,7.19,
280,6/1/2025 23:53,17.77,-20.99,7.17,
281,6/2/2025 0:53,17.61,-19.41,7.14,
282,6/2/2025 1:53,17.42,-19.16,7.13,
283,6/2/2025 2:53,17.2,-18.25,7.12,
284,6/2/2025 3:53,16.99,-18.17,7.11,
285,6/2/2025 4:53,16.75,-18.63,7.12,
286,6/2/2025 5:53,16.49,-17.84,7.11,
287,6/2/2025 6:53,16.27,-18.63,7.12,
288,6/2/2025 7:53,16.13,-20.55,7.16,
289,6/2/2025 8:53,16.13,-28.45,7.3,
290,6/2/2025 9:53,16.22,-26.52,7.27,
291,6/2/2025 10:53,16.53,-27.89,7.29,
292,6/2/2025 11:53,16.92,-30.95,7.35,
293,6/2/2025 12:53,17.34,-31.92,7.37,
294,6/2/2025 13:53,17.84,-33.38,7.39,
295,6/2/2025 14:53,18.25,-34.33,7.41,
296,6/2/2025 15:53,18.53,-33.78,7.4,
297,6/2/2025 16:53,18.68,-33.52,7.39,
298,6/2/2025 17:53,18.72,-31.75,7.36,
299,6/2/2025 18:53,18.7,-30.28,7.33,
300,6/2/2025 19:53,18.58,-27.33,7.28,
301,6/2/2025 20:53,18.44,-24.78,7.23,
302,6/2/2025 21:53,18.3,-22.11,7.19,
303,6/2/2025 22:53,18.15,-20.44,7.15,
304,6/2/2025 23:53,18.01,-19.17,7.13,
305,6/3/2025 0:53,17.84,-18.81,7.13,
306,6/3/2025 1:53,17.63,-17.7,7.11,
307,6/3/2025 2:53,17.37,-16.92,7.09,
308,6/3/2025 3:53,17.08,-16.41,7.08,
309,6/3/2025 4:53,16.8,-16.11,7.08,
310,6/3/2025 5:53,16.51,-16.69,7.09,
311,6/3/2025 6:53,16.22,-17.17,7.1,
312,6/3/2025 7:53,16.03,-19.45,7.14,
313,6/3/2025 8:53,16.01,-26.16,7.26,
314,6/3/2025 9:53,16.15,-23.52,7.21,
315,6/3/2025 10:53,16.44,-24.92,7.24,
316,6/3/2025 11:53,16.84,-26.34,7.26,
317,6/3/2025 12:53,17.3,-27.95,7.29,
318,6/18/2025 14:51,18.89,-53.88,7.51,
319,6/18/2025 15:51,19.41,-55.74,7.54,
320,6/18/2025 16:51,19.58,-54.28,7.52,
321,6/18/2025 17:51,19.56,-53.91,7.51,
322,6/18/2025 18:51,19.32,-51.74,7.47,
323,6/18/2025 19:51,19.03,-47.91,7.4,
324,6/18/2025 20:51,18.87,-44.28,7.34,
325,6/18/2025 21:51,18.72,-40.95,7.28,
326,6/18/2025 22:51,18.51,-38.59,7.24,
327,6/18/2025 23:51,18.34,-37.8,7.23,
328,6/19/2025 0:51,18.27,-37.08,7.21,
329,6/19/2025 1:51,18.22,-36.08,7.19,
330,6/19/2025 2:51,18.08,-35.64,7.19,
331,6/19/2025 3:51,17.82,-35.38,7.18,
332,6/19/2025 4:51,17.51,-35.34,7.18,
333,6/19/2025 5:51,17.2,-35.3,7.18,
334,6/19/2025 6:51,16.92,-36.59,7.2,
335,6/19/2025 7:51,16.7,-38.27,7.23,
336,6/19/2025 8:51,16.7,-41.45,7.29,
337,6/19/2025 9:51,16.82,-44.89,7.35,
338,6/19/2025 10:51,17.13,-48.24,7.41,
339,6/19/2025 11:51,17.51,-52.06,7.48,
340,6/19/2025 12:51,17.63,-53.85,7.51,
341,6/19/2025 13:51,17.72,-55.24,7.54,
342,6/19/2025 14:51,17.75,-55.31,7.54,
343,6/19/2025 15:51,17.82,-57.78,7.58,
344,6/19/2025 16:51,17.91,-57.75,7.58,
345,6/19/2025 17:51,18.2,-57.14,7.57,
346,6/19/2025 18:51,18.32,-53.97,7.51,
347,6/19/2025 19:51,18.25,-49.67,7.44,
348,6/19/2025 20:51,18.1,-47.61,7.4,
349,6/19/2025 21:51,17.84,-43.08,7.32,
350,6/19/2025 22:51,17.63,-40.66,7.28,
351,6/19/2025 23:51,17.42,-38.67,7.24,
352,6/20/2025 0:51,17.22,-37.75,7.23,
353,6/20/2025 1:51,17.03,-36.81,7.21,
354,6/20/2025 2:51,16.84,-36.36,7.2,
355,6/20/2025 3:51,16.65,-35.59,7.19,
356,6/20/2025 4:51,16.46,-35.02,7.18,
357,6/20/2025 5:51,16.32,-34.77,7.17,
358,6/20/2025 6:51,16.22,-35.77,7.19,
359,6/20/2025 7:51,16.13,-38.64,7.24,
360,6/20/2025 8:51,16.08,-42.06,7.3,
361,6/20/2025 9:51,16.13,-45.47,7.36,
362,6/20/2025 10:51,16.34,-49.7,7.44,
363,6/20/2025 11:51,16.72,-53.94,7.52,
364,6/20/2025 12:51,16.96,-55.36,7.54,
365,6/20/2025 13:51,17.15,-57.05,7.57,
366,6/20/2025 14:51,17.32,-58.6,7.6,
367,6/20/2025 15:51,17.49,-60.55,7.63,
368,6/20/2025 16:51,17.68,-60.52,7.63,
369,6/20/2025 17:51,17.72,-55.44,7.54,
370,6/20/2025 18:51,17.68,-49.11,7.43,
371,6/20/2025 19:51,17.63,-47.99,7.41,
372,6/20/2025 20:51,17.56,-45.2,7.36,
373,6/20/2025 21:51,17.53,-41,7.28,
374,6/20/2025 22:51,17.51,-38.75,7.24,
375,6/20/2025 23:51,17.42,-37.11,7.21,
376,6/21/2025 0:51,17.25,-35.92,7.19,
377,6/21/2025 1:51,17.11,-34.8,7.17,
378,6/21/2025 2:51,16.94,-34.06,7.16,
379,6/21/2025 3:51,16.82,-34.05,7.16,
380,6/21/2025 4:51,16.68,-33.3,7.15,
381,6/21/2025 5:51,16.56,-32.52,7.13,
382,6/21/2025 6:51,16.44,-33.2,7.14,
383,6/21/2025 7:51,16.34,-34.06,7.16,
384,6/21/2025 8:51,16.27,-35.13,7.18,
385,6/21/2025 9:51,16.2,-36.03,7.2,
386,6/21/2025 10:51,16.22,-39.24,7.25,
387,6/21/2025 11:51,16.32,-43.58,7.33,
388,6/21/2025 12:51,16.42,-44.8,7.35,
389,6/21/2025 13:51,16.56,-47.35,7.4,
390,6/21/2025 14:51,16.94,-53.47,7.51,
391,6/21/2025 15:51,17.56,-56.67,7.56,
392,6/21/2025 16:51,17.99,-57.77,7.58,
393,6/21/2025 17:51,18.13,-57.19,7.57,
394,6/21/2025 18:51,18.1,-54.83,7.53,
395,6/21/2025 19:51,17.84,-49.13,7.43,
396,6/21/2025 20:51,17.56,-45.03,7.36,
397,6/21/2025 21:51,17.34,-40.63,7.28,
398,6/21/2025 22:51,17.22,-37.89,7.23,
399,6/21/2025 23:51,17.18,-36.05,7.19,
400,6/22/2025 0:51,17.15,-34.81,7.17,
401,6/22/2025 1:51,17.11,-33.78,7.15,
402,6/22/2025 2:51,17.01,-33.31,7.15,
403,6/22/2025 3:51,16.92,-32.59,7.13,
404,6/22/2025 4:51,16.8,-32.33,7.13,
405,6/22/2025 5:51,16.7,-32.3,7.13,
406,6/22/2025 6:51,16.61,-32.45,7.13,
407,6/22/2025 7:51,16.53,-33.95,7.16,
408,6/22/2025 8:51,16.44,-35.41,7.18,
409,6/22/2025 9:51,16.39,-37.41,7.22,
410,6/22/2025 10:51,16.39,-39.83,7.26,
411,6/22/2025 11:51,16.44,-43.47,7.33,
412,6/22/2025 12:51,16.53,-46.55,7.38,
413,6/22/2025 13:51,16.65,-49.3,7.43,
414,6/22/2025 14:51,16.75,-50.36,7.45,
415,6/22/2025 15:51,16.84,-51.78,7.48,
416,6/22/2025 16:51,16.96,-54.22,7.52,
417,6/22/2025 17:51,17.01,-52,7.48,
418,6/22/2025 18:51,17.08,-52.03,7.48,
419,6/22/2025 19:51,17.13,-49.11,7.43,
420,6/22/2025 20:51,17.08,-44.42,7.34,
421,6/22/2025 21:51,17.03,-40.94,7.28,
422,6/22/2025 22:51,16.94,-38.13,7.23,
423,6/22/2025 23:51,16.84,-36.25,7.2,
424,6/23/2025 0:51,16.77,-35.03,7.18,
425,6/23/2025 1:51,16.8,-34.17,7.16,
426,6/23/2025 2:51,16.82,-33.56,7.15,
427,6/23/2025 3:51,16.8,-32.88,7.14,
428,6/23/2025 4:51,16.72,-32.72,7.14,
429,6/23/2025 5:51,16.63,-32.66,7.13,
430,6/23/2025 6:51,16.53,-33.38,7.15,
431,6/23/2025 7:51,16.49,-36.08,7.2,
432,6/23/2025 8:51,16.61,-39.59,7.26,
433,6/23/2025 9:51,16.75,-44.28,7.34,
434,6/23/2025 10:51,17.13,-48.39,7.42,
435,6/23/2025 11:51,17.58,-51.5,7.47,
436,6/23/2025 12:51,18.08,-54.81,7.53,
437,6/23/2025 13:51,18.58,-56.95,7.57,
438,6/23/2025 14:51,19.06,-58.39,7.59,
439,6/23/2025 15:51,19.44,-59.03,7.6,
440,6/23/2025 16:51,19.67,-58.92,7.6,
441,6/23/2025 17:51,19.79,-56.89,7.56,
442,6/23/2025 18:51,19.79,-52.95,7.49,
443,6/23/2025 19:51,19.75,-48.97,7.42,
444,6/23/2025 20:51,19.6,-43.8,7.33,
445,6/23/2025 21:51,19.44,-38.8,7.24,
446,6/23/2025 22:51,19.37,-35.5,7.18,
447,6/23/2025 23:51,19.34,-33.97,7.16,
448,6/24/2025 0:51,19.29,-32.52,7.13,
449,6/24/2025 1:51,19.25,-31.95,7.12,
450,6/24/2025 2:51,19.15,-31.47,7.11,
451,6/24/2025 3:51,18.98,-31,7.1,
452,6/24/2025 4:51,18.72,-30.47,7.09,
453,6/24/2025 5:51,18.44,-30.55,7.1,
454,6/24/2025 6:51,18.22,-31.77,7.12,
455,6/24/2025 7:51,18.08,-34,7.16,
456,6/24/2025 8:51,18.13,-37.67,7.22,
457,6/24/2025 9:51,18.25,-42.27,7.31,
458,6/24/2025 10:51,18.53,-47.14,7.39,
459,6/24/2025 11:51,18.89,-51.39,7.47,
460,6/24/2025 12:51,19.25,-55.66,7.54,
461,6/24/2025 13:51,19.56,-58.61,7.59,
462,6/24/2025 14:51,19.7,-58.83,7.6,
463,6/24/2025 15:51,19.72,-56.11,7.55,
464,6/24/2025 16:51,19.65,-55.24,7.53,
465,6/24/2025 17:51,19.56,-53.67,7.51,
466,6/24/2025 18:51,19.48,-48.94,7.42,
467,6/24/2025 19:51,19.44,-44.42,7.34,
468,6/24/2025 20:51,19.39,-39.91,7.26,
469,6/24/2025 21:51,19.34,-36.2,7.2,
470,6/24/2025 22:51,19.29,-33.64,7.15,
471,6/24/2025 23:51,19.25,-32.28,7.13,
472,6/25/2025 0:51,19.17,-31.52,7.11,
473,6/25/2025 1:51,19.03,-30.8,7.1,
474,6/25/2025 2:51,18.89,-30.2,7.09,
475,6/25/2025 3:51,18.68,-29.89,7.08,
476,6/25/2025 4:51,18.46,-29.67,7.08,
477,6/25/2025 5:51,18.25,-29.66,7.08,
478,6/25/2025 6:51,18.08,-30.67,7.1,
479,6/25/2025 7:51,17.96,-32.92,7.14,
480,6/25/2025 8:51,17.91,-35.8,7.19,
481,6/25/2025 9:51,17.91,-39.97,7.26,
482,6/25/2025 10:51,17.96,-43.86,7.33,
483,6/25/2025 11:51,18.06,-46.88,7.39,
484,6/25/2025 12:51,18.22,-50.94,7.46,
485,6/25/2025 13:51,18.39,-52.55,7.49,
486,6/25/2025 14:51,18.58,-55.94,7.55,
487,6/25/2025 15:51,18.82,-57.53,7.58,
488,6/25/2025 16:51,18.98,-57.41,7.57,
489,6/25/2025 17:51,19.17,-54.13,7.52,
490,6/25/2025 18:51,19.37,-51.64,7.47,
491,6/25/2025 19:51,19.39,-46.55,7.38,
492,6/25/2025 20:51,19.08,-42.25,7.3,
493,6/25/2025 21:51,18.72,-37.11,7.21,
494,6/25/2025 22:51,18.39,-33.84,7.15,
495,6/25/2025 23:51,18.13,-32.49,7.13,
496,6/26/2025 0:51,17.94,-31.74,7.12,
497,6/26/2025 1:51,17.75,-31,7.1,
498,6/26/2025 2:51,17.65,-30.49,7.1,
499,6/26/2025 3:51,17.58,-29.67,7.08,
500,6/26/2025 4:51,17.49,-29.09,7.07,
501,6/26/2025 5:51,17.37,-29.25,7.07,
502,6/26/2025 6:51,17.25,-30.84,7.1,
503,6/26/2025 7:51,17.08,-33.34,7.15,
504,6/26/2025 8:51,16.96,-36.89,7.21,
505,6/26/2025 9:51,16.87,-39.77,7.26,
506,6/26/2025 10:51,16.87,-41.89,7.3,
507,6/26/2025 11:51,16.94,-44.63,7.35,
508,6/26/2025 12:51,17.13,-48.05,7.41,
509,6/26/2025 13:53,17.27,-41.5,7.54,
510,6/26/2025 14:53,17.39,-39.38,7.5,
511,6/26/2025 15:53,17.42,-38.81,7.49,
512,6/26/2025 16:53,17.39,-36.55,7.45,
513,6/26/2025 17:53,17.34,-35.58,7.43,
514,6/26/2025 18:53,17.25,-31.81,7.36,
515,6/26/2025 19:53,17.2,-30.47,7.34,
516,6/26/2025 20:53,17.13,-27.74,7.29,
517,6/26/2025 21:53,17.01,-24.36,7.23,
518,6/26/2025 22:53,16.96,-23.11,7.2,
519,6/26/2025 23:53,16.89,-22.19,7.19,
520,6/27/2025 0:53,16.84,-20.56,7.16,
521,6/27/2025 1:53,16.77,-20.22,7.15,
522,6/27/2025 2:53,16.68,-20.22,7.15,
523,6/27/2025 3:53,16.56,-19.03,7.13,
524,6/27/2025 4:53,16.42,-19.41,7.14,
525,6/27/2025 5:53,16.27,-18.55,7.12,
526,6/27/2025 6:53,16.2,-20.83,7.16,
527,6/27/2025 7:53,16.2,-23.11,7.21,
528,6/27/2025 8:53,16.3,-27.53,7.29,
529,6/27/2025 9:53,16.53,-33.27,7.39,
530,6/27/2025 10:53,16.77,-33.44,7.39,
531,6/27/2025 11:53,16.89,-36.86,7.46,
532,6/27/2025 12:53,16.94,-36.34,7.45,
533,6/27/2025 13:53,17.01,-38.66,7.49,
534,6/27/2025 14:53,17.03,-36.77,7.45,
535,6/27/2025 15:53,16.99,-34.67,7.42,
536,6/27/2025 16:53,16.99,-36.42,7.45,
537,6/27/2025 17:53,16.94,-33.99,7.4,
538,6/27/2025 18:53,16.92,-33.63,7.4,
539,6/27/2025 19:53,16.94,-33.41,7.39,
540,6/27/2025 20:53,16.94,-32.24,7.37,
541,6/27/2025 21:53,16.84,-27.59,7.29,
542,6/27/2025 22:53,16.77,-24.67,7.23,
543,6/27/2025 23:53,16.7,-23.06,7.2,
544,6/28/2025 0:53,16.58,-21.97,7.18,
545,6/28/2025 1:53,16.49,-21.64,7.18,
546,6/28/2025 2:53,16.39,-21.06,7.17,
547,6/28/2025 3:53,16.34,-20.05,7.15,
548,6/28/2025 4:53,16.3,-20.13,7.15,
549,6/28/2025 5:53,16.2,-20.14,7.15,
550,6/28/2025 6:53,16.15,-21.52,7.18,
551,6/28/2025 7:53,16.15,-25.39,7.25,
552,6/28/2025 8:53,16.39,-29.22,7.32,
553,6/28/2025 9:53,16.58,-31.63,7.36,
554,6/28/2025 10:53,17.03,-35.86,7.44,
555,6/28/2025 11:53,17.53,-39.8,7.51,
556,6/28/2025 12:53,18.03,-42.94,7.57,
557,6/28/2025 13:53,18.7,-46.83,7.64,
558,6/28/2025 14:53,19.13,-46.72,7.63,
559,6/28/2025 15:53,19.29,-46.33,7.62,
560,6/28/2025 16:53,19.53,-45.25,7.6,
561,6/28/2025 17:53,19.56,-42.13,7.55,
562,6/28/2025 18:53,19.41,-38.66,7.49,
563,6/28/2025 19:53,19.25,-33.95,7.4,
564,6/28/2025 20:53,19.15,-29.74,7.32,
565,6/28/2025 21:53,19.08,-25.95,7.25,
566,6/28/2025 22:53,18.98,-23.8,7.22,
567,6/28/2025 23:53,18.91,-21.39,7.17,
568,6/29/2025 0:53,18.84,-20.8,7.16,
569,6/29/2025 1:53,18.77,-17.83,7.11,
570,6/29/2025 2:53,18.7,-18.75,7.12,
571,6/29/2025 3:53,18.6,-18.56,7.12,
572,6/29/2025 4:53,18.46,-17.94,7.11,
573,6/29/2025 5:53,18.3,-17.52,7.1,
574,6/29/2025 6:53,18.13,-18.84,7.13,
575,6/29/2025 7:53,17.99,-21.16,7.17,
576,6/29/2025 8:53,18.1,-25.99,7.26,
577,6/29/2025 9:53,18.2,-29.22,7.32,
578,6/29/2025 10:53,18.56,-33.69,7.4,
579,6/29/2025 11:53,19.01,-37.05,7.46,
580,6/29/2025 12:53,19.51,-40.64,7.52,
581,6/29/2025 13:53,20.06,-43.67,7.58,
582,6/29/2025 14:53,20.58,-44.33,7.59,
583,6/29/2025 15:53,21.06,-42.39,7.55,
584,6/29/2025 16:53,21.39,-41.92,7.54,
585,6/29/2025 17:53,21.56,-38.19,7.47,
586,6/29/2025 18:53,21.53,-34.75,7.41,
587,6/29/2025 19:53,21.44,-30.97,7.34,
588,6/29/2025 20:53,21.27,-26.47,7.26,
589,6/29/2025 21:53,21.13,-23,7.2,
590,6/29/2025 22:53,20.98,-20.42,7.15,
591,6/29/2025 23:53,20.86,-19.42,7.14,
592,6/30/2025 0:53,20.75,-18.08,7.11,
593,6/30/2025 1:53,20.6,-17.19,7.09,
594,6/30/2025 2:53,20.46,-16.7,7.09,
595,6/30/2025 3:53,20.22,-16.7,7.09,
596,6/30/2025 4:53,19.96,-15.97,7.07,
597,6/30/2025 5:53,19.65,-15.92,7.07,
598,6/30/2025 6:53,19.41,-16.44,7.08,
599,6/30/2025 7:53,19.25,-18.38,7.12,
600,6/30/2025 8:53,19.37,-23.56,7.21,
601,6/30/2025 9:53,19.44,-26.16,7.26,
602,6/30/2025 10:53,19.77,-30,7.33,
603,6/30/2025 11:53,20.22,-33.74,7.39,
604,6/30/2025 12:53,20.72,-36.74,7.45,
605,6/30/2025 13:53,21.25,-38.61,7.48,
606,6/30/2025 14:53,21.77,-38.92,7.49,
607,6/30/2025 15:53,22.3,-39.34,7.49,
608,6/30/2025 16:53,22.68,-37.72,7.46,
609,6/30/2025 17:53,22.85,-34.42,7.4,
610,6/30/2025 18:53,22.8,-31.94,7.36,
611,6/30/2025 19:53,22.66,-28.52,7.3,
612,6/30/2025 20:53,22.47,-25.77,7.25,
613,6/30/2025 21:53,22.27,-21.53,7.17,
614,6/30/2025 22:53,22.11,-18.39,7.12,
615,6/30/2025 23:53,21.99,-17.36,7.1,
616,7/1/2025 0:53,21.89,-17.47,7.1,
617,7/1/2025 1:53,21.77,-16.05,7.07,
618,7/1/2025 2:53,21.58,-15.25,7.06,
619,7/1/2025 3:53,21.37,-14.72,7.05,
620,7/1/2025 4:53,21.08,-14.23,7.04,
621,7/1/2025 5:53,20.75,-14,7.04,
622,7/1/2025 6:53,20.44,-14.97,7.05,
623,7/1/2025 7:53,20.22,-17.5,7.1,
624,7/1/2025 8:53,20.27,-22.91,7.2,
625,7/1/2025 9:53,20.25,-24.64,7.23,
626,7/1/2025 10:53,20.53,-27.44,7.28,
627,7/1/2025 11:53,20.94,-31.17,7.35,
628,7/1/2025 12:53,21.39,-34.45,7.41,
629,7/1/2025 13:53,21.77,-43.25,7.56,
630,7/1/2025 14:53,22.39,-44.24,7.58,
631,7/1/2025 15:53,22.82,-44.11,7.58,
632,7/1/2025 16:53,23.14,-42.89,7.56,
633,7/1/2025 17:53,23.23,-39.8,7.5,
634,7/1/2025 18:53,23.14,-35.81,7.43,
635,7/1/2025 19:53,22.94,-30.64,7.34,
636,7/1/2025 20:53,22.66,-25.88,7.25,
637,7/1/2025 21:53,22.39,-22.14,7.18,
638,7/1/2025 22:53,22.15,-19.55,7.14,
639,7/1/2025 23:53,21.96,-18.09,7.11,
640,7/2/2025 0:53,21.82,-17.22,7.09,
641,7/2/2025 1:53,21.65,-16.73,7.09,
642,7/2/2025 2:53,21.46,-16.75,7.09,
643,7/2/2025 3:53,21.22,-16.17,7.08,
644,7/2/2025 4:53,20.91,-15.89,7.07,
645,7/2/2025 5:53,20.6,-15.55,7.07,
646,7/2/2025 6:53,20.27,-16.61,7.08,
647,7/2/2025 7:53,20.06,-19.3,7.13,
648,7/2/2025 8:53,20.03,-23.41,7.21,
649,7/2/2025 9:53,19.96,-27.91,7.29,
650,7/2/2025 10:53,19.98,-30.52,7.34,
651,7/2/2025 11:53,20.08,-34.06,7.4,
652,7/2/2025 12:53,20.25,-37.95,7.47,
653,7/2/2025 13:53,20.65,-40,7.51,
654,7/2/2025 14:53,21.17,-39.86,7.5,
655,7/2/2025 15:53,21.65,-39.33,7.49,
656,7/2/2025 16:53,21.96,-39.08,7.49,
657,7/2/2025 17:53,22.06,-38.08,7.47,
658,7/2/2025 18:53,21.94,-34.25,7.4,
659,7/2/2025 19:53,21.65,-29.77,7.32,
660,7/2/2025 20:53,21.32,-26.02,7.25,
661,7/2/2025 21:53,20.96,-22,7.18,
662,7/2/2025 22:53,20.63,-19.5,7.14,
663,7/2/2025 23:53,20.34,-17.52,7.1,
664,7/3/2025 0:53,20.1,-17.58,7.1,
665,7/3/2025 1:53,19.89,-16.47,7.08,
666,7/3/2025 2:53,19.7,-16.03,7.07,
667,7/3/2025 3:53,19.46,-16.23,7.08,
668,7/3/2025 4:53,19.2,-15.41,7.06,
669,7/3/2025 5:53,18.89,-15.09,7.06,
670,7/3/2025 6:53,18.6,-16.28,7.08,
671,7/3/2025 7:53,18.37,-17.81,7.11,
672,7/3/2025 8:53,18.37,-22.66,7.2,
673,7/3/2025 9:53,18.37,-25.11,7.24,
674,7/3/2025 10:53,18.7,-27.91,7.29,
675,7/3/2025 11:53,19.08,-30.5,7.34,
676,7/3/2025 12:53,19.37,-33,7.38,
677,7/3/2025 13:53,19.58,-34.72,7.41,
678,7/3/2025 14:53,20.08,-35.89,7.43,
679,7/3/2025 15:53,20.48,-35.44,7.43,
680,7/3/2025 16:53,20.65,-36.06,7.44,
681,7/3/2025 17:53,20.65,-35.86,7.43,
682,7/3/2025 18:53,20.51,-32.86,7.38,
683,7/3/2025 19:53,20.25,-30.11,7.33,
684,7/3/2025 20:53,20.01,-25.86,7.25,
685,7/3/2025 21:53,19.86,-21.25,7.17,
686,7/3/2025 22:53,19.72,-19.06,7.13,
687,7/3/2025 23:53,19.58,-17.02,7.09,
688,7/4/2025 0:53,19.51,-15.8,7.07,
689,7/4/2025 1:53,19.44,-14.89,7.05,
690,7/4/2025 2:53,19.29,-14.72,7.05,
691,7/4/2025 3:53,19.06,-14.56,7.05,
692,7/4/2025 4:53,18.75,-14.11,7.04,
693,7/4/2025 5:53,18.46,-14,7.04,
694,7/4/2025 6:53,18.22,-14.19,7.04,
695,7/4/2025 7:53,18.1,-16.28,7.08,
696,7/4/2025 8:53,18.22,-21.16,7.17,
697,7/4/2025 9:53,18.39,-23.24,7.21,
698,7/4/2025 10:53,18.77,-26.81,7.27,
699,7/4/2025 11:53,19.29,-30.34,7.33,
700,7/4/2025 12:53,19.79,-31.56,7.36,
701,7/4/2025 13:53,20.32,-35.03,7.42,
702,7/4/2025 14:53,20.72,-36.22,7.44,
703,7/4/2025 15:53,21.1,-36.24,7.44,
704,7/4/2025 16:53,21.37,-35.17,7.42,
705,7/4/2025 17:53,21.46,-33.05,7.38,
706,7/4/2025 18:53,21.39,-29.89,7.32,
707,7/4/2025 19:53,21.25,-26.86,7.27,
708,7/4/2025 20:53,21.08,-23.25,7.2,
709,7/4/2025 21:53,20.79,-18.75,7.12,
710,7/4/2025 22:53,20.58,-16.64,7.08,
711,7/4/2025 23:53,20.39,-15.17,7.06,
712,7/5/2025 0:53,20.2,-14.14,7.04,
713,7/5/2025 1:53,20.01,-13.36,7.03,
714,7/5/2025 2:53,19.82,-13.03,7.02,
715,7/5/2025 3:53,19.6,-12.64,7.01,
716,7/5/2025 4:53,19.32,-11.73,7,
717,7/5/2025 5:53,18.96,-11.84,7,
718,7/5/2025 6:53,18.68,-13.58,7.03,
719,7/5/2025 7:53,18.41,-16.06,7.07,
720,7/5/2025 8:53,18.37,-22.2,7.19,
721,7/5/2025 9:53,18.34,-23.45,7.21,
722,7/5/2025 10:53,18.56,-28.91,7.31,
723,7/5/2025 11:53,18.84,-32.89,7.38,
724,7/5/2025 12:53,19.08,-36.14,7.44,
725,7/5/2025 13:53,19.29,-38.49,7.48,
726,7/5/2025 14:53,19.56,-39.34,7.5,
727,7/5/2025 15:53,19.86,-41.17,7.53,
728,7/5/2025 16:53,20.01,-40.14,7.51,
729,7/5/2025 17:53,19.96,-33.86,7.4,
730,7/5/2025 18:53,19.96,-30.42,7.34,
731,7/5/2025 19:53,19.96,-27.55,7.28,
732,7/5/2025 20:53,19.86,-22.81,7.2,
733,7/5/2025 21:53,19.67,-19.72,7.14,
734,7/5/2025 22:53,19.46,-17.41,7.1,
735,7/5/2025 23:53,19.27,-15.59,7.07,
736,7/6/2025 0:53,19.13,-14.95,7.05,
737,7/6/2025 1:53,19.01,-14.14,7.04,
738,7/6/2025 2:53,18.84,-13.2,7.02,
739,7/6/2025 3:53,18.7,-13.31,7.02,
740,7/6/2025 4:53,18.53,-13.23,7.02,
741,7/6/2025 5:53,18.34,-13.19,7.02,
742,7/6/2025 6:53,18.18,-13.88,7.04,
743,7/6/2025 7:53,18.1,-16.66,7.09,
744,7/6/2025 8:53,18.22,-22.52,7.19,
745,7/6/2025 9:53,18.41,-23.94,7.22,
746,7/6/2025 10:53,18.84,-31.25,7.35,
747,7/6/2025 11:53,19.22,-30.3,7.33,
748,7/6/2025 12:53,19.7,-32.14,7.37,
749,7/6/2025 13:53,20.29,-34.2,7.4,
750,7/6/2025 14:53,20.89,-35.03,7.42,
751,7/6/2025 15:53,21.37,-35.7,7.43,
752,7/6/2025 16:53,21.65,-32.92,7.38,
753,7/6/2025 17:53,21.84,-29.94,7.32,
754,7/6/2025 18:53,21.82,-27.77,7.29,
755,7/6/2025 19:53,21.6,-23.13,7.2,
756,7/6/2025 20:53,21.37,-20.19,7.15,
757,7/6/2025 21:53,21.17,-16.84,7.09,
758,7/6/2025 22:53,21.08,-14.05,7.04,
759,7/6/2025 23:53,21.01,-12.72,7.01,
760,7/7/2025 0:53,20.91,-12.19,7,
761,7/7/2025 1:53,20.77,-11.41,6.99,
762,7/7/2025 2:53,20.6,-12.22,7,
763,7/7/2025 3:53,20.41,-10.69,6.98,
764,7/7/2025 4:53,20.13,-10.64,6.98,
765,7/7/2025 5:53,19.86,-10.31,6.97,
766,7/7/2025 6:53,19.6,-10.94,6.98,
767,7/7/2025 7:53,19.46,-12.83,7.02,
768,7/7/2025 8:53,19.58,-18.19,7.11,
769,7/7/2025 9:53,19.67,-19.38,7.13,
770,7/7/2025 10:53,20.01,-21.92,7.18,
771,7/7/2025 11:53,20.48,-24.16,7.22,
772,7/7/2025 12:53,20.98,-26.5,7.26,
773,7/7/2025 13:53,21.56,-30.11,7.33,
774,7/7/2025 14:53,22.01,-31.92,7.36,
775,7/7/2025 15:53,22.37,-32.24,7.36,
776,7/7/2025 16:53,22.61,-29.41,7.31,
777,7/7/2025 17:53,22.7,-27.24,7.27,
778,7/7/2025 18:53,22.7,-24.69,7.23,
779,7/7/2025 19:53,22.58,-22.17,7.18,
780,7/7/2025 20:53,22.37,-18.06,7.11,
781,7/7/2025 21:53,22.15,-14.13,7.04,
782,7/7/2025 22:53,21.99,-11.72,7,
783,7/7/2025 23:53,21.84,-10.64,6.98,
784,7/8/2025 0:53,21.7,-9.92,6.96,
785,7/8/2025 1:53,21.56,-9.91,6.96,
786,7/8/2025 2:53,21.41,-8.95,6.95,
787,7/8/2025 3:53,21.25,-9.19,6.95,
788,7/8/2025 4:53,21.03,-8.58,6.94,
789,7/8/2025 5:53,20.79,-8.53,6.94,
790,7/8/2025 6:53,20.58,-9.09,6.95,
791,7/8/2025 7:53,20.41,-10.88,6.98,
792,7/8/2025 8:53,20.51,-17.13,7.09,
793,7/8/2025 9:53,20.58,-16.28,7.08,
794,7/8/2025 10:53,20.84,-21.11,7.17,
795,7/8/2025 11:53,21.29,-24.86,7.23,
796,7/8/2025 12:53,21.75,-27.17,7.27,
797,7/8/2025 13:53,22.11,-31.63,7.35,
798,7/8/2025 14:53,22.51,-32.27,7.37,
799,7/8/2025 15:53,22.66,-31.06,7.34,
800,7/8/2025 16:53,22.37,-23.81,7.21,
801,7/8/2025 17:53,21.96,-18.78,7.12,
802,7/8/2025 18:53,21.6,-16.23,7.08,
803,7/8/2025 19:53,21.37,-14.36,7.04,
804,7/8/2025 20:53,21.2,-12.3,7.01,
805,7/8/2025 21:53,21.08,-10.3,6.97,
806,7/8/2025 22:53,21.01,-10.03,6.97,
807,7/8/2025 23:53,20.94,-8.48,6.94,
808,7/9/2025 0:53,20.86,-9.11,6.95,
809,7/9/2025 1:53,20.75,-9.19,6.95,
810,7/9/2025 2:53,20.6,-10.34,6.97,
811,7/9/2025 3:53,20.44,-10.11,6.97,
812,7/9/2025 4:53,20.22,-10,6.96,
813,7/9/2025 5:53,20.01,-10.36,6.97,
814,7/9/2025 6:53,19.79,-12.66,7.01,
815,7/9/2025 7:53,19.65,-13.75,7.03,
816,7/9/2025 8:53,19.56,-15.02,7.06,
817,7/9/2025 9:53,19.53,-17.58,7.1,
818,7/9/2025 10:51,19.58,-36.25,7.16,
819,7/9/2025 11:51,19.75,-44.33,7.3,
820,7/9/2025 12:51,20.03,-48.88,7.38,
821,7/9/2025 13:51,20.32,-52.75,7.45,
822,7/9/2025 14:51,20.77,-56.2,7.51,
823,7/9/2025 15:51,21.37,-60.53,7.58,
824,7/9/2025 16:51,21.41,-58.95,7.55,
825,7/9/2025 17:51,21.44,-55.58,7.49,
826,7/9/2025 18:51,21.53,-50.72,7.41,
827,7/9/2025 19:51,21.44,-45.66,7.32,
828,7/9/2025 20:51,21.15,-40.03,7.22,
829,7/9/2025 21:51,20.79,-35.3,7.14,
830,7/9/2025 22:51,20.46,-32.38,7.09,
831,7/9/2025 23:51,20.25,-31.13,7.07,
832,7/10/2025 0:51,20.01,-29.47,7.04,
833,7/10/2025 1:51,19.82,-28.41,7.02,
834,7/10/2025 2:51,19.63,-28.13,7.02,
835,7/10/2025 3:51,19.48,-28.39,7.02,
836,7/10/2025 4:51,19.32,-27.66,7.01,
837,7/10/2025 5:51,19.06,-28.17,7.02,
838,7/10/2025 6:51,18.82,-30.3,7.05,
839,7/10/2025 7:51,18.58,-33.63,7.11,
840,7/10/2025 8:51,18.51,-37.75,7.19,
841,7/10/2025 9:51,18.63,-44.27,7.3,
842,7/10/2025 10:51,18.89,-46.28,7.33,
843,7/10/2025 11:51,19.29,-51.27,7.42,
844,7/10/2025 12:51,19.75,-55.14,7.49,
845,7/10/2025 13:51,20.25,-57.92,7.54,
846,7/10/2025 14:51,20.72,-60.49,7.58,
847,7/10/2025 15:51,21.08,-60.05,7.57,
848,7/10/2025 16:51,21.34,-57.28,7.52,
849,7/10/2025 17:51,21.39,-53.85,7.46,
850,7/10/2025 18:51,21.34,-49.41,7.39,
851,7/10/2025 19:51,21.1,-45.08,7.31,
852,7/10/2025 20:51,20.77,-40.05,7.22,
853,7/10/2025 21:51,20.48,-35.81,7.15,
854,7/10/2025 22:51,20.25,-32.47,7.09,
855,7/10/2025 23:51,20.1,-30.92,7.06,
856,7/11/2025 0:51,19.96,-30.64,7.06,
857,7/11/2025 1:51,19.79,-29.91,7.05,
858,7/11/2025 2:51,19.65,-28.58,7.02,
859,7/11/2025 3:51,19.46,-27.88,7.01,
860,7/11/2025 4:51,19.27,-27.77,7.01,
861,7/11/2025 5:51,19.03,-27.74,7.01,
862,7/11/2025 6:51,18.82,-28.44,7.02,
863,7/11/2025 7:51,18.68,-30.14,7.05,
864,7/11/2025 8:51,18.72,-35.64,7.15,
865,7/11/2025 9:51,18.96,-41.3,7.25,
866,7/11/2025 10:51,19.37,-41.67,7.25,
867,7/11/2025 11:51,19.86,-44.7,7.31,
868,7/11/2025 12:51,20.39,-47.16,7.35,
869,7/11/2025 13:51,20.91,-50.25,7.4,
870,7/11/2025 14:51,21.41,-52.14,7.43,
871,7/11/2025 15:51,21.91,-52.97,7.45,
872,7/11/2025 16:51,22.32,-53.83,7.46,
873,7/11/2025 17:51,22.49,-51.22,7.42,
874,7/11/2025 18:51,22.47,-46.13,7.33,
875,7/11/2025 19:51,22.23,-40.52,7.23,
876,7/11/2025 20:51,21.96,-35.99,7.15,
877,7/11/2025 21:51,21.77,-32.17,7.09,
878,7/11/2025 22:51,21.68,-29.91,7.05,
879,7/11/2025 23:51,21.63,-28.44,7.02,
880,7/12/2025 0:51,21.6,-27.16,7,
881,7/12/2025 1:51,21.56,-26.08,6.98,
882,7/12/2025 2:51,21.53,-25.8,6.98,
883,7/12/2025 3:51,21.41,-25.27,6.97,
884,7/12/2025 4:51,21.27,-25.11,6.96,
885,7/12/2025 5:51,21.08,-24.97,6.96,
886,7/12/2025 6:51,20.89,-26,6.98,
887,7/12/2025 7:51,20.79,-29.84,7.05,
888,7/12/2025 8:51,20.82,-36.72,7.17,
889,7/12/2025 9:51,20.98,-41.49,7.25,
890,7/12/2025 10:51,21.17,-40.33,7.23,
891,7/12/2025 11:51,21.65,-43.88,7.29,
892,7/12/2025 12:51,22.13,-46.41,7.33,
893,7/12/2025 13:51,22.63,-49.56,7.39,
894,7/12/2025 14:51,23.16,-51.16,7.41,
895,7/12/2025 15:51,23.62,-50.88,7.41,
896,7/12/2025 16:51,23.93,-48.89,7.37,
897,7/12/2025 17:51,24.05,-45.74,7.32,
898,7/12/2025 18:51,24.03,-42.53,7.26,
899,7/12/2025 19:51,23.76,-37.41,7.18,
900,7/12/2025 20:51,23.45,-33.27,7.1,
901,7/12/2025 21:51,23.16,-29.31,7.04,
902,7/12/2025 22:51,22.94,-27.41,7,
903,7/12/2025 23:51,22.78,-25.95,6.98,
904,7/13/2025 0:51,22.63,-25.17,6.96,
905,7/13/2025 1:51,22.51,-24.34,6.95,
906,7/13/2025 2:51,22.42,-23.44,6.93,
907,7/13/2025 3:51,22.27,-22.81,6.92,
908,7/13/2025 4:51,22.13,-22.41,6.92,
909,7/13/2025 5:51,21.94,-22.33,6.92,
910,7/13/2025 6:51,21.75,-23.08,6.93,
911,7/13/2025 7:51,21.53,-24.52,6.95,
912,7/13/2025 8:51,21.56,-31.88,7.08,
913,7/13/2025 9:51,21.68,-36.86,7.17,
914,7/13/2025 10:51,21.94,-35.2,7.14,
915,7/13/2025 11:51,22.44,-38.59,7.2,
916,7/13/2025 12:51,22.97,-41.47,7.25,
917,7/13/2025 13:51,23.42,-43.35,7.28,
918,7/13/2025 14:51,23.91,-44.69,7.3,
919,7/13/2025 15:51,24.36,-45.7,7.32,
920,7/13/2025 16:51,24.65,-43.16,7.27,
921,7/13/2025 17:51,24.82,-40.27,7.22,
922,7/13/2025 18:51,24.82,-37.49,7.18,
923,7/13/2025 19:51,24.65,-33.49,7.11,
924,7/13/2025 20:51,24.34,-30.33,7.05,
925,7/13/2025 21:51,23.98,-26.02,6.98,
926,7/13/2025 22:51,23.64,-24.13,6.95,
927,7/13/2025 23:51,23.38,-22.49,6.92,
928,7/14/2025 0:51,23.18,-22.28,6.91,
929,7/14/2025 1:51,23.06,-21.59,6.9,
930,7/14/2025 2:51,22.92,-20.77,6.89,
931,7/14/2025 3:51,22.8,-19.97,6.87,
932,7/14/2025 4:51,22.68,-19.83,6.87,
933,7/14/2025 5:51,22.51,-19.52,6.87,
934,7/14/2025 6:51,22.3,-19.94,6.87,
935,7/14/2025 7:51,22.11,-21.02,6.89,
936,7/14/2025 8:51,22.08,-25.05,6.96,
937,7/14/2025 9:51,22.11,-28.75,7.03,
938,7/14/2025 10:51,22.3,-32.44,7.09,
939,7/14/2025 11:51,22.58,-36.72,7.16,
940,7/14/2025 12:51,22.82,-38.95,7.2,
941,7/14/2025 13:51,23.21,-41.05,7.24,
942,7/14/2025 14:51,23.57,-41.85,7.25,
943,7/14/2025 15:51,23.81,-41.85,7.25,
944,7/14/2025 16:51,24.07,-40.88,7.24,
945,7/14/2025 17:51,24.17,-38.45,7.19,
946,7/14/2025 18:51,24.12,-35.63,7.15,
947,7/14/2025 19:51,23.98,-32.39,7.09,
948,7/14/2025 20:51,23.64,-29.19,7.03,
949,7/14/2025 21:51,23.26,-25.34,6.97,
950,7/14/2025 22:51,22.94,-22.77,6.92,
951,7/14/2025 23:51,22.61,-21.28,6.9,
952,7/15/2025 0:51,22.37,-21.11,6.89,
953,7/15/2025 1:51,22.13,-20.11,6.88,
954,7/15/2025 2:51,21.94,-19.38,6.86,
955,7/15/2025 3:51,21.72,-18.91,6.86,
956,7/15/2025 4:51,21.58,-18.91,6.86,
957,7/15/2025 5:51,21.41,-18.8,6.85,
958,7/15/2025 6:51,21.25,-19.39,6.86,
959,7/15/2025 7:51,21.06,-20.61,6.88,
960,7/15/2025 8:51,21.08,-23.64,6.94,
961,7/15/2025 9:51,21.22,-27.47,7,
962,7/15/2025 10:51,21.51,-31.13,7.07,
963,7/15/2025 11:51,21.96,-34.09,7.12,
964,7/15/2025 12:51,22.49,-36.7,7.16,
965,7/15/2025 13:51,22.94,-39.88,7.22,
966,7/15/2025 14:51,23.33,-40.81,7.24,
967,7/15/2025 15:51,23.74,-40.38,7.23,
968,7/15/2025 16:51,24.1,-39.64,7.21,
969,7/15/2025 17:51,24.32,-37.83,7.18,
970,7/15/2025 18:51,24.29,-33.61,7.11,
971,7/15/2025 19:51,24.1,-30.67,7.06,
972,7/15/2025 20:51,23.81,-27.16,7,
973,7/15/2025 21:51,23.45,-24.31,6.95,
974,7/15/2025 22:51,23.14,-21.8,6.91,
975,7/15/2025 23:51,22.87,-20.81,6.89,
976,7/16/2025 0:51,22.68,-19.89,6.87,
977,7/16/2025 1:51,22.49,-19.22,6.86,
978,7/16/2025 2:51,22.25,-18.67,6.85,
979,7/16/2025 3:51,22.03,-17.42,6.83,
980,7/16/2025 4:51,21.8,-16.77,6.82,
981,7/16/2025 5:51,21.58,-17.95,6.84,
982,7/16/2025 6:51,21.34,-18.2,6.84,
983,7/16/2025 7:51,21.15,-19.63,6.87,
984,7/16/2025 8:51,21.15,-22.81,6.92,
985,7/16/2025 9:51,21.22,-26.95,7,
986,7/16/2025 10:51,21.44,-29.59,7.04,
987,7/16/2025 11:51,21.87,-33.02,7.1,
988,7/16/2025 12:51,22.39,-36.72,7.16,
989,7/16/2025 13:51,22.85,-39.09,7.21,
990,7/16/2025 14:51,23.26,-42.27,7.26,
991,7/16/2025 15:51,23.66,-42.74,7.27,
992,7/16/2025 16:51,24.03,-41.94,7.25,
993,7/16/2025 17:51,24.22,-39.45,7.21,
994,7/16/2025 18:51,24.17,-36.08,7.15,
995,7/16/2025 19:51,23.93,-32.11,7.08,
996,7/16/2025 20:51,23.62,-28.02,7.01,
997,7/16/2025 21:51,23.26,-24.94,6.96,
998,7/16/2025 22:51,22.97,-23.03,6.93,
999,7/16/2025 23:51,22.68,-21.59,6.9,
1000,7/17/2025 0:51,22.51,-22.88,6.92,
1001,7/17/2025 1:51,22.37,-22.52,6.92,
1002,7/17/2025 2:51,22.18,-21.39,6.9,
1003,7/17/2025 3:51,21.99,-20.97,6.89,
1004,7/17/2025 4:51,21.8,-20.42,6.88,
1005,7/17/2025 5:51,21.58,-20.36,6.88,
1006,7/17/2025 6:51,21.37,-20.83,6.89,
1007,7/17/2025 7:51,21.13,-22.03,6.91,
1008,7/17/2025 8:51,21.08,-26.28,6.98,
1009,7/17/2025 9:51,21.13,-30.36,7.05,
1010,7/17/2025 10:51,21.32,-32.33,7.09,
1011,7/17/2025 11:51,21.72,-36.33,7.16,
1012,7/17/2025 12:51,22.23,-39.84,7.22,
1013,7/17/2025 13:51,22.66,-41.88,7.25,
1014,7/17/2025 14:51,23.09,-43.92,7.29,
1015,7/17/2025 15:51,23.52,-44.45,7.3,
1016,7/17/2025 16:51,23.88,-43.83,7.29,
1017,7/17/2025 17:51,24.05,-41.1,7.24,
1018,7/17/2025 18:51,24,-37.66,7.18,
1019,7/17/2025 19:51,23.81,-33.69,7.11,
1020,7/17/2025 20:51,23.52,-30.42,7.06,
1021,7/17/2025 21:51,23.16,-25.94,6.98,
1022,7/17/2025 22:51,22.92,-23.86,6.94,
1023,7/17/2025 23:51,22.66,-21.99,6.91,
1024,7/18/2025 0:51,22.49,-21.22,6.9,
1025,7/18/2025 1:51,22.35,-20.89,6.89,
1026,7/18/2025 2:51,22.25,-21.27,6.9,
1027,7/18/2025 3:51,22.13,-20.89,6.89,
1028,7/18/2025 4:51,21.99,-20.61,6.89,
1029,7/18/2025 5:51,21.82,-19.92,6.87,
1030,7/18/2025 6:51,21.6,-20.53,6.88,
1031,7/18/2025 7:51,21.39,-22.89,6.92,
1032,7/18/2025 8:51,21.29,-26.97,7,
1033,7/18/2025 9:51,21.17,-29.59,7.04,
1034,7/18/2025 10:51,21.06,-30.94,7.06,
1035,7/18/2025 11:51,20.96,-33.2,7.1,
1036,7/18/2025 12:51,21.03,-39.17,7.21,
1037,7/18/2025 13:51,21.17,-44.83,7.31,
1038,7/18/2025 14:51,21.32,-45.35,7.32,
1039,7/18/2025 15:51,21.58,-45.16,7.31,
1040,7/18/2025 16:51,21.96,-45.81,7.32,
1041,7/18/2025 17:51,22.2,-44.86,7.31,
1042,7/18/2025 18:51,22.2,-40.72,7.23,
1043,7/18/2025 19:51,22.08,-35.64,7.15,
1044,7/18/2025 20:51,21.8,-31.74,7.08,
1045,7/18/2025 21:51,21.44,-27.97,7.01,
1046,7/18/2025 22:51,21.06,-25.2,6.96,
1047,7/18/2025 23:51,20.77,-24.22,6.95,
1048,7/19/2025 0:51,20.46,-23.34,6.93,
1049,7/19/2025 1:51,20.2,-22.31,6.91,
1050,7/19/2025 2:51,19.94,-21.7,6.9,
1051,7/19/2025 3:51,19.77,-21.64,6.9,
1052,7/19/2025 4:51,19.6,-21.59,6.9,
1053,7/19/2025 5:51,19.41,-21.39,6.9,
1054,7/19/2025 6:51,19.29,-22.5,6.92,
1055,7/19/2025 7:51,19.13,-24.52,6.95,
1056,7/19/2025 8:51,19.1,-28.16,7.02,
1057,7/19/2025 9:51,19.13,-31.7,7.08,
1058,7/19/2025 10:51,19.29,-34.5,7.13,
1059,7/19/2025 11:51,19.65,-37.72,7.18,
1060,7/19/2025 12:51,20.03,-40.47,7.23,
1061,7/19/2025 13:51,20.41,-41.49,7.25,
1062,7/19/2025 14:51,20.77,-42.19,7.26,
1063,7/19/2025 15:51,21.22,-42.81,7.27,
1064,7/19/2025 16:51,21.56,-41.08,7.24,
1065,7/19/2025 17:51,21.68,-39.44,7.21,
1066,7/19/2025 18:51,21.63,-35.86,7.15,
1067,7/19/2025 19:51,21.39,-32.11,7.09,
1068,7/19/2025 20:51,21.03,-28.47,7.02,
1069,7/19/2025 21:51,20.77,-25.36,6.97,
1070,7/19/2025 22:51,20.51,-23.52,6.94,
1071,7/19/2025 23:51,20.29,-21.92,6.91,
1072,7/20/2025 0:51,20.17,-21.45,6.9,
1073,7/20/2025 1:51,20.08,-20.92,6.89,
1074,7/20/2025 2:51,19.96,-20.17,6.88,
1075,7/20/2025 3:51,19.89,-19.53,6.87,
1076,7/20/2025 4:51,19.77,-19.06,6.86,
1077,7/20/2025 5:51,19.67,-19.53,6.87,
1078,7/20/2025 6:51,19.51,-20.3,6.88,
1079,7/20/2025 7:51,19.39,-22.19,6.91,
1080,7/20/2025 8:51,19.41,-27.14,7,
1081,7/20/2025 9:51,19.53,-32.06,7.08,
1082,7/20/2025 10:51,19.7,-31.84,7.08,
1083,7/20/2025 11:51,20.13,-34.58,7.13,
1084,7/20/2025 12:51,20.58,-36.58,7.16,
1085,7/20/2025 13:51,21.01,-37.81,7.18,
1086,7/20/2025 14:51,21.44,-38.72,7.2,
1087,7/20/2025 15:51,21.87,-39.7,7.22,
1088,7/20/2025 16:51,22.2,-39.14,7.21,
1089,7/20/2025 17:51,22.37,-36.91,7.17,
1090,7/20/2025 18:51,22.3,-32.3,7.09,
1091,7/20/2025 19:51,22.06,-29.14,7.03,
1092,7/20/2025 20:51,21.8,-26.27,6.98,
1093,7/20/2025 21:51,21.49,-22.99,6.93,
1094,7/20/2025 22:51,21.15,-19.84,6.87,
1095,7/20/2025 23:51,20.91,-18.48,6.85,
1096,7/21/2025 0:51,20.77,-20.8,6.89,
1097,7/21/2025 1:51,20.65,-19.64,6.87,
1098,7/21/2025 2:51,20.53,-19.78,6.87,
1099,7/21/2025 3:51,20.44,-19.05,6.86,
1100,7/21/2025 4:51,20.34,-19.28,6.86,
1101,7/21/2025 5:51,20.22,-19.06,6.86,
1102,7/21/2025 6:51,20.03,-18.8,6.85,
1103,7/21/2025 7:51,19.86,-20.56,6.88,
1104,7/21/2025 8:51,19.94,-25.89,6.98,
1105,7/21/2025 9:51,20.06,-29.2,7.03,
1106,7/21/2025 10:51,20.32,-30.17,7.05,
1107,7/21/2025 11:51,20.82,-34.03,7.12,
1108,7/21/2025 12:53,20.34,-18.53,7.12,
1109,7/21/2025 13:53,21.7,-31.84,7.36,
1110,7/21/2025 14:53,22.15,-31.7,7.36,
1111,7/21/2025 15:53,22.63,-33.41,7.39,
1112,7/21/2025 16:53,23.02,-31.19,7.35,
1113,7/21/2025 17:53,23.16,-28.67,7.3,
1114,7/21/2025 18:53,23.06,-24.5,7.23,
1115,7/21/2025 19:53,22.82,-20.72,7.16,
1116,7/21/2025 20:53,22.51,-16.89,7.09,
1117,7/21/2025 21:53,22.23,-13.53,7.03,
1118,7/21/2025 22:53,22.01,-12.64,7.01,
1119,7/21/2025 23:53,21.84,-10.75,6.98,
1120,7/22/2025 0:53,21.75,-10.16,6.97,
1121,7/22/2025 1:53,21.65,-9.17,6.95,
1122,7/22/2025 2:53,21.53,-7.47,6.92,
1123,7/22/2025 3:53,21.44,-8.13,6.93,
1124,7/22/2025 4:53,21.32,-7.95,6.93,
1125,7/22/2025 5:53,21.17,-8.09,6.93,
1126,7/22/2025 6:53,20.96,-7.31,6.92,
1127,7/22/2025 7:53,20.79,-16.11,7.08,
1128,7/22/2025 8:53,20.86,-33.52,7.39,
1129,7/22/2025 9:53,20.82,-33.24,7.38,
1130,7/22/2025 10:53,20.89,-28.92,7.31,
1131,7/22/2025 11:53,21.2,-23.5,7.21,
1132,7/22/2025 12:53,21.56,-23.47,7.21,
1133,7/22/2025 13:53,21.89,-24.16,7.22,
1134,7/22/2025 14:53,22.2,-24.42,7.22,
1135,7/22/2025 15:53,22.51,-24.38,7.22,
1136,7/22/2025 16:53,22.82,-23.52,7.21,
1137,7/22/2025 17:53,22.97,-21.89,7.18,
1138,7/22/2025 18:53,22.9,-20.38,7.15,
1139,7/22/2025 19:53,22.66,-16.05,7.07,
1140,7/22/2025 20:53,22.35,-12.5,7.01,
1141,7/22/2025 21:53,22.08,-9.73,6.96,
1142,7/22/2025 22:53,21.84,-7.64,6.92,
1143,7/22/2025 23:53,21.6,-5.69,6.89,
1144,7/23/2025 0:53,21.46,-4.77,6.87,
1145,7/23/2025 1:53,21.39,-4.47,6.86,
1146,7/23/2025 2:53,21.32,-4.41,6.86,
1147,7/23/2025 3:53,21.25,-4,6.86,
1148,7/23/2025 4:53,21.13,-2.81,6.83,
1149,7/23/2025 5:53,20.96,-2.41,6.83,
1150,7/23/2025 6:53,20.82,-4.19,6.86,
1151,7/23/2025 7:53,20.65,-11.25,6.99,
1152,7/23/2025 8:53,20.72,-32.89,7.38,
1153,7/23/2025 9:53,20.75,-32.16,7.37,
1154,7/23/2025 10:53,20.96,-17.05,7.09,
1155,7/23/2025 11:53,21.41,-18.97,7.13,
1156,7/23/2025 12:53,21.87,-18.56,7.12,
1157,7/23/2025 13:53,22.3,-20.52,7.15,
1158,7/23/2025 14:53,22.73,-21.31,7.17,
1159,7/23/2025 15:53,23.11,-21.02,7.16,
1160,7/23/2025 16:53,23.4,-19.81,7.14,
1161,7/23/2025 17:53,23.54,-18.2,7.11,
1162,7/23/2025 18:53,23.47,-14.47,7.05,
1163,7/23/2025 19:53,23.28,-11.8,7,
1164,7/23/2025 20:53,22.99,-8.89,6.95,
1165,7/23/2025 21:53,22.66,-6.47,6.9,
1166,7/23/2025 22:53,22.39,-3.8,6.85,
1167,7/23/2025 23:53,22.25,-2.77,6.83,
1168,7/24/2025 0:53,22.06,-2.16,6.82,
1169,7/24/2025 1:53,21.96,-2.08,6.82,
1170,7/24/2025 2:53,21.94,-2.2,6.82,
1171,7/24/2025 3:53,21.8,-1.95,6.82,
1172,7/24/2025 4:53,21.72,-1.3,6.81,
1173,7/24/2025 5:53,21.58,-0.77,6.8,
1174,7/24/2025 6:53,21.37,-1.91,6.82,
1175,7/24/2025 7:53,21.25,-12.91,7.02,
1176,7/24/2025 8:53,21.34,-35.42,7.42,
1177,7/24/2025 9:53,21.32,-29.75,7.32,
1178,7/24/2025 10:53,21.46,-11.44,6.99,
1179,7/24/2025 11:53,21.91,-12.88,7.02,
1180,7/24/2025 12:53,22.37,-14.61,7.05,
1181,7/24/2025 13:53,22.7,-16.81,7.09,
1182,7/24/2025 14:53,23.06,-16.59,7.08,
1183,7/24/2025 15:53,23.45,-17.36,7.1,
1184,7/24/2025 16:53,23.81,-18.02,7.11,
1185,7/24/2025 17:53,24,-16.19,7.08,
1186,7/24/2025 18:53,23.93,-13.59,7.03,
1187,7/24/2025 19:53,23.69,-11.13,6.99,
1188,7/24/2025 20:53,23.26,-8.39,6.94,
1189,7/24/2025 21:53,22.85,-6.86,6.91,
1190,7/24/2025 22:53,22.47,-4.66,6.87,
1191,7/24/2025 23:53,22.13,-3.16,6.84,
1192,7/25/2025 0:53,21.89,-2.47,6.83,
1193,7/25/2025 1:53,21.7,-2.38,6.83,
1194,7/25/2025 2:53,21.44,-1.77,6.82,
1195,7/25/2025 3:53,21.25,-1.19,6.81,
1196,7/25/2025 4:53,21.06,-0.86,6.8,
1197,7/25/2025 5:53,20.82,-1.14,6.8,
1198,7/25/2025 6:53,20.6,-1.83,6.82,
1199,7/25/2025 7:53,20.32,-10.81,6.98,
1200,7/25/2025 8:53,20.34,-37.67,7.47,
1201,7/25/2025 9:53,20.2,-33.75,7.4,
1202,7/25/2025 10:53,20.34,-11.56,6.99,
1203,7/25/2025 11:53,20.77,-19.77,7.14,
1204,7/25/2025 12:53,21.22,-21.06,7.16,
1205,7/25/2025 13:53,21.63,-21.88,7.18,
1206,7/25/2025 14:53,21.91,-16.78,7.09,
1207,7/25/2025 15:53,22.13,-17.16,7.09,
1208,7/25/2025 16:53,22.2,-18.22,7.11,
1209,7/25/2025 17:53,22.15,-17.34,7.1,
1210,7/25/2025 18:53,21.99,-13.78,7.03,
1211,7/25/2025 19:53,21.75,-10.63,6.98,
1212,7/25/2025 20:53,21.41,-7.95,6.93,
1213,7/25/2025 21:53,21.03,-5.13,6.88,
1214,7/25/2025 22:53,20.72,-2.52,6.83,
1215,7/25/2025 23:53,20.51,-2.28,6.82,
1216,7/26/2025 0:53,20.39,-1.56,6.81,
1217,7/26/2025 1:53,20.27,-0.77,6.8,
1218,7/26/2025 2:53,20.1,-2.5,6.83,
1219,7/26/2025 3:53,19.94,-1.7,6.81,
1220,7/26/2025 4:53,19.75,-1.73,6.81,
1221,7/26/2025 5:53,19.56,-1.19,6.8,
1222,7/26/2025 6:53,19.34,-3.28,6.84,
1223,7/26/2025 7:53,19.2,-16.8,7.09,
1224,7/26/2025 8:53,19.34,-44.02,7.58,
1225,7/26/2025 9:53,19.32,-39.22,7.5,
1226,7/26/2025 10:53,19.58,-17.06,7.09,
1227,7/26/2025 11:53,20.06,-16.89,7.09,
1228,7/26/2025 12:53,20.46,-16.31,7.08,
1229,7/26/2025 13:53,20.91,-17.36,7.1,
1230,7/26/2025 14:53,21.37,-18.25,7.11,
1231,7/26/2025 15:53,21.8,-18.14,7.11,
1232,7/26/2025 16:53,22.06,-17.66,7.1,
1233,7/26/2025 17:53,22.18,-15.39,7.06,
1234,7/26/2025 18:53,22.11,-11.91,7,
1235,7/26/2025 19:53,21.82,-9.67,6.96,
1236,7/26/2025 20:53,21.46,-7.28,6.92,
1237,7/26/2025 21:53,21.08,-4.91,6.87,
1238,7/26/2025 22:53,20.77,-2.31,6.83,
1239,7/26/2025 23:53,20.51,-1.36,6.81,
1240,7/27/2025 0:53,20.36,-1.97,6.82,
1241,7/27/2025 1:53,20.25,-2.48,6.83,
1242,7/27/2025 2:53,20.13,-1.61,6.81,
1243,7/27/2025 3:53,20.03,-0.27,6.79,
1244,7/27/2025 4:53,19.96,0.52,6.77,
1245,7/27/2025 5:53,19.84,-0.64,6.79,
1246,7/27/2025 6:53,19.63,-2.13,6.82,
1247,7/27/2025 7:53,19.39,-10.58,6.98,
1248,7/27/2025 8:53,19.41,-42.91,7.56,
1249,7/27/2025 9:53,19.39,-39.2,7.5,
1250,7/27/2025 10:53,19.46,-17.89,7.11,
1251,7/27/2025 11:53,19.91,-15.78,7.07,
1252,7/27/2025 12:53,20.41,-15.92,7.07,
1253,7/27/2025 13:53,20.84,-15.69,7.07,
1254,7/27/2025 14:53,21.29,-17.64,7.1,
1255,7/27/2025 15:53,21.68,-18.5,7.12,
1256,7/27/2025 16:53,21.96,-16.67,7.09,
1257,7/27/2025 17:53,22.11,-13.55,7.03,
1258,7/27/2025 18:53,22.06,-13.11,7.02,
1259,7/27/2025 19:53,21.77,-10.31,6.97,
1260,7/27/2025 20:53,21.39,-6.45,6.9,
1261,7/27/2025 21:53,21.1,-5.55,6.88,
1262,7/27/2025 22:53,20.82,-5.02,6.87,
1263,7/27/2025 23:53,20.63,-3.42,6.85,
1264,7/28/2025 0:53,20.53,-1.61,6.81,
1265,7/28/2025 1:53,20.41,-0.23,6.79,
1266,7/28/2025 2:53,20.29,0.48,6.77,
1267,7/28/2025 3:53,20.2,-0.36,6.79,
1268,7/28/2025 4:53,20.08,0,6.78,
1269,7/28/2025 5:53,19.94,0.58,6.77,
1270,7/28/2025 6:53,19.75,-0.34,6.79,
1271,7/28/2025 7:53,19.6,-7.36,6.92,
1272,7/28/2025 8:53,19.72,-46.61,7.63,
1273,7/28/2025 9:53,19.65,-30.78,7.34,
1274,7/28/2025 10:53,19.86,-12.86,7.02,
1275,7/28/2025 11:53,20.29,-12.89,7.02,
1276,7/28/2025 12:53,20.72,-12.56,7.01,
1277,7/28/2025 13:53,21.15,-15.33,7.06,
1278,7/28/2025 14:53,21.56,-15.81,7.07,
1279,7/28/2025 15:53,21.96,-16.47,7.08,
1280,7/28/2025 16:53,22.3,-15.59,7.07,
1281,7/28/2025 17:53,22.44,-13.02,7.02,
1282,7/28/2025 18:53,22.35,-10.48,6.97,
1283,7/28/2025 19:53,22.11,-6.02,6.89,
1284,7/28/2025 20:53,21.82,-4.97,6.87,
1285,7/28/2025 21:53,21.51,-4.36,6.86,
1286,7/28/2025 22:53,21.22,-2.31,6.83,
1287,7/28/2025 23:53,21.03,-1.42,6.81,
1288,7/29/2025 0:53,20.89,-0.3,6.79,
1289,7/29/2025 1:53,20.79,-0.14,6.79,
1290,7/29/2025 2:53,20.67,1.05,6.76,
1291,7/29/2025 3:53,20.6,0.55,6.77,
1292,7/29/2025 4:53,20.51,0.55,6.77,
1293,7/29/2025 5:53,20.36,0.25,6.78,
1294,7/29/2025 6:53,20.15,-0.58,6.79,
1295,7/29/2025 7:53,19.96,-8.89,6.94,
1296,7/29/2025 8:53,20.03,-43.13,7.57,
1297,7/29/2025 9:53,20.03,-30.34,7.33,
1298,7/29/2025 10:53,20.27,-9.95,6.96,
1299,7/29/2025 11:53,20.77,-12.69,7.01,
1300,7/29/2025 12:53,21.27,-12.41,7.01,
1301,7/29/2025 13:53,21.77,-13,7.02,
1302,7/29/2025 14:53,22.25,-14.19,7.04,
1303,7/29/2025 15:53,22.7,-15.19,7.06,
1304,7/29/2025 16:53,23.06,-12.69,7.01,
1305,7/29/2025 17:53,23.23,-10.86,6.98,
1306,7/29/2025 18:53,23.23,-9.48,6.96,
1307,7/29/2025 19:53,22.99,-7.41,6.92,
1308,7/29/2025 20:53,22.63,-4.44,6.86,
1309,7/29/2025 21:53,22.3,-1.55,6.81,
1310,7/29/2025 22:53,22.01,0.63,6.77,
1311,7/29/2025 23:53,21.87,-0.52,6.79,
1312,7/30/2025 0:53,21.68,-0.28,6.79,
1313,7/30/2025 1:53,21.56,-0.7,6.8,
1314,7/30/2025 2:53,21.49,-0.58,6.79,
1315,7/30/2025 3:53,21.37,0.88,6.77,
1316,7/30/2025 4:53,21.22,1.86,6.75,
1317,7/30/2025 5:53,21.1,1.67,6.75,
1318,7/30/2025 6:53,20.89,-0.16,6.79,
1319,7/30/2025 7:53,20.72,-7.02,6.91,
1320,7/30/2025 8:53,20.79,-42.66,7.56,
1321,7/30/2025 9:53,20.75,-27.16,7.28,
1322,7/30/2025 10:53,20.96,-11.94,7,
1323,7/30/2025 11:53,21.41,-13.19,7.02,
1324,7/30/2025 12:53,21.89,-13.3,7.02,
1325,7/30/2025 13:53,22.37,-13.41,7.03,
1326,7/30/2025 14:51,22.75,-48.99,7.34,
1327,7/30/2025 15:51,23.23,-50.81,7.37,
1328,7/30/2025 16:51,23.54,-49.95,7.35,
1329,7/30/2025 17:51,23.74,-47.61,7.31,
1330,7/30/2025 18:51,23.69,-43.42,7.24,
1331,7/30/2025 19:51,23.5,-38.41,7.16,
1332,7/30/2025 20:51,23.21,-34.49,7.09,
1333,7/30/2025 21:51,22.87,-30.33,7.02,
1334,7/30/2025 22:51,22.63,-28.09,6.98,
1335,7/30/2025 23:51,22.39,-25.59,6.94,
1336,7/31/2025 0:51,22.27,-25.08,6.93,
1337,7/31/2025 1:51,22.2,-24.59,6.92,
1338,7/31/2025 2:51,22.13,-24.06,6.91,
1339,7/31/2025 3:51,22.08,-23.77,6.9,
1340,7/31/2025 4:51,22.03,-24.11,6.91,
1341,7/31/2025 5:51,21.96,-23.74,6.9,
1342,7/31/2025 6:51,21.82,-24.27,6.91,
1343,7/31/2025 7:51,21.65,-25.17,6.93,
1344,7/31/2025 8:51,21.53,-28.63,6.99,
1345,7/31/2025 9:51,21.56,-32.17,7.05,
1346,7/31/2025 10:51,21.68,-36.56,7.12,
1347,7/31/2025 11:51,22.03,-41.17,7.2,
1348,7/31/2025 12:51,22.51,-45.85,7.28,
1349,7/31/2025 13:51,22.97,-48.8,7.33,
1350,7/31/2025 14:51,23.38,-51.02,7.37,
1351,7/31/2025 15:51,23.74,-51.33,7.38,
1352,7/31/2025 16:51,23.98,-49.64,7.35,
1353,7/31/2025 17:51,24.05,-46.02,7.29,
1354,7/31/2025 18:51,23.91,-42.44,7.22,
1355,7/31/2025 19:51,23.62,-38.83,7.16,
1356,7/31/2025 20:51,23.23,-34.78,7.09,
1357,7/31/2025 21:51,22.87,-29.64,7.01,
1358,7/31/2025 22:51,22.56,-27.45,6.97,
1359,7/31/2025 23:51,22.32,-26.08,6.94,
1360,8/1/2025 0:51,22.15,-25.59,6.94,
1361,8/1/2025 1:51,22.01,-25.24,6.93,
1362,8/1/2025 2:51,21.91,-24.78,6.92,
1363,8/1/2025 3:51,21.84,-24.38,6.91,
1364,8/1/2025 4:51,21.75,-24.14,6.91,
1365,8/1/2025 5:51,21.58,-23.27,6.9,
1366,8/1/2025 6:51,21.41,-24.05,6.91,
1367,8/1/2025 7:51,21.22,-25.22,6.93,
1368,8/1/2025 8:51,21.2,-28.64,6.99,
1369,8/1/2025 9:51,21.22,-31.63,7.04,
1370,8/1/2025 10:51,21.39,-36.49,7.12,
1371,8/1/2025 11:51,21.75,-41.61,7.21,
1372,8/1/2025 12:51,22.18,-45.35,7.28,
1373,8/1/2025 13:51,22.54,-48.86,7.34,
1374,8/1/2025 14:51,22.87,-50.42,7.36,
1375,8/1/2025 15:51,23.21,-50.33,7.36,
1376,8/1/2025 16:51,23.47,-48.83,7.33,
1377,8/1/2025 17:51,23.59,-46.67,7.3,
1378,8/1/2025 18:51,23.52,-43.89,7.25,
1379,8/1/2025 19:51,23.26,-39.28,7.17,
1380,8/1/2025 20:51,22.9,-34.19,7.08,
1381,8/1/2025 21:51,22.61,-30.61,7.02,
1382,8/1/2025 22:51,22.32,-28.38,6.98,
1383,8/1/2025 23:51,22.11,-26.75,6.96,
1384,8/2/2025 0:51,21.96,-25.56,6.93,
1385,8/2/2025 1:51,21.84,-24.99,6.92,
1386,8/2/2025 2:51,21.7,-23.94,6.91,
1387,8/2/2025 3:51,21.58,-23.08,6.89,
1388,8/2/2025 4:51,21.46,-23.24,6.89,
1389,8/2/2025 5:51,21.34,-23.7,6.9,
1390,8/2/2025 6:51,21.13,-24.06,6.91,
1391,8/2/2025 7:51,20.91,-24.53,6.92,
1392,8/2/2025 8:51,20.84,-26.89,6.96,
1393,8/2/2025 9:51,20.91,-30.92,7.03,
1394,8/2/2025 10:51,21.13,-35.36,7.1,
1395,8/2/2025 11:51,21.49,-39.02,7.17,
1396,8/2/2025 12:51,21.89,-41.44,7.21,
1397,8/2/2025 13:51,22.25,-43.88,7.25,
1398,8/2/2025 14:51,22.63,-45.25,7.27,
1399,8/2/2025 15:51,23.04,-46.55,7.3,
1400,8/2/2025 16:51,23.4,-46.22,7.29,
1401,8/2/2025 17:51,23.5,-42.86,7.23,
1402,8/2/2025 18:51,23.4,-39.67,7.18,
1403,8/2/2025 19:51,23.14,-36.33,7.12,
1404,8/2/2025 20:51,22.75,-32.72,7.06,
1405,8/2/2025 21:51,22.39,-28.25,6.98,
1406,8/2/2025 22:51,22.11,-26.13,6.94,
1407,8/2/2025 23:51,21.94,-26.41,6.95,
1408,8/3/2025 0:51,21.8,-25.17,6.93,
1409,8/3/2025 1:51,21.65,-24.88,6.92,
1410,8/3/2025 2:51,21.53,-24.27,6.91,
1411,8/3/2025 3:51,21.39,-24.03,6.91,
1412,8/3/2025 4:51,21.2,-22.7,6.89,
1413,8/3/2025 5:51,21.03,-22.95,6.89,
1414,8/3/2025 6:51,20.86,-23.84,6.9,
1415,8/3/2025 7:51,20.7,-24.31,6.91,
1416,8/3/2025 8:51,20.56,-26.45,6.95,
1417,8/3/2025 9:51,20.53,-30.72,7.02,
1418,8/3/2025 10:51,20.58,-35.11,7.1,
1419,8/3/2025 11:51,20.89,-40.67,7.2,
1420,8/3/2025 12:51,21.1,-46.49,7.3,
1421,8/3/2025 13:51,21.22,-48.86,7.34,
1422,8/3/2025 14:51,21.32,-48.56,7.33,
1423,8/3/2025 15:51,21.56,-49.7,7.35,
1424,8/3/2025 16:51,21.8,-50.64,7.37,
1425,8/3/2025 17:51,21.89,-48.27,7.33,
1426,8/3/2025 18:51,21.84,-43.8,7.25,
1427,8/3/2025 19:51,21.7,-38.45,7.16,
1428,8/3/2025 20:51,21.44,-32.78,7.06,
1429,8/3/2025 21:51,21.13,-28.81,6.99,
1430,8/3/2025 22:51,20.84,-26.39,6.95,
1431,8/3/2025 23:51,20.6,-23.97,6.91,
1432,8/4/2025 0:51,20.44,-23.16,6.89,
1433,8/4/2025 1:51,20.29,-22.81,6.89,
1434,8/4/2025 2:51,20.15,-23.11,6.89,
1435,8/4/2025 3:51,20.03,-22.24,6.88,
1436,8/4/2025 4:51,19.94,-21.97,6.87,
1437,8/4/2025 5:51,19.84,-21.55,6.86,
1438,8/4/2025 6:51,19.75,-22.78,6.89,
1439,8/4/2025 7:51,19.65,-24.2,6.91,
1440,8/4/2025 8:51,19.7,-26.16,6.94,
1441,8/4/2025 9:51,19.82,-30.49,7.02,
1442,8/4/2025 10:51,20.15,-34.42,7.09,
1443,8/4/2025 11:51,20.56,-38.77,7.16,
1444,8/4/2025 12:51,20.94,-41.33,7.21,
1445,8/4/2025 13:51,21.34,-44.63,7.26,
1446,8/4/2025 14:51,21.63,-46.61,7.3,
1447,8/4/2025 15:51,21.96,-49.66,7.35,
1448,8/4/2025 16:51,22.18,-48.42,7.33,
1449,8/4/2025 17:51,22.15,-45.35,7.28,
1450,8/4/2025 18:51,22.03,-41.41,7.21,
1451,8/4/2025 19:51,21.8,-36.52,7.12,
1452,8/4/2025 20:51,21.46,-31.49,7.04,
1453,8/4/2025 21:51,21.1,-27.8,6.97,
1454,8/4/2025 22:51,20.89,-25.24,6.93,
1455,8/4/2025 23:51,20.67,-23.03,6.89,
1456,8/5/2025 0:51,20.48,-22.55,6.88,
1457,8/5/2025 1:51,20.39,-22.06,6.87,
1458,8/5/2025 2:51,20.27,-21.7,6.87,
1459,8/5/2025 3:51,20.17,-21.52,6.86,
1460,8/5/2025 4:51,20.1,-21.36,6.86,
1461,8/5/2025 5:51,19.96,-21.2,6.86,
1462,8/5/2025 6:51,19.77,-21.2,6.86,
1463,8/5/2025 7:51,19.58,-20.95,6.85,
1464,8/5/2025 8:51,19.51,-24.61,6.92,
1465,8/5/2025 9:51,19.53,-29.66,7.01,
1466,8/5/2025 10:51,19.56,-33.49,7.07,
1467,8/5/2025 11:51,19.65,-38.06,7.15,
1468,8/5/2025 12:51,19.72,-40.25,7.19,
1469,8/5/2025 13:51,19.86,-40.86,7.2,
1470,8/5/2025 14:51,20.2,-45.45,7.28,
1471,8/5/2025 15:51,20.29,-41.19,7.21,
1472,8/5/2025 16:51,20.27,-36.27,7.12,
1473,8/5/2025 17:51,20.2,-34.27,7.09,
1474,8/5/2025 18:51,20.08,-32.49,7.05,
1475,8/5/2025 19:51,19.89,-29.55,7,
1476,8/5/2025 20:51,19.77,-26.59,6.95,
1477,8/5/2025 21:51,19.72,-24.61,6.92,
1478,8/5/2025 22:51,19.7,-22.38,6.88,
1479,8/5/2025 23:51,19.65,-21.42,6.86,
1480,8/6/2025 0:51,19.63,-20.66,6.85,
1481,8/6/2025 1:51,19.63,-20.63,6.85,
1482,8/6/2025 2:51,19.65,-20.11,6.84,
1483,8/6/2025 3:51,19.63,-20.39,6.84,
1484,8/6/2025 4:51,19.58,-19.42,6.83,
1485,8/6/2025 5:51,19.48,-18.75,6.82,
1486,8/6/2025 6:51,19.37,-19.22,6.82,
1487,8/6/2025 7:51,19.2,-18.72,6.82,
1488,8/6/2025 8:51,19.08,-21.33,6.86,
1489,8/6/2025 9:51,19.1,-23.86,6.9,
1490,8/6/2025 10:51,19.27,-27.86,6.97,
1491,8/6/2025 11:51,19.56,-29.7,7.01,
1492,8/6/2025 12:51,19.94,-33.7,7.08,
1493,8/6/2025 13:51,21.65,-28.25,6.98,
1494,8/6/2025 14:51,20.36,-39.41,7.18,
1495,8/6/2025 15:51,20.34,-39.77,7.18,
1496,8/6/2025 16:51,20.39,-42.55,7.23,
1497,8/6/2025 17:51,20.41,-44.52,7.27,
1498,8/6/2025 18:51,20.7,-44.31,7.26,
1499,8/6/2025 19:51,20.77,-40.14,7.19,
1500,8/6/2025 20:51,20.56,-34.84,7.1,
1501,8/6/2025 21:51,20.27,-30.3,7.02,
1502,8/6/2025 22:51,19.98,-28.22,6.98,
1503,8/6/2025 23:51,19.77,-26.58,6.95,
1504,8/7/2025 0:51,19.7,-26.22,6.95,
1505,8/7/2025 1:51,19.6,-25.56,6.94,
1506,8/7/2025 2:51,19.46,-24.86,6.92,
1507,8/7/2025 3:51,19.27,-24.78,6.92,
1508,8/7/2025 4:51,19.08,-24.3,6.91,
1509,8/7/2025 5:51,18.91,-24.13,6.91,
1510,8/7/2025 6:51,18.75,-24.81,6.92,
1511,8/7/2025 7:51,18.65,-26.67,6.96,
1512,8/7/2025 8:51,18.65,-29.02,7,
1513,8/7/2025 9:51,18.84,-32.11,7.05,
1514,8/7/2025 10:51,19.13,-35.88,7.12,
1515,8/7/2025 11:51,19.56,-39.58,7.18,
1516,8/7/2025 12:51,20.06,-43.11,7.24,
1517,8/7/2025 13:51,20.51,-46.99,7.31,
1518,8/7/2025 14:51,20.86,-48.35,7.33,
1519,8/7/2025 15:51,21.27,-48.86,7.34,
1520,8/7/2025 16:51,21.6,-47.39,7.32,
1521,8/7/2025 17:51,21.6,-45.28,7.28,
1522,8/7/2025 18:51,21.37,-41.2,7.21,
1523,8/7/2025 19:51,21.13,-37.77,7.15,
1524,8/7/2025 20:51,20.79,-33.66,7.08,
1525,8/7/2025 21:51,20.44,-29.95,7.01,
1526,8/7/2025 22:51,20.13,-27.17,6.96,
1527,8/7/2025 23:51,19.91,-25.88,6.94,
1528,8/8/2025 0:51,19.82,-25.91,6.94,
1529,8/8/2025 1:51,19.6,-25.25,6.93,
1530,8/8/2025 2:51,19.37,-25.13,6.93,
1531,8/8/2025 3:51,19.22,-24.75,6.92,
1532,8/8/2025 4:51,19.13,-24.95,6.93,
1533,8/8/2025 5:51,19.06,-24.45,6.92,
1534,8/8/2025 6:51,18.91,-24.66,6.92,
1535,8/8/2025 7:51,18.7,-24.92,6.92,
1536,8/8/2025 8:51,18.63,-27.16,6.96,
1537,8/8/2025 9:51,18.65,-30.83,7.03,
1538,8/8/2025 10:51,18.91,-36.7,7.13,
1539,8/8/2025 11:51,19.29,-41.86,7.22,
1540,8/8/2025 12:51,19.67,-44.49,7.27,
1541,8/8/2025 13:51,20.1,-47.25,7.31,
1542,8/8/2025 14:51,20.56,-48.41,7.33,
1543,8/8/2025 15:51,20.96,-49.69,7.36,
1544,8/8/2025 16:51,21.22,-50.5,7.37,
1545,8/8/2025 17:51,21.34,-49.19,7.35,
1546,8/8/2025 18:51,21.2,-45.58,7.28,
1547,8/8/2025 19:51,20.94,-41.89,7.22,
1548,8/8/2025 20:51,20.63,-36.08,7.12,
1549,8/8/2025 21:51,20.46,-32.83,7.06,
1550,8/8/2025 22:51,20.29,-29.56,7.01,
1551,8/8/2025 23:51,20.17,-27.27,6.97,
1552,8/9/2025 0:51,20.1,-26.34,6.95,
1553,8/9/2025 1:51,20.01,-25.47,6.93,
1554,8/9/2025 2:51,19.96,-25.13,6.93,
1555,8/9/2025 3:51,19.91,-24.72,6.92,
1556,8/9/2025 4:51,19.86,-24.67,6.92,
1557,8/9/2025 5:51,19.67,-24.03,6.91,
1558,8/9/2025 6:51,19.56,-25.58,6.94,
1559,8/9/2025 7:51,19.37,-26.66,6.96,
1560,8/9/2025 8:51,19.32,-28.84,6.99,
1561,8/9/2025 9:51,19.41,-33.34,7.07,
1562,8/9/2025 10:51,19.63,-38.7,7.17,
1563,8/9/2025 11:51,20.01,-43.35,7.25,
1564,8/9/2025 12:51,20.46,-46.86,7.31,
1565,8/9/2025 13:51,20.96,-48.85,7.34,
1566,8/9/2025 14:51,21.49,-51.8,7.39,
1567,8/9/2025 15:51,21.99,-53.69,7.42,
1568,8/9/2025 16:51,22.35,-52.64,7.41,
1569,8/9/2025 17:51,22.42,-49.42,7.35,
1570,8/9/2025 18:51,22.32,-44.22,7.26,
1571,8/9/2025 19:51,22.11,-38.7,7.16,
1572,8/9/2025 20:51,21.84,-34.06,7.08,
1573,8/9/2025 21:51,21.6,-30.02,7.01,
1574,8/9/2025 22:51,21.41,-28.14,6.98,
1575,8/9/2025 23:51,21.29,-26.83,6.96,
1576,8/10/2025 0:51,21.22,-25.86,6.94,
1577,8/10/2025 1:51,21.15,-25.63,6.94,
1578,8/10/2025 2:51,21.13,-25.08,6.93,
1579,8/10/2025 3:51,21.08,-24.42,6.92,
1580,8/10/2025 4:51,21.03,-23.95,6.91,
1581,8/10/2025 5:51,20.94,-23.7,6.9,
1582,8/10/2025 6:51,20.77,-24.24,6.91,
1583,8/10/2025 7:51,20.58,-24.31,6.91,
1584,8/10/2025 8:51,20.51,-27.02,6.96,
1585,8/10/2025 9:51,20.58,-30.89,7.03,
1586,8/10/2025 10:51,20.84,-35.31,7.11,
1587,8/10/2025 11:51,21.29,-40.14,7.19,
1588,8/10/2025 12:51,21.84,-44.42,7.26,
1589,8/10/2025 13:51,22.32,-47.2,7.31,
1590,8/10/2025 14:51,22.8,-49.02,7.34,
1591,8/10/2025 15:51,23.26,-49.88,7.36,
1592,8/10/2025 16:51,23.62,-48.19,7.33,
1593,8/10/2025 17:51,23.76,-44.08,7.26,
1594,8/10/2025 18:51,23.71,-40.16,7.19,
1595,8/10/2025 19:51,23.5,-36.38,7.12,
1596,8/10/2025 20:51,23.21,-31.5,7.04,
1597,8/10/2025 21:51,22.99,-27.49,7.07,adjusted adding 0.1 ph units a day to compensate for sensor drift.
1598,8/10/2025 22:51,22.8,-25.31,7.03,
1599,8/10/2025 23:51,22.68,-24.77,7.02,
1600,8/11/2025 0:51,22.61,-23.56,7,
1601,8/11/2025 1:51,22.56,-23.44,7,
1602,8/11/2025 2:51,22.49,-22.55,6.98,
1603,8/11/2025 3:51,22.47,-22.33,6.98,
1604,8/11/2025 4:51,22.39,-21.95,6.97,
1605,8/11/2025 5:51,22.25,-21.53,6.97,
1606,8/11/2025 6:51,22.06,-21.49,6.97,
1607,8/11/2025 7:51,21.87,-22.5,6.98,
1608,8/11/2025 8:51,21.8,-25.28,7.03,
1609,8/11/2025 9:51,21.82,-29.16,7.1,
1610,8/11/2025 10:51,21.99,-33.89,7.18,
1611,8/11/2025 11:51,22.37,-37.25,7.24,
1612,8/11/2025 12:51,22.8,-41.47,7.31,
1613,8/11/2025 13:51,23.23,-42.97,7.34,
1614,8/11/2025 14:51,23.62,-44.03,7.36,
1615,8/11/2025 15:51,24.03,-45.75,7.38,
1616,8/11/2025 16:51,24.34,-44.33,7.36,
1617,8/11/2025 17:51,24.46,-39.64,7.28,
1618,8/11/2025 18:51,24.36,-35.74,7.21,
1619,8/11/2025 19:51,24.1,-31.61,7.14,
1620,8/11/2025 20:51,23.81,-28.11,7.08,
1621,8/11/2025 21:51,23.45,-24.41,7.02,
1622,8/11/2025 22:51,23.23,-22.91,6.99,
1623,8/11/2025 23:51,23.06,-21.56,6.97,
1624,8/12/2025 0:51,22.94,-20.5,7.05,
1625,8/12/2025 1:51,22.85,-19.48,7.03,
1626,8/12/2025 2:51,22.78,-19,7.02,
1627,8/12/2025 3:51,22.66,-18.67,7.02,
1628,8/12/2025 4:51,22.51,-18.3,7.01,
1629,8/12/2025 5:51,22.39,-18.25,7.01,
1630,8/12/2025 6:51,22.2,-18.27,7.01,
1631,8/12/2025 7:51,21.99,-18.88,7.02,
1632,8/12/2025 8:51,21.87,-21.24,7.06,
1633,8/12/2025 9:51,21.89,-23.42,7.1,
1634,8/12/2025 10:51,22.11,-28.49,7.19,
1635,8/12/2025 11:51,22.47,-31.8,7.24,
1636,8/12/2025 12:51,22.92,-33.67,7.28,
1637,8/12/2025 13:51,23.38,-37.02,7.33,
1638,8/12/2025 14:51,23.79,-38.11,7.35,
1639,8/12/2025 15:51,24.19,-38.86,7.37,
1640,8/12/2025 16:51,24.48,-37.28,7.34,
1641,8/12/2025 17:51,24.56,-35.5,7.31,
1642,8/12/2025 18:51,24.46,-34.14,7.28,
1643,8/12/2025 19:51,24.17,-30.55,7.22,
1644,8/12/2025 20:51,23.79,-25.69,7.14,
1645,8/12/2025 21:51,23.5,-22.45,7.08,
1646,8/12/2025 22:51,23.3,-21.92,7.07,
1647,8/12/2025 23:51,23.16,-20.83,7.06,
1648,8/13/2025 0:51,23.06,-18.86,7.12,
1649,8/13/2025 1:51,22.92,-18.23,7.11,
1650,8/13/2025 2:51,22.82,-18.36,7.11,
1651,8/13/2025 3:51,22.7,-17.52,7.1,
1652,8/13/2025 4:51,22.54,-17.3,7.09,
1653,8/13/2025 5:51,22.32,-16.03,7.07,
1654,8/13/2025 6:51,22.06,-15.7,7.07,
1655,8/13/2025 7:51,21.84,-17.17,7.09,
1656,8/13/2025 8:51,21.72,-19.69,7.13,
1657,8/13/2025 9:51,21.68,-22.77,7.19,
1658,8/13/2025 10:51,21.82,-26.31,7.25,
1659,8/13/2025 11:51,22.11,-29.52,7.31,
1660,8/13/2025 12:51,22.47,-31.72,7.34,
1661,8/13/2025 13:51,22.8,-34.55,7.39,
1662,8/13/2025 14:51,23.14,-34.27,7.39,
1663,8/13/2025 15:51,23.52,-37.17,7.44,
1664,8/13/2025 16:51,23.79,-36.13,7.42,
1665,8/13/2025 17:51,23.83,-32.41,7.35,
1666,8/13/2025 18:51,23.59,-29.22,7.3,
1667,8/13/2025 19:51,23.21,-26.3,7.25,
1668,8/13/2025 20:51,22.73,-22.66,7.19,
1669,8/13/2025 21:51,22.35,-19.97,7.14,
1670,8/13/2025 22:51,22.01,-17.67,7.1,
1671,8/13/2025 23:51,21.72,-16.52,7.08,
1672,8/14/2025 0:51,21.51,-16,7.17,
1673,8/14/2025 1:51,21.32,-15.31,7.16,
1674,8/14/2025 2:51,21.15,-14.98,7.15,
1675,8/14/2025 3:51,21.03,-14.7,7.15,
1676,8/14/2025 4:51,20.86,-14.67,7.15,
1677,8/14/2025 5:51,20.72,-14.23,7.14,
1678,8/14/2025 6:51,20.56,-13.8,7.13,
1679,8/14/2025 7:51,20.34,-15.66,7.16,
1680,8/14/2025 8:51,20.25,-17.3,7.19,
1681,8/14/2025 9:51,20.15,-19.3,7.23,
1682,8/14/2025 10:51,20.17,-21.61,7.27,
1683,8/14/2025 11:51,20.34,-24.44,7.32,
1684,8/14/2025 12:51,20.67,-27.77,7.37,
1685,8/14/2025 13:51,21.06,-30.75,7.43,
