#,Date-Time (PDT),Temp,mv,pH
2,5/14/2025 15:09,14.77,-134.39,9.24
3,5/14/2025 16:09,14.67,-132.13,9.2
4,5/14/2025 17:09,14.67,-132.3,9.2
5,5/14/2025 18:09,14.7,-130.68,9.17
6,5/14/2025 19:09,14.55,-119.88,8.98
7,5/14/2025 20:09,14.39,-83.8,8.33
8,5/14/2025 21:09,14.19,-50.27,7.73
9,5/14/2025 22:09,14.03,-40.31,7.55
10,5/14/2025 23:09,13.91,-36.84,7.49
11,5/15/2025 0:09,13.79,-35.31,7.46
12,5/15/2025 1:09,13.69,-34.63,7.45
13,5/15/2025 2:09,13.64,-34.06,7.44
14,5/15/2025 3:09,13.59,-33.72,7.43
15,5/15/2025 4:09,13.57,-33.31,7.42
16,5/15/2025 5:09,13.55,-33.33,7.42
17,5/15/2025 6:09,13.52,-33.58,7.43
18,5/15/2025 7:09,13.55,-38.67,7.52
19,5/15/2025 8:09,13.62,-54.1,7.8
20,5/15/2025 9:09,13.69,-83.55,8.33
21,5/15/2025 10:09,13.71,-94.36,8.52
22,5/15/2025 11:09,13.79,-106.83,8.75
23,5/15/2025 12:09,13.88,-117.39,8.94
24,5/15/2025 13:09,14,-129.32,9.15
25,5/15/2025 14:09,14.07,-132.16,9.2
26,5/15/2025 15:09,14,-127.96,9.13
27,5/15/2025 16:09,13.98,-124.13,9.06
28,5/15/2025 17:09,13.98,-126.57,9.1
29,5/15/2025 18:09,14.03,-129.41,9.15
30,5/15/2025 19:09,13.95,-121.88,9.02
31,5/15/2025 20:09,13.86,-94.22,8.52
32,5/15/2025 21:09,13.74,-54.94,7.81
33,5/15/2025 22:09,13.62,-41.47,7.57
34,5/15/2025 23:09,13.52,-36.78,7.49
35,5/16/2025 0:09,13.45,-34.69,7.45
36,5/16/2025 1:09,13.38,-33.59,7.43
37,5/16/2025 2:09,13.33,-33.05,7.42
38,5/16/2025 3:09,13.31,-32.88,7.42
39,5/16/2025 4:09,13.28,-32.52,7.41
40,5/16/2025 5:09,13.26,-32.38,7.41
41,5/16/2025 6:09,13.23,-32.5,7.41
42,5/16/2025 7:09,13.23,-36.41,7.48
43,5/16/2025 8:09,13.28,-44.22,7.62
44,5/16/2025 9:09,13.33,-55.13,7.82
45,5/16/2025 10:09,13.43,-83.03,8.32
48,5/16/2025 11:09,13.62,-110.57,8.82
49,5/16/2025 12:09,13.81,-128.63,9.14
50,5/16/2025 13:09,14,-137.79,9.3
51,5/16/2025 14:09,14.19,-143.24,9.4
52,5/16/2025 15:09,14.29,-144.91,9.43
53,5/16/2025 16:09,14.27,-142.25,9.38
54,5/16/2025 17:09,14.15,-128.75,9.14
55,5/16/2025 18:09,14.07,-115.44,8.9
56,5/16/2025 19:09,13.98,-96.03,8.55
57,5/16/2025 20:09,13.86,-59.6,7.9
58,5/16/2025 21:09,13.74,-43,7.6
59,5/16/2025 22:09,13.67,-37.05,7.49
60,5/16/2025 23:09,13.62,-34.39,7.44
61,5/17/2025 0:09,13.55,-33.24,7.42
62,5/17/2025 1:09,13.5,-32.63,7.41
63,5/17/2025 2:09,13.47,-32.2,7.4
64,5/17/2025 3:09,13.43,-31.5,7.39
65,5/17/2025 4:09,13.4,-31.28,7.39
66,5/17/2025 5:09,13.35,-31.27,7.39
67,5/17/2025 6:09,13.33,-31.52,7.39
68,5/17/2025 7:09,13.33,-36.2,7.48
69,5/17/2025 8:09,13.38,-49.38,7.71
70,5/17/2025 9:09,13.43,-62.33,7.95
71,5/17/2025 10:09,13.55,-99.99,8.63
72,5/17/2025 11:09,13.71,-120.52,9
73,5/17/2025 12:09,14.07,-132.8,9.21
74,5/17/2025 13:09,14.48,-142.88,9.39
75,5/17/2025 14:09,14.67,-146,9.45
76,5/17/2025 15:09,14.91,-149.66,9.51
77,5/17/2025 16:09,14.84,-148.25,9.49
78,5/17/2025 17:09,14.58,-142.63,9.39
79,5/17/2025 18:09,14.43,-136.05,9.27
80,5/17/2025 19:09,14.19,-124.14,9.06
81,5/17/2025 20:09,13.93,-90.17,8.45
82,5/17/2025 21:09,13.67,-50.05,7.72
83,5/17/2025 22:09,13.47,-38.7,7.52
84,5/17/2025 23:09,13.31,-34.2,7.44
85,5/18/2025 0:09,13.21,-32.81,7.41
86,5/18/2025 1:09,13.11,-32.06,7.4
87,5/18/2025 2:09,13.06,-31.08,7.38
88,5/18/2025 3:09,12.97,-31,7.38
89,5/18/2025 4:09,12.92,-30.28,7.37
90,5/18/2025 5:09,12.87,-30.24,7.37
91,5/18/2025 6:09,12.85,-32.02,7.4
92,5/18/2025 7:09,12.85,-42.06,7.58
93,5/18/2025 8:09,12.87,-57.42,7.86
94,5/18/2025 9:09,13.04,-101.82,8.66
95,5/18/2025 10:09,13.26,-120,8.99
96,5/18/2025 11:09,13.47,-134.68,9.25
97,5/18/2025 12:09,13.76,-144.05,9.42
98,5/18/2025 13:09,14.36,-146.32,9.46
99,5/18/2025 14:09,14.48,-147.18,9.47
100,5/18/2025 15:09,14.34,-143.13,9.4
101,5/18/2025 16:09,14.24,-141.52,9.37
102,5/18/2025 17:09,14.29,-140.3,9.35
103,5/18/2025 18:09,14.05,-133.72,9.23
104,5/18/2025 19:09,13.81,-116.72,8.93
105,5/18/2025 20:09,13.59,-75.69,8.19
106,5/18/2025 21:09,13.4,-46.64,7.66
107,5/18/2025 22:09,13.21,-37.08,7.49
108,5/18/2025 23:09,13.06,-33.45,7.43
109,5/19/2025 0:09,12.97,-31.78,7.4
110,5/19/2025 1:09,12.9,-30.75,7.38
111,5/19/2025 2:09,12.87,-30.14,7.37
112,5/19/2025 3:09,12.8,-29.74,7.36
113,5/19/2025 4:09,12.73,-29.67,7.36
114,5/19/2025 5:09,12.68,-29.64,7.36
115,5/19/2025 6:09,12.63,-30.24,7.37
116,5/19/2025 7:09,12.65,-33.63,7.43
117,5/19/2025 8:09,12.7,-50.33,7.73
118,5/19/2025 9:09,12.85,-72.66,8.14
119,5/19/2025 10:09,12.97,-95.88,8.56
120,5/19/2025 11:09,13.16,-121.55,9.02
121,5/19/2025 12:09,13.33,-127.61,9.13
122,5/19/2025 13:09,13.57,-134.93,9.26
123,5/19/2025 14:09,13.81,-142.54,9.39
124,5/19/2025 15:09,14.27,-149.41,9.51
125,5/19/2025 16:09,14.43,-149.32,9.51
126,5/19/2025 17:09,14.27,-146.1,9.45
127,5/19/2025 18:09,14,-134.8,9.25
128,5/19/2025 19:09,13.79,-109.94,8.8
129,5/19/2025 20:09,13.62,-62.03,7.94
130,5/19/2025 21:09,13.5,-41.33,7.57
131,5/19/2025 22:09,13.4,-34.3,7.44
132,5/19/2025 23:09,13.31,-31.92,7.4
133,5/20/2025 0:09,13.21,-30.53,7.37
134,5/20/2025 1:09,13.14,-29.74,7.36
135,5/20/2025 2:09,13.06,-29.72,7.36
136,5/20/2025 3:09,12.99,-29.2,7.35
137,5/20/2025 4:09,12.99,-29.09,7.35
138,5/20/2025 5:09,12.94,-28.99,7.35
139,5/20/2025 6:09,12.92,-31.13,7.38
140,5/20/2025 7:09,12.92,-41.06,7.56
141,5/20/2025 8:09,12.99,-62.1,7.94
142,5/20/2025 9:09,13.14,-94.86,8.54
143,5/20/2025 10:09,13.33,-116.43,8.92
144,5/20/2025 11:09,13.57,-130.05,9.17
145,5/20/2025 12:09,13.93,-137.66,9.3
146,5/20/2025 13:09,14.51,-142.8,9.39
147,5/20/2025 14:09,15.22,-148.11,9.48
148,5/20/2025 15:09,15.53,-149.74,9.51
149,5/20/2025 16:09,15.34,-145.9,9.44
150,5/20/2025 17:09,14.98,-138.63,9.31
151,5/20/2025 18:09,14.55,-120.24,8.98
152,5/20/2025 19:09,14.24,-88.36,8.41
153,5/20/2025 20:09,14.03,-58.17,7.87
154,5/20/2025 21:09,13.81,-41.35,7.57
155,5/20/2025 22:09,13.64,-34.17,7.44
156,5/20/2025 23:09,13.5,-31.41,7.39
157,5/21/2025 0:09,13.4,-29.77,7.36
158,5/21/2025 1:09,13.31,-29.14,7.35
159,5/21/2025 2:09,13.23,-28.88,7.34
160,5/21/2025 3:09,13.18,-28.52,7.34
161,5/21/2025 4:09,13.16,-28.28,7.33
162,5/21/2025 5:09,13.06,-28.49,7.34
163,5/21/2025 6:09,12.99,-29.83,7.36
164,5/21/2025 7:09,12.97,-36.33,7.48
165,5/21/2025 8:09,13.02,-50.83,7.74
166,5/21/2025 9:09,13.14,-70.25,8.09
167,5/21/2025 10:09,13.45,-96.57,8.57
168,5/21/2025 11:09,14.05,-124.05,9.06
169,5/21/2025 12:09,14.6,-135.46,9.26
170,5/21/2025 13:09,14.77,-142.97,9.39
171,5/21/2025 14:09,15.03,-144.9,9.42
172,5/21/2025 15:09,15.03,-143.66,9.4
173,5/21/2025 16:09,15.03,-145.58,9.44
174,5/21/2025 17:09,15.17,-142.54,9.38
175,5/21/2025 18:09,15.25,-137.64,9.29
176,5/21/2025 19:09,14.94,-111.08,8.82
177,5/21/2025 20:09,14.72,-68.46,8.05
178,5/21/2025 21:09,14.43,-43.05,7.6
179,5/21/2025 22:09,14.22,-34.14,7.44
180,5/21/2025 23:09,14,-30.84,7.38
181,5/22/2025 0:09,13.81,-29.49,7.35
182,5/22/2025 1:09,13.62,-28.64,7.34
183,5/22/2025 2:09,13.47,-28.25,7.33
184,5/22/2025 3:09,13.35,-28.11,7.33
185,5/22/2025 4:09,13.23,-27.86,7.33
186,5/22/2025 5:09,13.16,-28.14,7.33
187,5/22/2025 6:09,13.11,-29.78,7.36
188,5/22/2025 7:09,13.09,-36.63,7.48
189,5/22/2025 8:09,13.09,-45.92,7.65
190,5/22/2025 9:09,13.26,-70.5,8.1
191,5/22/2025 10:09,13.67,-103.72,8.69
192,5/22/2025 10:19,13.09,-87.91,8.41
193,5/22/2025 11:19,14.29,-128,9.13
194,5/22/2025 12:19,15.01,-137.75,9.3
195,5/22/2025 13:19,15.17,-142.5,9.38
196,5/22/2025 14:19,15.29,-141.29,9.36
197,5/22/2025 15:19,15.41,-143.33,9.39
198,5/22/2025 16:19,15.89,-143.6,9.39
199,5/22/2025 17:19,15.87,-134.96,9.24
200,5/22/2025 18:19,15.41,-118.63,8.95
201,5/22/2025 19:19,14.98,-92.49,8.48
202,5/22/2025 20:19,14.67,-57.03,7.85
203,5/22/2025 21:19,14.41,-39.33,7.53
204,5/22/2025 22:19,14.17,-32.66,7.41
205,5/22/2025 23:19,13.98,-29.56,7.35
206,5/23/2025 0:19,13.83,-28.94,7.34
207,5/23/2025 1:19,13.79,-27.78,7.32
208,5/23/2025 2:19,13.76,-27.64,7.32
209,5/23/2025 3:19,13.71,-27.55,7.32
210,5/23/2025 4:19,13.69,-27.45,7.32
211,5/23/2025 5:19,13.67,-27.34,7.32
212,5/23/2025 6:19,13.64,-30.05,7.36
213,5/23/2025 7:19,13.67,-43.81,7.61
214,5/23/2025 8:19,13.71,-72.91,8.14
215,5/23/2025 9:19,13.86,-97.03,8.57
216,5/23/2025 10:19,14.17,-127.69,9.12
217,5/23/2025 11:19,14.53,-139.11,9.32
218,5/23/2025 12:19,14.98,-150.04,9.52
219,5/23/2025 13:19,15.39,-155.33,9.61
220,5/23/2025 14:19,15.84,-156.94,9.63
221,5/23/2025 15:19,16.2,-157.6,9.64
222,5/23/2025 16:19,16.06,-151.44,9.53
223,5/23/2025 17:19,15.89,-144.91,9.42
224,5/23/2025 18:19,15.63,-133.89,9.22
225,5/23/2025 19:19,15.39,-113.71,8.86
226,5/23/2025 20:19,15.13,-71.72,8.11
227,5/23/2025 21:19,14.86,-41.02,7.56
228,5/23/2025 22:19,14.62,-32.2,7.4
229,5/23/2025 23:19,14.41,-28.69,7.34
230,5/24/2025 0:19,14.24,-27.66,7.32
231,5/24/2025 1:19,14.1,-26.8,7.31
232,5/24/2025 2:19,14,-26.08,7.29
233,5/24/2025 3:19,13.91,-26.09,7.29
234,5/24/2025 4:19,13.79,-25.91,7.29
235,5/24/2025 5:19,13.69,-25.22,7.28
236,5/24/2025 6:19,13.62,-29.2,7.35
237,5/24/2025 7:19,13.59,-38.3,7.51
238,5/24/2025 8:19,13.64,-48.86,7.7
239,5/24/2025 9:19,13.83,-60.95,7.92
240,5/24/2025 10:19,14.24,-80.16,8.27
241,5/24/2025 11:19,14.86,-111.91,8.83
242,5/24/2025 12:19,15.53,-133.96,9.22
243,5/24/2025 13:19,16.42,-147.32,9.46
244,5/24/2025 14:19,16.96,-149.68,9.49
245,5/24/2025 15:19,17.44,-150.36,9.5
246,5/24/2025 16:19,17.51,-137.22,9.27
247,5/24/2025 17:19,17.3,-119.82,8.96
248,5/24/2025 18:19,16.94,-98.47,8.58
249,5/24/2025 19:19,16.51,-64.49,7.98
250,5/24/2025 20:19,16.13,-46.55,7.66
251,5/24/2025 21:19,15.8,-34.72,7.45
252,5/24/2025 22:19,15.49,-29.66,7.35
253,5/24/2025 23:19,15.22,-27.67,7.32
254,5/25/2025 0:19,15.01,-26.55,7.3
255,5/25/2025 1:19,14.79,-26.36,7.3
256,5/25/2025 2:19,14.6,-25.84,7.29
257,5/25/2025 3:19,14.46,-26.39,7.3
258,5/25/2025 4:19,14.34,-26.14,7.29
259,5/25/2025 5:19,14.27,-25.77,7.29
260,5/25/2025 6:19,14.17,-31.91,7.4
261,5/25/2025 7:19,14.19,-42.83,7.59
262,5/25/2025 8:19,14.27,-59.85,7.9
263,5/25/2025 9:19,14.41,-70.72,8.09
264,5/25/2025 10:19,14.67,-109.75,8.8
265,5/25/2025 11:19,15.08,-126.82,9.1
266,5/25/2025 12:19,15.6,-139.99,9.33
267,5/25/2025 13:19,16.15,-147.07,9.45
268,5/25/2025 14:19,16.68,-152.07,9.54
269,5/25/2025 15:19,16.94,-151.57,9.53
270,5/25/2025 16:19,16.8,-141.91,9.36
271,5/25/2025 17:19,16.53,-133.86,9.21
272,5/25/2025 18:19,16.2,-114.11,8.86
273,5/25/2025 19:19,15.91,-66.8,8.02
274,5/25/2025 20:19,15.65,-41.69,7.57
275,5/25/2025 21:19,15.41,-32.13,7.4
276,5/25/2025 22:19,15.25,-28.99,7.34
277,5/25/2025 23:19,15.1,-27,7.31
278,5/26/2025 0:19,15.03,-26.45,7.3
279,5/26/2025 1:19,14.96,-26.09,7.29
280,5/26/2025 2:19,14.91,-25.39,7.28
281,5/26/2025 3:19,14.86,-25.99,7.29
282,5/26/2025 4:19,14.82,-25.5,7.28
283,5/26/2025 5:19,14.77,-25.24,7.28
284,5/26/2025 6:19,14.72,-26.02,7.29
285,5/26/2025 7:19,14.7,-32.52,7.41
286,5/26/2025 8:19,14.79,-49.8,7.72
287,5/26/2025 9:19,14.89,-57.81,7.86
288,5/26/2025 10:19,15.25,-101.47,8.64
289,5/26/2025 11:19,15.44,-118.97,8.96
290,5/26/2025 12:19,15.89,-130.24,9.15
291,5/26/2025 13:19,15.7,-124.99,9.06
292,5/26/2025 14:19,15.7,-127.25,9.1
293,5/26/2025 15:19,15.84,-134.24,9.23
294,5/26/2025 16:19,15.99,-137.91,9.29
295,5/26/2025 17:19,16.01,-131.91,9.18
296,5/26/2025 18:19,15.89,-118.41,8.94
297,5/26/2025 19:19,15.7,-88.1,8.4
298,5/26/2025 20:19,15.46,-52.2,7.76
299,5/26/2025 21:19,15.22,-36.58,7.48
300,5/26/2025 22:19,15.03,-30.97,7.38
301,5/26/2025 23:19,14.89,-28.44,7.33
302,5/27/2025 0:19,14.77,-27.92,7.32
303,5/27/2025 1:19,14.67,-26.74,7.3
304,5/27/2025 2:19,14.62,-26.88,7.31
305,5/27/2025 3:19,14.58,-26.53,7.3
306,5/27/2025 4:19,14.53,-25.97,7.29
307,5/27/2025 5:19,14.51,-26.08,7.29
308,5/27/2025 6:19,14.48,-28.19,7.33
309,5/27/2025 7:19,14.51,-36.74,7.48
310,5/27/2025 8:19,14.58,-50.35,7.73
311,5/27/2025 9:19,14.72,-73.8,8.15
312,5/27/2025 10:19,14.98,-94.28,8.52
313,5/27/2025 11:19,15.51,-109.96,8.79
314,5/27/2025 12:19,15.99,-121.91,9
315,5/27/2025 13:19,16.94,-139.52,9.31
316,5/27/2025 14:19,17.61,-140.49,9.32
317,5/27/2025 15:19,18.01,-139.44,9.3
318,5/27/2025 16:19,18.03,-123.05,9.01
319,5/27/2025 17:19,17.77,-97.83,8.56
320,5/27/2025 18:19,17.39,-70.83,8.09
321,5/27/2025 19:19,17.01,-51.17,7.74
322,5/27/2025 20:19,16.65,-40.11,7.54
323,5/27/2025 21:19,16.34,-32.34,7.4
324,5/27/2025 22:19,16.01,-28.2,7.33
325,5/27/2025 23:19,15.72,-26.13,7.29
326,5/28/2025 0:19,15.49,-26.11,7.29
327,5/28/2025 1:19,15.29,-25.28,7.28
328,5/28/2025 2:19,15.13,-25.05,7.27
329,5/28/2025 3:19,14.96,-25.11,7.27
330,5/28/2025 4:19,14.79,-24.3,7.26
331,5/28/2025 5:19,14.65,-24.74,7.27
332,5/28/2025 6:19,14.53,-26.17,7.29
333,5/28/2025 7:19,14.43,-29.66,7.36
334,5/28/2025 8:19,14.46,-34.44,7.44
335,5/28/2025 9:19,14.65,-41.2,7.56
336,5/28/2025 10:19,15.1,-51.72,7.75
337,5/28/2025 11:45,16.08,-83.11,8.31
338,5/28/2025 12:45,16.92,-102.6,8.65
339,5/28/2025 13:45,17.75,-118.94,8.94
340,5/28/2025 14:45,18.06,-128.08,9.1
341,5/28/2025 15:45,18.03,-126.52,9.07
342,5/28/2025 16:45,17.91,-116.97,8.9
343,5/28/2025 17:45,17.63,-106.8,8.72
344,5/28/2025 18:45,17.3,-89.52,8.42
345,5/28/2025 19:45,16.96,-57.27,7.85
346,5/28/2025 20:45,16.58,-42.03,7.57
347,5/28/2025 21:45,16.22,-33.7,7.43
348,5/28/2025 22:45,15.91,-30.72,7.37
349,5/28/2025 23:45,15.72,-29.25,7.35
350,5/29/2025 0:45,15.6,-28.7,7.34
351,5/29/2025 1:45,15.56,-28.78,7.34
352,5/29/2025 2:45,15.56,-28.44,7.33
353,5/29/2025 3:45,15.51,-28.3,7.33
354,5/29/2025 4:45,15.51,-28.22,7.33
355,5/29/2025 5:45,15.51,-28.02,7.33
356,5/29/2025 6:45,15.49,-29.74,7.36
357,5/29/2025 7:45,15.51,-35.22,7.45
358,5/29/2025 8:45,15.58,-46.56,7.66
359,5/29/2025 9:45,15.72,-63.27,7.96
360,5/29/2025 10:45,16.06,-84.11,8.33
361,5/29/2025 11:45,16.53,-93.85,8.5
362,5/29/2025 12:45,17.2,-103,8.66
363,5/29/2025 13:45,17.72,-115.94,8.89
364,5/29/2025 14:45,18.22,-125.27,9.05
365,5/29/2025 15:45,18.56,-122.8,9
366,5/29/2025 16:45,18.34,-106.07,8.71
367,5/29/2025 17:45,17.99,-83.47,8.31
368,5/29/2025 18:45,17.53,-61.33,7.92
369,5/29/2025 19:45,17.11,-47.75,7.68
370,5/29/2025 20:45,16.77,-39.64,7.53
371,5/29/2025 21:45,16.46,-33.59,7.42
372,5/29/2025 22:45,16.2,-30.74,7.37
373,5/29/2025 23:45,15.99,-29.84,7.36
374,5/30/2025 0:45,15.84,-29.08,7.34
375,5/30/2025 1:45,15.75,-29.22,7.35
376,5/30/2025 2:45,15.65,-28.67,7.34
377,5/30/2025 3:45,15.6,-28.16,7.33
378,5/30/2025 4:45,15.56,-28.14,7.33
379,5/30/2025 5:45,15.51,-28.11,7.33
380,5/30/2025 6:45,15.49,-32.44,7.4
381,5/30/2025 7:45,15.53,-40.92,7.56
382,5/30/2025 8:45,15.68,-56.94,7.84
383,5/30/2025 9:45,15.84,-64.53,7.98
384,5/30/2025 10:45,16.2,-92.77,8.48
385,5/30/2025 11:45,16.51,-101.61,8.64
386,5/30/2025 12:45,17.08,-119.1,8.95
387,5/30/2025 13:45,17.8,-132.49,9.18
388,5/30/2025 14:45,18.49,-127.72,9.09
389,5/30/2025 15:45,18.53,-126.63,9.07
390,5/30/2025 16:45,18.58,-109.91,8.77
391,5/30/2025 17:45,18.34,-87.63,8.38
392,5/30/2025 18:45,18.01,-69.49,8.06
393,5/30/2025 19:45,17.7,-53.69,7.78
394,5/30/2025 20:45,17.46,-42.7,7.58
395,5/30/2025 21:45,17.2,-33.88,7.43
396,5/30/2025 22:45,16.96,-30.11,7.36
397,5/30/2025 23:45,16.75,-28.28,7.33
398,5/31/2025 0:45,16.56,-28.17,7.33
399,5/31/2025 1:45,16.44,-27.59,7.32
400,5/31/2025 2:45,16.34,-27.72,7.32
401,5/31/2025 3:45,16.3,-27.58,7.32
402,5/31/2025 4:45,16.22,-27.47,7.31
403,5/31/2025 5:45,16.18,-28.2,7.33
404,5/31/2025 6:45,16.13,-29.75,7.36
405,5/31/2025 7:45,16.08,-32.92,7.41
406,5/31/2025 8:45,16.08,-37.05,7.49
407,5/31/2025 9:45,16.11,-45.56,7.64
408,5/31/2025 10:45,16.15,-54.42,7.8
409,5/31/2025 11:45,16.15,-50.95,7.73
410,5/31/2025 12:45,16.37,-67.78,8.04
411,5/31/2025 13:45,17.18,-101.92,8.64
412,5/31/2025 14:45,17.58,-112.47,8.83
413,5/31/2025 15:45,17.61,-110.25,8.79
414,5/31/2025 16:45,17.61,-106.1,8.71
415,5/31/2025 17:45,17.61,-96.8,8.55
416,5/31/2025 18:45,17.34,-76.81,8.19
417,5/31/2025 19:45,17.15,-53.11,7.77
418,5/31/2025 20:45,16.94,-42.31,7.58
419,5/31/2025 21:45,16.7,-34.14,7.43
420,5/31/2025 22:45,16.51,-30.95,7.38
421,5/31/2025 23:45,16.3,-29.55,7.35
422,6/1/2025 0:45,16.08,-29.19,7.35
423,6/1/2025 1:45,15.91,-28.86,7.34
424,6/1/2025 2:45,15.75,-28.39,7.33
425,6/1/2025 3:45,15.63,-28.16,7.33
426,6/1/2025 4:45,15.53,-28.59,7.34
427,6/1/2025 5:45,15.49,-28.36,7.33
428,6/1/2025 6:45,15.51,-31.3,7.38
429,6/1/2025 7:45,15.58,-39.89,7.54
430,6/1/2025 8:45,15.68,-49.16,7.7
431,6/1/2025 9:45,15.89,-59.64,7.89
432,6/1/2025 10:45,16.32,-73.94,8.15
433,6/1/2025 11:45,16.92,-93.49,8.49
434,6/1/2025 12:45,17.44,-100.75,8.62
435,6/1/2025 13:45,18.32,-115.61,8.88
436,6/1/2025 14:45,18.87,-123.29,9.01
437,6/1/2025 15:45,19.01,-119.38,8.94
438,6/1/2025 16:45,18.87,-106.21,8.71
439,6/1/2025 17:45,18.56,-90.03,8.42
440,6/1/2025 18:45,18.03,-62.05,7.93
441,6/1/2025 19:45,17.65,-48.42,7.69
442,6/1/2025 20:45,17.27,-40.25,7.54
443,6/1/2025 21:45,16.96,-34.5,7.44
444,6/1/2025 22:45,16.65,-31.58,7.39
445,6/1/2025 23:45,16.39,-30.34,7.37
446,6/2/2025 0:45,16.2,-29.97,7.36
447,6/2/2025 1:45,16.01,-29.13,7.34
448,6/2/2025 2:45,15.89,-29.06,7.34
449,6/2/2025 3:45,15.77,-29.25,7.35
450,6/2/2025 4:45,15.65,-28.89,7.34
451,6/2/2025 5:45,15.53,-28.52,7.33
452,6/2/2025 6:45,15.46,-32.09,7.4
453,6/2/2025 7:45,15.44,-36.08,7.47
454,6/2/2025 8:45,15.46,-42.6,7.59
455,6/2/2025 9:45,15.65,-51.99,7.75
456,6/2/2025 10:45,16.06,-65.6,8
457,6/2/2025 11:45,16.63,-84.33,8.33
458,6/2/2025 12:45,17.34,-100.11,8.61
459,6/2/2025 13:45,18.06,-114.44,8.86
460,6/2/2025 14:45,18.51,-115.64,8.88
461,6/2/2025 15:45,18.68,-115.27,8.87
462,6/2/2025 16:45,18.51,-105.82,8.7
463,6/2/2025 17:45,18.18,-90.86,8.44
464,6/2/2025 18:45,17.8,-68.08,8.04
465,6/2/2025 19:45,17.42,-51.83,7.75
466,6/2/2025 20:45,17.06,-42.41,7.58
467,6/2/2025 21:45,16.7,-35.52,7.46
468,6/2/2025 22:45,16.34,-32.64,7.41
469,6/2/2025 23:45,16.03,-31.25,7.38
470,6/3/2025 0:45,15.77,-30.81,7.38
471,6/3/2025 1:45,15.53,-30.44,7.37
472,6/3/2025 2:45,15.32,-30.09,7.36
473,6/3/2025 3:45,15.13,-29.92,7.36
474,6/3/2025 4:45,14.96,-29.67,7.36
475,6/3/2025 5:45,14.82,-29.92,7.36
476,6/3/2025 6:45,14.67,-32.03,7.4
477,6/3/2025 7:45,14.6,-36.44,7.48
478,6/3/2025 8:45,14.67,-42.33,7.58
479,6/3/2025 9:45,14.94,-51.66,7.75
480,6/3/2025 10:45,15.41,-64.38,7.98
481,6/3/2025 11:45,16.03,-80.14,8.26
482,6/3/2025 12:45,16.82,-94.67,8.51
483,6/3/2025 13:45,17.58,-104.78,8.69
484,6/3/2025 14:45,18.08,-111.83,8.81
485,6/3/2025 15:45,18.3,-111.16,8.8
486,6/3/2025 16:45,18.18,-102.11,8.64
487,6/3/2025 17:45,17.8,-86.82,8.37
488,6/3/2025 18:45,17.44,-65.63,7.99
489,6/3/2025 19:45,17.15,-51.64,7.74
490,6/3/2025 20:45,16.84,-42.75,7.59
491,6/3/2025 21:45,16.51,-35.75,7.46
492,6/3/2025 22:45,16.22,-32.53,7.41
493,6/3/2025 23:45,15.99,-32.19,7.4
494,6/4/2025 0:45,15.75,-31.3,7.38
495,6/4/2025 1:45,15.58,-30.95,7.38
496,6/4/2025 2:45,15.44,-30.74,7.37
497,6/4/2025 3:45,15.27,-31.3,7.38
498,6/4/2025 4:45,15.2,-30.56,7.37
499,6/4/2025 5:45,15.17,-30.81,7.38
500,6/4/2025 6:45,15.15,-34.53,7.44
501,6/4/2025 7:45,15.17,-41.05,7.56
502,6/4/2025 8:45,15.25,-50.19,7.72
503,6/4/2025 9:45,15.46,-59.35,7.89
504,6/4/2025 10:45,15.94,-74.41,8.16
505,6/4/2025 11:45,16.51,-87.71,8.39
506,6/4/2025 12:45,17.11,-100.64,8.62
507,6/4/2025 13:45,17.39,-107.53,8.74
508,6/4/2025 14:45,17.68,-112.11,8.82
509,6/4/2025 15:45,17.96,-109.63,8.77
510,6/4/2025 16:45,17.8,-103.03,8.66
511,6/4/2025 17:45,17.58,-88.38,8.4
512,6/4/2025 18:45,17.34,-70.19,8.07
513,6/4/2025 19:45,17.11,-53.45,7.78
514,6/4/2025 20:45,16.94,-43.72,7.6
515,6/4/2025 21:45,16.75,-35.97,7.47
516,6/4/2025 22:45,16.56,-33.05,7.41
517,6/4/2025 23:45,16.39,-31.31,7.38
518,6/5/2025 0:45,16.22,-30.44,7.37
519,6/5/2025 1:45,16.08,-30.8,7.37
520,6/5/2025 2:45,15.91,-30.41,7.37
521,6/5/2025 3:45,15.77,-30.47,7.37
522,6/5/2025 4:45,15.63,-30.08,7.36
523,6/5/2025 5:45,15.49,-30.14,7.36
524,6/5/2025 6:45,15.37,-32.45,7.41
525,6/5/2025 7:45,15.32,-35.55,7.46
526,6/5/2025 8:45,15.44,-41.27,7.56
527,6/5/2025 9:45,15.72,-50.19,7.72
528,6/5/2025 10:45,16.25,-60.28,7.9
529,6/5/2025 11:45,16.96,-74.63,8.15
530,6/5/2025 12:45,17.8,-89.02,8.41
531,6/5/2025 13:45,18.65,-105.49,8.7
532,6/5/2025 14:45,19.22,-111.44,8.8
533,6/5/2025 15:45,19.48,-110.74,8.78
534,6/5/2025 16:45,19.34,-96.03,8.52
535,6/5/2025 17:45,19.06,-76.8,8.19
536,6/5/2025 18:45,18.72,-68.05,8.03
537,6/5/2025 19:45,18.39,-56.86,7.83
538,6/5/2025 20:45,18.08,-43.25,7.59
539,6/5/2025 21:45,17.77,-35.28,7.45
540,6/5/2025 22:45,17.49,-31.88,7.39
541,6/5/2025 23:45,17.22,-30.25,7.36
542,6/6/2025 0:45,17.03,-29.7,7.35
543,6/6/2025 1:45,16.84,-29.08,7.34
544,6/6/2025 2:45,16.68,-29.16,7.34
545,6/6/2025 3:45,16.53,-29.02,7.34
546,6/6/2025 4:45,16.37,-29.03,7.34
547,6/6/2025 5:45,16.25,-29.66,7.35
548,6/6/2025 6:45,16.18,-33.92,7.43
549,6/6/2025 7:45,16.18,-40.27,7.54
550,6/6/2025 8:45,16.25,-48.02,7.68
551,6/6/2025 9:45,16.46,-58.03,7.86
552,6/6/2025 10:45,16.94,-69.66,8.07
553,6/6/2025 11:45,17.56,-85.99,8.35
554,6/6/2025 12:45,18.3,-99.55,8.59
555,6/6/2025 13:45,19.15,-113.6,8.84
556,6/6/2025 14:45,19.75,-116.3,8.88
557,6/6/2025 15:45,20.08,-116.66,8.88
558,6/6/2025 16:45,19.84,-104.53,8.67
559,6/6/2025 17:45,19.56,-91.3,8.44
560,6/6/2025 18:45,19.22,-71.11,8.08
561,6/6/2025 19:45,18.77,-53.49,7.77
562,6/6/2025 20:45,18.41,-42.81,7.58
563,6/6/2025 21:45,18.1,-35.2,7.45
564,6/6/2025 22:45,17.87,-31.91,7.39
565,6/6/2025 23:45,17.65,-30.41,7.37
566,6/7/2025 0:45,17.49,-29.31,7.35
567,6/7/2025 1:45,17.3,-28.92,7.34
568,6/7/2025 2:45,17.13,-28.67,7.34
569,6/7/2025 3:45,16.94,-28.49,7.33
570,6/7/2025 4:45,16.75,-28.22,7.33
571,6/7/2025 5:45,16.56,-28.52,7.33
572,6/7/2025 6:45,16.42,-30.91,7.38
573,6/7/2025 7:45,16.3,-34.05,7.43
574,6/7/2025 8:45,16.37,-40.28,7.54
575,6/7/2025 9:45,16.58,-47.2,7.67
576,6/7/2025 10:45,17.08,-57.35,7.85
577,6/7/2025 11:45,17.75,-71.19,8.09
578,6/7/2025 12:45,18.6,-85.08,8.33
579,6/7/2025 13:45,19.53,-107.3,8.72
580,6/7/2025 14:45,20.13,-110.47,8.77
581,6/7/2025 15:45,20.48,-110.8,8.78
582,6/7/2025 16:45,20.27,-86.64,8.35
583,6/7/2025 17:45,19.94,-70.28,8.07
584,6/7/2025 18:45,19.53,-55.52,7.81
585,6/7/2025 19:45,19.13,-45.53,7.63
586,6/7/2025 20:45,18.75,-39.16,7.52
587,6/7/2025 21:45,18.37,-33.58,7.42
588,6/7/2025 22:45,18.03,-31.03,7.38
589,6/7/2025 23:45,17.7,-30,7.36
590,6/8/2025 0:45,17.44,-29.59,7.35
591,6/8/2025 1:45,17.22,-28.81,7.34
592,6/8/2025 2:45,17.03,-28.97,7.34
593,6/8/2025 3:45,16.87,-29.05,7.34
594,6/8/2025 4:45,16.68,-28.5,7.33
595,6/8/2025 5:45,16.49,-28.74,7.34
596,6/8/2025 6:45,16.34,-31.22,7.38
597,6/8/2025 7:45,16.3,-33.74,7.43
598,6/8/2025 8:45,16.42,-38.88,7.52
599,6/8/2025 9:45,16.72,-45.61,7.64
600,6/8/2025 10:45,17.32,-54.25,7.79
601,6/8/2025 11:45,18.08,-68.21,8.04
602,6/8/2025 12:45,19.01,-80.67,8.25
603,6/8/2025 13:45,19.98,-100.35,8.6
604,6/8/2025 14:45,20.67,-106.83,8.71
605,6/8/2025 15:45,21.08,-108.55,8.74
606,6/8/2025 16:45,20.94,-84.17,8.31
607,6/8/2025 17:45,20.63,-69.28,8.05
608,6/8/2025 18:45,20.22,-55.69,7.81
609,6/8/2025 19:45,19.84,-45.81,7.63
610,6/8/2025 20:45,19.48,-38.31,7.5
611,6/8/2025 21:45,19.13,-32.69,7.4
612,6/8/2025 22:45,18.82,-29.7,7.35
613,6/8/2025 23:45,18.58,-28.94,7.34
614,6/9/2025 0:45,18.39,-28.25,7.33
615,6/9/2025 1:45,18.22,-28.3,7.33
616,6/9/2025 2:45,18.06,-28.56,7.33
617,6/9/2025 3:45,17.87,-28.13,7.32
618,6/9/2025 4:45,17.7,-27.86,7.32
619,6/9/2025 5:45,17.49,-28.34,7.33
620,6/9/2025 6:45,17.32,-30.53,7.37
621,6/9/2025 7:45,17.22,-33.22,7.42
622,6/9/2025 8:45,17.27,-38.27,7.51
623,6/9/2025 9:45,17.49,-45.7,7.64
624,6/9/2025 10:45,17.99,-55.7,7.81
625,6/9/2025 11:45,18.65,-68.31,8.04
626,6/9/2025 12:45,19.46,-79.38,8.23
627,6/9/2025 13:45,20.32,-97.63,8.55
628,6/9/2025 14:45,20.91,-100.35,8.59
629,6/9/2025 15:45,21.2,-98.77,8.56
630,6/9/2025 16:45,20.94,-81.17,8.25
631,6/9/2025 17:45,20.56,-67.72,8.02
632,6/9/2025 18:45,20.1,-56.03,7.81
633,6/9/2025 19:45,19.67,-46.99,7.66
634,6/9/2025 20:45,19.27,-40.56,7.54
635,6/9/2025 21:45,18.87,-35.63,7.46
636,6/9/2025 22:45,18.44,-32.14,7.4
637,6/9/2025 23:45,18.06,-31.34,7.38
638,6/10/2025 0:45,17.72,-30.64,7.37
639,6/10/2025 1:45,17.44,-30.52,7.37
640,6/10/2025 2:45,17.18,-29.97,7.36
641,6/10/2025 3:45,16.94,-29.63,7.35
642,6/10/2025 4:45,16.7,-29.55,7.35
643,6/10/2025 5:45,16.46,-28.81,7.34
644,6/10/2025 6:45,16.25,-32.14,7.4
645,6/10/2025 7:45,16.11,-34.38,7.44
646,6/10/2025 8:45,16.13,-40.38,7.55
647,6/10/2025 9:45,16.3,-46.1,7.65
648,6/10/2025 10:45,16.72,-54.69,7.8
649,6/10/2025 11:45,17.32,-65.35,7.99
650,6/10/2025 12:45,18.06,-84.71,8.33
651,6/10/2025 13:45,18.77,-90.55,8.43
652,6/10/2025 14:45,19.17,-94.69,8.5
653,6/10/2025 15:45,19.53,-95.71,8.52
654,6/10/2025 16:45,19.32,-87.71,8.38
655,6/10/2025 17:45,18.96,-71.89,8.1
656,6/10/2025 18:45,18.6,-59.81,7.89
657,6/10/2025 19:45,18.2,-49.19,7.7
658,6/10/2025 20:45,17.87,-42.95,7.59
659,6/10/2025 21:45,17.51,-37.49,7.49
660,6/10/2025 22:45,17.15,-34.31,7.44
661,6/10/2025 23:45,16.84,-32.92,7.41
662,6/11/2025 0:45,16.58,-32.06,7.4
663,6/11/2025 1:45,16.34,-31.5,7.39
664,6/11/2025 2:45,16.11,-31.55,7.39
665,6/11/2025 3:45,15.87,-30.49,7.37
666,6/11/2025 4:45,15.65,-31.34,7.38
667,6/11/2025 5:45,15.46,-31.5,7.39
668,6/11/2025 6:45,15.32,-34.05,7.43
669,6/11/2025 7:45,15.25,-37.64,7.5
670,6/11/2025 8:45,15.32,-42.5,7.59
671,6/11/2025 9:45,15.58,-48.55,7.69
672,6/11/2025 10:45,16.11,-65.38,7.99
673,6/11/2025 11:45,16.61,-74.66,8.16
674,6/11/2025 12:45,17.25,-86.17,8.36
675,6/11/2025 13:45,18.03,-89.8,8.42
676,6/11/2025 14:45,18.44,-94.08,8.49
677,6/11/2025 15:45,18.65,-95.78,8.52
678,6/11/2025 16:45,18.58,-94.64,8.5
679,6/11/2025 17:45,18.44,-89.69,8.42
680,6/11/2025 18:45,18.27,-76.1,8.18
681,6/11/2025 19:45,18.01,-60.25,7.9
682,6/11/2025 20:45,17.72,-48.3,7.68
683,6/11/2025 21:45,17.42,-40.34,7.54
684,6/11/2025 22:45,17.13,-36.33,7.47
685,6/11/2025 23:45,16.89,-34.33,7.44
686,6/12/2025 0:45,16.72,-33.5,7.42
687,6/12/2025 1:45,16.63,-32.92,7.41
688,6/12/2025 2:45,16.51,-32.97,7.41
689,6/12/2025 3:45,16.42,-32.3,7.4
690,6/12/2025 4:45,16.34,-32.45,7.4
691,6/12/2025 5:45,16.3,-33.27,7.42
692,6/12/2025 6:45,16.25,-36.38,7.47
693,6/12/2025 7:45,16.27,-39.56,7.53
694,6/12/2025 8:45,16.3,-44.49,7.62
695,6/12/2025 9:45,16.34,-49.22,7.7
696,6/12/2025 10:45,16.49,-62.69,7.94
697,6/12/2025 11:45,16.82,-73.71,8.14
698,6/12/2025 12:45,17.11,-79.56,8.24
699,6/12/2025 13:45,17.53,-83.36,8.31
700,6/12/2025 14:45,17.87,-84.72,8.33
701,6/12/2025 15:45,18.08,-83.91,8.32
702,6/12/2025 16:45,18.15,-79.86,8.24
703,6/12/2025 17:45,18.39,-76.49,8.18
704,6/12/2025 18:45,18.44,-67.27,8.02
705,6/12/2025 19:45,18.22,-54.44,7.79
706,6/12/2025 20:45,17.91,-45.35,7.63
707,6/12/2025 21:45,17.68,-38.7,7.51
708,6/12/2025 22:45,17.53,-35.38,7.45
709,6/12/2025 23:45,17.42,-34.28,7.43
710,6/13/2025 0:45,17.32,-32.45,7.4
711,6/13/2025 1:45,17.22,-32.25,7.4
712,6/13/2025 2:45,17.15,-32.31,7.4
713,6/13/2025 3:45,17.11,-32.22,7.4
714,6/13/2025 4:45,17.08,-31.69,7.39
715,6/13/2025 5:45,17.08,-32.2,7.4
716,6/13/2025 6:45,17.11,-35.06,7.45
717,6/13/2025 7:45,17.15,-40.17,7.54
718,6/13/2025 8:45,17.25,-50.52,7.72
719,6/13/2025 9:45,17.46,-62.3,7.93
720,6/13/2025 10:45,17.75,-67.06,8.02
721,6/13/2025 11:45,17.96,-73.25,8.13
722,6/13/2025 12:45,18.22,-69.55,8.06
723,6/13/2025 13:45,18.6,-73,8.12
724,6/13/2025 14:45,18.75,-64.52,7.97
725,6/13/2025 15:45,18.63,-66.8,8.01
726,6/13/2025 16:45,18.41,-55.91,7.82
727,6/13/2025 17:45,18.51,-60.78,7.9
728,6/13/2025 18:45,18.53,-55.95,7.82
729,6/13/2025 19:45,18.44,-50.74,7.73
730,6/13/2025 20:45,18.39,-44.52,7.61
731,6/13/2025 21:45,18.25,-39.19,7.52
732,6/13/2025 22:45,18.03,-35.86,7.46
733,6/13/2025 23:45,17.87,-34.27,7.43
734,6/14/2025 0:45,17.7,-33.34,7.42
735,6/14/2025 1:45,17.56,-32.78,7.41
736,6/14/2025 2:45,17.42,-32.3,7.4
737,6/14/2025 3:45,17.32,-32.05,7.4
738,6/14/2025 4:45,17.27,-32.33,7.4
739,6/14/2025 5:45,17.22,-32.27,7.4
740,6/14/2025 6:45,17.15,-34.5,7.44
741,6/14/2025 7:45,17.18,-39.2,7.52
742,6/14/2025 8:45,17.3,-47.64,7.67
743,6/14/2025 9:45,17.49,-46.86,7.66
744,6/14/2025 10:45,17.94,-51.41,7.74
745,6/14/2025 11:45,18.65,-60.49,7.9
746,6/14/2025 12:45,19.34,-68.52,8.04
747,6/14/2025 13:45,19.2,-63.41,7.95
748,6/14/2025 14:45,18.96,-62.1,7.93
749,6/14/2025 15:45,19.01,-62.92,7.94
750,6/14/2025 16:45,19.06,-65.71,7.99
751,6/14/2025 17:45,18.98,-57.08,7.84
752,6/14/2025 18:45,18.87,-51.92,7.75
753,6/14/2025 19:45,18.68,-46.8,7.65
754,6/14/2025 20:45,18.44,-41.16,7.56
755,6/14/2025 21:45,18.2,-37.34,7.49
756,6/14/2025 22:45,18.01,-35.41,7.45
757,6/14/2025 23:45,17.82,-33.03,7.41
758,6/15/2025 0:45,17.68,-34.13,7.43
759,6/15/2025 1:45,17.53,-33.14,7.41
760,6/15/2025 2:45,17.42,-32.78,7.41
761,6/15/2025 3:45,17.27,-32.55,7.4
762,6/15/2025 4:45,17.22,-32.94,7.41
763,6/15/2025 5:45,17.2,-32.44,7.4
764,6/15/2025 6:45,17.15,-34.58,7.44
765,6/15/2025 7:45,17.15,-38.3,7.51
766,6/15/2025 8:45,17.22,-42.33,7.58
767,6/15/2025 9:45,17.46,-45.49,7.63
768,6/15/2025 10:45,17.96,-51.22,7.74
769,6/15/2025 11:45,18.63,-57.72,7.85
770,6/15/2025 12:45,19.15,-64.36,7.96
771,6/15/2025 13:45,20.13,-66.71,8
772,6/15/2025 14:45,20.6,-68.56,8.03
773,6/15/2025 15:45,20.89,-70.03,8.06
774,6/15/2025 16:45,20.86,-58.91,7.86
775,6/15/2025 17:45,20.6,-53.41,7.77
776,6/15/2025 18:45,20.2,-48.49,7.68
777,6/15/2025 19:45,19.91,-43.6,7.6
778,6/15/2025 20:45,19.53,-39.45,7.52
779,6/15/2025 21:45,19.22,-36.09,7.46
780,6/15/2025 22:45,18.91,-34.61,7.44
781,6/15/2025 23:45,18.63,-33.81,7.42
782,6/16/2025 0:45,18.39,-33.09,7.41
783,6/16/2025 1:45,18.18,-32.69,7.41
784,6/16/2025 2:45,17.99,-32.56,7.4
785,6/16/2025 3:45,17.84,-31.38,7.38
786,6/16/2025 4:45,17.7,-32.44,7.4
787,6/16/2025 5:45,17.58,-32.41,7.4
788,6/16/2025 6:45,17.51,-35.92,7.46
789,6/16/2025 7:45,17.49,-43.44,7.6
790,6/16/2025 8:45,17.61,-49.45,7.7
791,6/16/2025 9:45,17.75,-57.53,7.85
792,6/16/2025 10:45,17.96,-59.78,7.89
793,6/16/2025 11:45,18.25,-68.13,8.03
794,6/16/2025 12:45,18.7,-62,7.92
795,6/16/2025 13:45,19.6,-68.97,8.04
796,6/16/2025 14:45,20.29,-70.03,8.06
797,6/16/2025 15:45,20.48,-66.11,7.99
798,6/16/2025 16:45,20.32,-59.19,7.87
799,6/16/2025 17:45,20.22,-53.67,7.77
800,6/16/2025 18:45,19.84,-48.53,7.68
801,6/16/2025 19:45,19.46,-44.05,7.6
802,6/16/2025 20:45,19.1,-39.75,7.53
803,6/16/2025 21:45,18.77,-36.66,7.47
804,6/16/2025 22:45,18.46,-34.5,7.44
805,6/16/2025 23:45,18.18,-33.52,7.42
806,6/17/2025 0:45,17.99,-32.92,7.41
807,6/17/2025 1:45,17.82,-31.63,7.39
808,6/17/2025 2:45,17.7,-33.27,7.42
809,6/17/2025 3:45,17.58,-32.55,7.4
810,6/17/2025 4:45,17.46,-32.41,7.4
811,6/17/2025 5:45,17.39,-32.88,7.41
812,6/17/2025 6:45,17.34,-34.64,7.44
813,6/17/2025 7:45,17.34,-37,7.48
814,6/17/2025 8:45,17.46,-43.36,7.6
815,6/17/2025 9:45,17.65,-51.56,7.74
816,6/17/2025 10:45,17.89,-58.7,7.87
817,6/17/2025 11:45,18.15,-68.63,8.04
818,6/17/2025 12:45,18.39,-68.49,8.04
819,6/17/2025 13:45,18.49,-74.71,8.15
820,6/17/2025 14:45,18.82,-75.05,8.16
821,6/17/2025 15:45,19.27,-75.85,8.17
822,6/17/2025 16:45,19.37,-74.97,8.15
823,6/17/2025 17:45,19.08,-67.63,8.02
824,6/17/2025 18:45,18.84,-52.88,7.76
825,6/17/2025 19:45,18.68,-47.41,7.67
826,6/17/2025 20:45,18.51,-39.75,7.53
827,6/17/2025 21:45,18.32,-35.78,7.46
828,6/17/2025 22:45,18.2,-33.72,7.42
829,6/17/2025 23:45,18.1,-32.16,7.4
830,6/18/2025 0:45,18.03,-31.25,7.38
831,6/18/2025 1:45,17.99,-30.63,7.37
832,6/18/2025 2:45,17.94,-29.28,7.35
833,6/18/2025 3:45,17.87,-30.16,7.36
834,6/18/2025 4:45,17.8,-29.91,7.36
835,6/18/2025 5:45,17.75,-30.5,7.37
836,6/18/2025 6:45,17.72,-33.92,7.43
837,6/18/2025 7:45,17.75,-38.22,7.5
838,6/18/2025 8:45,17.82,-46.36,7.65
839,6/18/2025 9:45,17.82,-50.85,7.73
840,6/18/2025 10:45,18.08,-51.56,7.74
841,6/18/2025 11:45,18.72,-55.75,7.81
842,6/18/2025 12:45,19.53,-73.72,8.13
843,6/18/2025 13:45,19.6,-77.97,8.2
844,6/18/2025 14:45,19.08,-77.55,8.2
845,6/18/2025 15:45,19.17,-75.55,8.16
846,6/18/2025 16:45,18.91,-65.53,7.99
847,6/18/2025 17:45,18.82,-62.47,7.93
848,6/18/2025 18:45,18.53,-51.63,7.74
849,6/18/2025 19:45,18.32,-45.27,7.63
850,6/18/2025 20:45,18.1,-40.84,7.55
851,6/18/2025 21:45,17.91,-36.42,7.47
852,6/18/2025 22:45,17.75,-33.3,7.42
853,6/18/2025 23:45,17.58,-31.44,7.38
854,6/19/2025 0:45,17.42,-30.2,7.36
855,6/19/2025 1:45,17.3,-30.34,7.36
856,6/19/2025 2:45,17.18,-30.47,7.37
857,6/19/2025 3:45,17.06,-29.77,7.35
858,6/19/2025 4:45,16.94,-30.02,7.36
859,6/19/2025 5:45,16.84,-30.55,7.37
860,6/19/2025 6:45,16.8,-35.06,7.45
861,6/19/2025 7:45,16.94,-42.78,7.59
862,6/19/2025 8:45,17.15,-54.63,7.8
863,6/19/2025 9:45,17.37,-47.58,7.67
864,6/19/2025 10:45,17.8,-57.44,7.85
865,6/19/2025 11:45,18.46,-73.33,8.13
866,6/19/2025 12:45,18.87,-86.86,8.36
867,6/19/2025 13:45,19.17,-95.47,8.52
868,6/19/2025 14:45,19.41,-98.89,8.57
869,6/19/2025 15:45,19.7,-100.61,8.6
870,6/19/2025 16:45,19.65,-93.77,8.48
871,6/19/2025 17:45,19.67,-73.86,8.13
872,6/19/2025 18:45,19.6,-70.35,8.07
873,6/19/2025 19:45,19.32,-52.47,7.75
874,6/19/2025 20:45,18.98,-43.36,7.59
875,6/19/2025 21:45,18.58,-36.55,7.47
876,6/19/2025 22:45,18.22,-32.84,7.41
877,6/19/2025 23:45,17.99,-31.19,7.38
878,6/20/2025 0:45,17.82,-30.63,7.37
879,6/20/2025 1:45,17.68,-29.99,7.36
880,6/20/2025 2:45,17.56,-30.08,7.36
881,6/20/2025 3:45,17.46,-29.14,7.34
882,6/20/2025 4:45,17.34,-29.92,7.36
883,6/20/2025 5:45,17.3,-30.67,7.37
884,6/20/2025 6:45,17.27,-35.5,7.46
885,6/20/2025 7:45,17.3,-53.77,7.78
886,6/20/2025 8:45,17.37,-71.46,8.1
887,6/20/2025 9:45,17.53,-79.25,8.23
888,6/20/2025 10:45,17.91,-77.17,8.2
889,6/20/2025 11:45,18.37,-102.19,8.64
890,6/20/2025 12:45,18.72,-108.32,8.75
891,6/20/2025 13:45,18.89,-109.91,8.77
892,6/20/2025 14:45,19.34,-114.58,8.85
893,6/20/2025 15:45,19.41,-116.19,8.88
894,6/20/2025 16:45,19.48,-95.91,8.52
895,6/20/2025 17:45,19.17,-91.32,8.44
896,6/20/2025 18:45,18.98,-87.58,8.38
897,6/20/2025 19:45,18.79,-62.49,7.93
898,6/20/2025 20:45,18.58,-43.16,7.59
899,6/20/2025 21:45,18.37,-34.61,7.44
900,6/20/2025 22:45,18.15,-30.89,7.37
901,6/20/2025 23:45,18.01,-29.05,7.34
902,6/21/2025 0:45,17.89,-28.34,7.33
903,6/21/2025 1:45,17.75,-26.8,7.3
904,6/21/2025 2:45,17.65,-27.39,7.31
905,6/21/2025 3:45,17.58,-26.58,7.3
906,6/21/2025 4:45,17.53,-26.45,7.3
907,6/21/2025 5:45,17.46,-26.41,7.29
908,6/21/2025 6:45,17.42,-31.58,7.39
909,6/21/2025 7:45,17.44,-37.38,7.49
910,6/21/2025 8:45,17.46,-42.02,7.57
911,6/21/2025 9:45,17.51,-53.8,7.78
912,6/21/2025 10:45,17.63,-77.11,8.2
913,6/21/2025 11:45,17.77,-93.13,8.48
914,6/21/2025 12:45,17.94,-105.47,8.7
915,6/21/2025 13:45,18.03,-101.85,8.63
916,6/21/2025 14:45,18.27,-118.13,8.92
917,6/21/2025 15:45,18.32,-109.69,8.77
918,6/21/2025 16:45,18.32,-116.39,8.89
919,6/21/2025 17:45,18.41,-107.25,8.73
920,6/21/2025 18:45,18.39,-92.83,8.47
921,6/21/2025 19:45,18.3,-88.82,8.4
922,6/21/2025 20:45,18.13,-48.8,7.69
923,6/21/2025 21:45,18.01,-36.08,7.47
924,6/21/2025 22:45,17.89,-31.02,7.38
925,6/21/2025 23:45,17.8,-28.64,7.33
926,6/22/2025 0:45,17.7,-27.94,7.32
927,6/22/2025 1:45,17.65,-27.63,7.32
928,6/22/2025 2:45,17.61,-26.89,7.3
929,6/22/2025 3:45,17.58,-26.69,7.3
930,6/22/2025 4:45,17.56,-26.63,7.3
931,6/22/2025 5:45,17.53,-27.72,7.32
932,6/22/2025 6:45,17.53,-33.55,7.42
933,6/22/2025 7:45,17.61,-52.05,7.75
934,6/22/2025 8:45,17.72,-74.86,8.16
935,6/22/2025 9:45,17.77,-74.3,8.15
936,6/22/2025 10:45,17.82,-90.35,8.43
937,6/22/2025 11:45,17.89,-95.33,8.52
938,6/22/2025 12:45,17.99,-105.41,8.7
939,6/22/2025 13:45,18.01,-97.96,8.57
940,6/22/2025 14:45,17.96,-92.21,8.46
941,6/22/2025 15:45,17.99,-101.27,8.62
942,6/22/2025 16:45,18.08,-107.66,8.74
943,6/22/2025 17:45,18.08,-85.72,8.35
944,6/22/2025 18:45,18.08,-72.88,8.12
945,6/22/2025 19:45,17.99,-46.1,7.64
946,6/22/2025 20:45,17.87,-41.25,7.56
947,6/22/2025 21:45,17.75,-33.22,7.42
948,6/22/2025 22:45,17.58,-29.84,7.36
949,6/22/2025 23:45,17.44,-28.47,7.33
950,6/23/2025 0:45,17.3,-27.64,7.32
951,6/23/2025 1:45,17.22,-27.8,7.32
952,6/23/2025 2:45,17.2,-27.63,7.32
953,6/23/2025 3:45,17.15,-26.75,7.3
954,6/23/2025 4:45,17.15,-27.64,7.32
955,6/23/2025 5:45,17.13,-29.8,7.36
956,6/23/2025 6:45,17.15,-39.45,7.53
957,6/23/2025 7:45,17.22,-54.02,7.79
958,6/23/2025 8:45,17.32,-77.27,8.2
959,6/23/2025 9:45,17.58,-80.99,8.27
960,6/23/2025 10:45,18.03,-94.3,8.5
961,6/23/2025 11:45,18.6,-112.49,8.82
962,6/23/2025 12:45,19.44,-127.19,9.07
963,6/23/2025 13:45,19.96,-134.05,9.19
964,6/23/2025 14:45,20.51,-135.69,9.22
965,6/23/2025 15:45,20.84,-132.97,9.17
966,6/23/2025 16:45,20.7,-115.72,8.86
967,6/23/2025 17:45,20.44,-109.99,8.76
968,6/23/2025 18:45,20.06,-95.41,8.51
969,6/23/2025 19:45,19.7,-67.1,8.01
970,6/23/2025 20:45,19.34,-44.97,7.62
971,6/23/2025 21:45,19.06,-33.92,7.43
972,6/23/2025 22:45,18.77,-29.33,7.34
973,6/23/2025 23:45,18.56,-26.99,7.3
974,6/24/2025 0:45,18.37,-25.8,7.28
975,6/24/2025 1:45,18.18,-25.2,7.27
976,6/24/2025 2:45,18.01,-24.99,7.27
977,6/24/2025 3:45,17.82,-25.03,7.27
978,6/24/2025 4:45,17.65,-25.44,7.28
979,6/24/2025 5:45,17.49,-26.97,7.3
980,6/24/2025 6:45,17.39,-34.31,7.44
981,6/24/2025 7:45,17.34,-41.42,7.56
982,6/24/2025 8:45,17.46,-57.3,7.84
983,6/24/2025 9:45,17.75,-74.5,8.15
984,6/24/2025 10:45,18.22,-103.02,8.65
985,6/24/2025 11:45,18.77,-127.19,9.08
986,6/24/2025 12:45,19.34,-131.61,9.15
987,6/24/2025 13:45,19.63,-135.46,9.22
988,6/24/2025 14:45,19.65,-127.24,9.07
989,6/24/2025 15:45,19.6,-134.41,9.2
990,6/24/2025 16:45,19.53,-125.02,9.04
991,6/24/2025 17:45,19.41,-111.64,8.8
992,6/24/2025 18:45,19.2,-90.17,8.42
993,6/24/2025 19:45,18.96,-48.55,7.69
994,6/24/2025 20:45,18.75,-35.83,7.46
995,6/24/2025 21:45,18.56,-29.52,7.35
996,6/24/2025 22:45,18.37,-26.33,7.29
997,6/24/2025 23:45,18.22,-25.78,7.28
998,6/25/2025 0:45,18.06,-26.06,7.29
999,6/25/2025 1:45,17.94,-25.36,7.28
1000,6/25/2025 2:45,17.87,-25.19,7.27
1001,6/25/2025 3:45,17.77,-25.52,7.28
1002,6/25/2025 4:45,17.72,-24.74,7.26
1003,6/25/2025 5:45,17.7,-26.92,7.3
1004,6/25/2025 6:45,17.7,-37.44,7.49
1005,6/25/2025 7:45,17.72,-62.17,7.93
1006,6/25/2025 8:45,17.8,-72.55,8.11
1007,6/25/2025 9:45,17.87,-100.82,8.62
1008,6/25/2025 10:45,18.01,-111.6,8.81
1009,6/25/2025 11:45,18.15,-117.78,8.92
1010,6/25/2025 12:45,18.39,-141.63,9.34
1011,6/25/2025 13:45,18.79,-146.88,9.43
1012,6/25/2025 14:45,19.2,-142.49,9.35
1013,6/25/2025 15:45,19.25,-149.74,9.47
1014,6/25/2025 16:45,19.13,-139.3,9.29
1015,6/25/2025 17:45,19.03,-128.97,9.11
1016,6/25/2025 18:45,18.82,-108.07,8.74
1017,6/25/2025 19:45,18.58,-69.44,8.06
1018,6/25/2025 20:45,18.32,-40.03,7.54
1019,6/25/2025 21:45,18.1,-31.19,7.38
1020,6/25/2025 22:45,17.89,-27.89,7.32
1021,6/25/2025 23:45,17.72,-26.72,7.3
1022,6/26/2025 0:45,17.63,-25.3,7.27
1023,6/26/2025 1:45,17.58,-25.05,7.27
1024,6/26/2025 2:45,17.49,-25.25,7.27
1025,6/26/2025 3:45,17.39,-25.36,7.28
1026,6/26/2025 4:45,17.32,-24.97,7.27
1027,6/26/2025 5:45,17.27,-27.39,7.31
1028,6/26/2025 6:45,17.27,-35.66,7.46
1029,6/26/2025 7:45,17.3,-61.78,7.92
1030,6/26/2025 8:45,17.42,-100.74,8.62
1031,6/26/2025 9:45,17.61,-118.02,8.92
1032,6/26/2025 10:45,17.75,-129.14,9.12
1033,6/26/2025 11:45,18.03,-141.46,9.34
1034,6/26/2025 12:45,18.37,-133.02,9.19
1035,6/26/2025 13:45,18.41,-137.6,9.27
1036,6/26/2025 14:45,18.56,-134.83,9.22
1037,6/26/2025 15:45,18.44,-121.03,8.97
1038,6/26/2025 16:45,18.34,-111.88,8.81
1039,6/26/2025 17:45,18.27,-97.19,8.55
1040,6/26/2025 18:45,18.2,-90.14,8.43
1041,6/26/2025 19:45,18.08,-54.95,7.8
1042,6/26/2025 20:45,17.96,-36.89,7.48
1043,6/26/2025 21:45,17.87,-30.03,7.36
1044,6/26/2025 22:45,17.75,-27.06,7.31
1045,6/26/2025 23:45,17.65,-25.86,7.28
1046,6/27/2025 0:45,17.56,-25.75,7.28
1047,6/27/2025 1:45,17.44,-24.59,7.26
1048,6/27/2025 2:45,17.37,-25.13,7.27
1049,6/27/2025 3:45,17.27,-25.27,7.27
1050,6/27/2025 4:45,17.2,-24.89,7.27
1051,6/27/2025 5:45,17.15,-29.27,7.35
1052,6/27/2025 6:45,17.18,-47.27,7.67
1053,6/27/2025 7:45,17.25,-76.38,8.18
1054,6/27/2025 8:45,17.39,-116.8,8.9
1055,6/27/2025 9:45,17.53,-119.49,8.95
1056,6/27/2025 10:45,17.58,-96.5,8.54
1057,6/27/2025 11:45,17.61,-125.97,9.07
1058,6/27/2025 12:45,17.72,-138.39,9.29
1059,6/27/2025 13:45,17.94,-148.86,9.47
1060,6/27/2025 14:45,18.08,-145.44,9.41
1061,6/27/2025 15:45,18.2,-138.02,9.28
1062,6/27/2025 16:45,18.13,-130.1,9.14
1063,6/27/2025 17:45,18.1,-128.36,9.1
1064,6/27/2025 18:45,18.03,-122.61,9
1065,6/27/2025 19:45,17.96,-71.81,8.1
1066,6/27/2025 20:45,17.87,-41.5,7.56
1067,6/27/2025 21:45,17.75,-28.19,7.33
1068,6/27/2025 22:45,17.65,-25.27,7.27
1069,6/27/2025 23:45,17.53,-22.31,7.22
1070,6/28/2025 0:45,17.44,-21.66,7.21
1071,6/28/2025 1:45,17.39,-22.58,7.23
1072,6/28/2025 2:45,17.34,-22.67,7.23
1073,6/28/2025 3:45,17.3,-21.64,7.21
1074,6/28/2025 4:45,17.25,-19.89,7.18
1075,6/28/2025 5:45,17.25,-24.17,7.25
1076,6/28/2025 6:45,17.25,-36.44,7.47
1077,6/28/2025 7:45,17.3,-50.19,7.72
1078,6/28/2025 8:45,17.37,-61.46,7.92
1079,6/28/2025 9:45,17.58,-81.63,8.28
1080,6/28/2025 10:45,18.01,-92.64,8.47
1081,6/28/2025 11:45,18.63,-135.97,9.24
1082,6/28/2025 12:45,19.37,-129.11,9.11
1083,6/28/2025 13:45,20.01,-142.3,9.34
1084,6/28/2025 14:45,20.1,-156.69,9.59
1085,6/28/2025 15:45,20.46,-156.8,9.59
1086,6/28/2025 16:45,20.65,-119.97,8.94
1087,6/28/2025 17:45,20.67,-120.02,8.94
1088,6/28/2025 18:45,20.32,-113.68,8.83
1089,6/28/2025 19:45,19.96,-90.5,8.42
1090,6/28/2025 20:45,19.63,-49.6,7.7
1091,6/28/2025 21:45,19.27,-31.88,7.39
1092,6/28/2025 22:45,18.94,-27.24,7.31
1093,6/28/2025 23:45,18.68,-25.61,7.28
1094,6/29/2025 0:45,18.49,-24.34,7.26
1095,6/29/2025 1:45,18.32,-24.41,7.26
1096,6/29/2025 2:45,18.18,-24.05,7.25
1097,6/29/2025 3:45,18.01,-24.05,7.25
1098,6/29/2025 4:45,17.87,-22.72,7.23
1099,6/29/2025 5:45,17.7,-25.28,7.27
1100,6/29/2025 6:45,17.61,-40.53,7.55
1101,6/29/2025 7:45,17.61,-51.13,7.73
1102,6/29/2025 8:45,17.63,-55.22,7.81
1103,6/29/2025 9:45,17.84,-62.27,7.93
1104,6/29/2025 10:45,18.34,-73.58,8.13
1105,6/29/2025 11:45,19.06,-124.38,9.03
1106,6/29/2025 12:45,19.91,-112.38,8.81
1107,6/29/2025 13:45,20.84,-156.33,9.58
1108,6/29/2025 14:45,21.46,-156.55,9.58
1109,6/29/2025 15:45,21.84,-155.75,9.56
1110,6/29/2025 16:45,21.68,-112.44,8.8
1111,6/29/2025 17:45,21.37,-99.82,8.58
1112,6/29/2025 18:45,20.98,-81.06,8.25
1113,6/29/2025 19:45,20.56,-61.72,7.91
1114,6/29/2025 20:45,20.2,-41.61,7.56
1115,6/29/2025 21:45,19.82,-29.24,7.34
1116,6/29/2025 22:45,19.46,-25.72,7.28
1117,6/29/2025 23:45,19.15,-24.33,7.26
1118,6/30/2025 0:45,18.91,-24.25,7.25
1119,6/30/2025 1:45,18.72,-22.88,7.23
1120,6/30/2025 2:45,18.56,-23.08,7.23
1121,6/30/2025 3:45,18.39,-21.84,7.21
1122,6/30/2025 4:45,18.22,-21.99,7.22
1123,6/30/2025 5:45,18.06,-24.09,7.25
1124,6/30/2025 6:45,17.89,-31.34,7.38
1125,6/30/2025 7:45,17.82,-40.11,7.54
1126,6/30/2025 8:45,17.87,-50.08,7.71
1127,6/30/2025 9:45,18.1,-61.86,7.92
1128,6/30/2025 10:45,18.63,-70.38,8.07
1129,6/30/2025 11:45,19.37,-122.5,8.99
1130,6/30/2025 12:45,20.2,-112.78,8.82
1131,6/30/2025 13:45,21.15,-157.86,9.6
1132,6/30/2025 14:45,21.8,-156.93,9.58
1133,6/30/2025 15:45,21.84,-132.66,9.15
1134,6/30/2025 16:45,21.96,-115.43,8.85
1135,6/30/2025 17:45,21.63,-101.05,8.6
1136,6/30/2025 18:45,21.22,-81.44,8.26
1137,6/30/2025 19:45,20.82,-59.08,7.87
1138,6/30/2025 20:45,20.44,-42.1,7.57
1139,6/30/2025 21:45,20.08,-29.83,7.35
1140,6/30/2025 22:45,19.75,-25.72,7.28
1141,6/30/2025 23:45,19.48,-25.06,7.27
1142,7/1/2025 0:45,19.27,-23.3,7.24
1143,7/1/2025 1:45,19.1,-22.94,7.23
1144,7/1/2025 2:45,18.96,-22.34,7.22
1145,7/1/2025 3:45,18.82,-23.06,7.23
1146,7/1/2025 4:45,18.65,-21.78,7.21
1147,7/1/2025 5:45,18.51,-24.19,7.25
1148,7/1/2025 6:45,18.39,-31.72,7.39
1149,7/1/2025 7:45,18.32,-39.78,7.53
1150,7/1/2025 8:45,18.41,-49.16,7.7
1151,7/1/2025 9:45,18.7,-59.86,7.89
1152,7/1/2025 10:45,19.22,-69.81,8.06
1153,7/1/2025 11:45,19.98,-123.74,9.01
1154,7/1/2025 12:45,20.86,-107.85,8.72
1155,7/1/2025 13:45,21.84,-158.18,9.6
1156,7/1/2025 14:45,22.56,-157.52,9.58
1157,7/1/2025 15:45,22.92,-152.13,9.49
1158,7/1/2025 16:45,22.73,-103.91,8.64
1159,7/1/2025 17:45,22.37,-89.83,8.4
1160,7/1/2025 18:45,21.94,-71.52,8.08
1161,7/1/2025 19:45,21.49,-55.42,7.8
1162,7/1/2025 20:45,21.13,-41.19,7.55
1163,7/1/2025 21:45,20.82,-30,7.35
1164,7/1/2025 22:45,20.51,-25.75,7.28
1165,7/1/2025 23:45,20.2,-24.78,7.26
1166,7/2/2025 0:45,19.96,-24.33,7.26
1167,7/2/2025 1:45,19.77,-24.05,7.25
1168,7/2/2025 2:45,19.58,-25.67,7.28
1169,7/2/2025 3:45,19.44,-24.64,7.26
1170,7/2/2025 4:45,19.34,-25.05,7.27
1171,7/2/2025 5:45,19.22,-25.67,7.28
1172,7/2/2025 6:45,19.15,-42.44,7.58
1173,7/2/2025 7:45,19.1,-51.05,7.73
1174,7/2/2025 8:45,19.32,-106.36,8.71
1175,7/2/2025 9:45,19.56,-117.36,8.9
1176,7/2/2025 10:45,19.79,-127.83,9.08
1177,7/2/2025 11:45,20.44,-136.72,9.24
1178,7/2/2025 12:45,21.13,-111.94,8.79
1179,7/2/2025 13:45,21.72,-138.94,9.26
1180,7/2/2025 14:45,22.39,-143.43,9.34
1181,7/2/2025 15:45,22.61,-138.86,9.26
1182,7/2/2025 16:45,22.39,-96.94,8.52
1183,7/2/2025 17:45,22.03,-81,8.25
1184,7/2/2025 18:45,21.58,-70.71,8.07
1185,7/2/2025 19:45,21.15,-52.99,7.76
1186,7/2/2025 20:45,20.75,-39.41,7.52
1187,7/2/2025 21:45,20.34,-30.13,7.36
1188,7/2/2025 22:45,20.03,-26.44,7.29
1189,7/2/2025 23:45,19.72,-26,7.29
1190,7/3/2025 0:45,19.48,-24.7,7.26
1191,7/3/2025 1:45,19.32,-24.88,7.27
1192,7/3/2025 2:45,19.2,-25.09,7.27
1193,7/3/2025 3:45,19.1,-23.89,7.25
1194,7/3/2025 4:45,19.01,-24.42,7.26
1195,7/3/2025 5:45,18.91,-24.97,7.27
1196,7/3/2025 6:45,18.84,-29.56,7.35
1197,7/3/2025 7:45,18.82,-34.2,7.43
1198,7/3/2025 8:45,18.87,-42.78,7.58
1199,7/3/2025 9:45,19.03,-52.39,7.75
1200,7/3/2025 10:45,19.48,-68.67,8.04
1201,7/3/2025 11:45,20.03,-123.55,9.01
1202,7/3/2025 12:45,20.77,-116.88,8.88
1203,7/3/2025 13:45,21.58,-142.86,9.33
1204,7/3/2025 14:45,22.2,-141.43,9.3
1205,7/3/2025 15:45,22.61,-137.22,9.23
1206,7/3/2025 16:45,22.56,-105.85,8.68
1207,7/3/2025 17:45,21.91,-100.72,8.59
1208,7/3/2025 18:45,21.44,-91.47,8.43
1209,7/3/2025 19:45,21.15,-55.08,7.79
1210,7/3/2025 20:45,20.82,-41.39,7.55
1211,7/3/2025 21:45,20.53,-32.3,7.4
1212,7/3/2025 22:45,20.25,-28.84,7.33
1213,7/3/2025 23:45,20.01,-27.19,7.31
1214,7/4/2025 0:45,19.79,-27.19,7.31
1215,7/4/2025 1:45,19.63,-25.72,7.28
1216,7/4/2025 2:45,19.51,-25.55,7.28
1217,7/4/2025 3:45,19.39,-25.19,7.27
1218,7/4/2025 4:45,19.27,-23.95,7.25
1219,7/4/2025 5:45,19.13,-25.72,7.28
1220,7/4/2025 6:45,19.01,-28.59,7.33
1221,7/4/2025 7:45,18.94,-32.49,7.4
1222,7/4/2025 8:45,19.01,-38.19,7.5
1223,7/4/2025 9:45,19.25,-45.69,7.63
1224,7/4/2025 10:45,19.72,-54.33,7.79
1225,7/4/2025 11:45,20.44,-94.58,8.49
1226,7/4/2025 12:45,21.29,-91.5,8.43
1227,7/4/2025 13:45,21.94,-99.05,8.56
1228,7/4/2025 14:45,22.42,-129.66,9.1
1229,7/4/2025 15:45,22.92,-128.55,9.07
1230,7/4/2025 16:45,22.82,-104.24,8.65
1231,7/4/2025 17:45,22.54,-103.55,8.64
1232,7/4/2025 18:45,22.13,-79.31,8.22
1233,7/4/2025 19:45,21.72,-61.52,7.91
1234,7/4/2025 20:45,21.29,-43.6,7.59
1235,7/4/2025 21:45,20.86,-32.97,7.41
1236,7/4/2025 22:45,20.51,-28.67,7.33
1237,7/4/2025 23:45,20.22,-27.02,7.3
1238,7/5/2025 0:45,19.96,-26.84,7.3
1239,7/5/2025 1:45,19.75,-25.61,7.28
1240,7/5/2025 2:45,19.58,-25.08,7.27
1241,7/5/2025 3:45,19.44,-25.55,7.28
1242,7/5/2025 4:45,19.29,-25.67,7.28
1243,7/5/2025 5:45,19.17,-27.11,7.31
1244,7/5/2025 6:45,19.13,-35.84,7.46
1245,7/5/2025 7:45,19.13,-41.58,7.56
1246,7/5/2025 8:45,19.13,-50.35,7.72
1247,7/5/2025 9:45,19.27,-57.74,7.85
1248,7/5/2025 10:45,19.67,-95.49,8.51
1249,7/5/2025 11:45,20.1,-114.41,8.84
1250,7/5/2025 12:45,20.58,-127.21,9.07
1251,7/5/2025 13:45,20.91,-130.52,9.12
1252,7/5/2025 14:45,21.15,-132.1,9.15
1253,7/5/2025 15:45,21.17,-129.33,9.1
1254,7/5/2025 16:45,21.13,-129.58,9.1
1255,7/5/2025 17:45,21.15,-100.19,8.59
1256,7/5/2025 18:45,20.98,-75,8.15
1257,7/5/2025 19:45,20.75,-55.74,7.81
1258,7/5/2025 20:45,20.53,-44.94,7.62
1259,7/5/2025 21:45,20.32,-33.56,7.42
1260,7/5/2025 22:45,20.08,-28.44,7.33
1261,7/5/2025 23:45,19.86,-26.81,7.3
1262,7/6/2025 0:45,19.7,-24.86,7.26
1263,7/6/2025 1:45,19.53,-26.5,7.29
1264,7/6/2025 2:45,19.44,-24.3,7.26
1265,7/6/2025 3:45,19.32,-23.45,7.24
1266,7/6/2025 4:45,19.22,-22.92,7.23
1267,7/6/2025 5:45,19.1,-23.94,7.25
1268,7/6/2025 6:45,19.01,-28.97,7.34
1269,7/6/2025 7:45,18.98,-35.61,7.46
1270,7/6/2025 8:45,19.15,-68.89,8.04
1271,7/6/2025 9:45,19.48,-102.22,8.63
1272,7/6/2025 10:45,19.84,-98.35,8.56
1273,7/6/2025 11:45,20.46,-106.58,8.7
1274,7/6/2025 12:45,21.29,-95.99,8.51
1275,7/6/2025 13:45,22.18,-134.99,9.19
1276,7/6/2025 14:45,22.78,-136.83,9.22
1277,7/6/2025 15:45,22.7,-126.21,9.03
1278,7/6/2025 16:45,22.68,-124.94,9.01
1279,7/6/2025 17:45,22.49,-114.72,8.83
1280,7/6/2025 18:45,22.08,-96.96,8.53
1281,7/6/2025 19:45,21.75,-64.85,7.96
1282,7/6/2025 20:45,21.37,-39.05,7.51
1283,7/6/2025 21:45,21.06,-30.2,7.36
1284,7/6/2025 22:45,20.77,-26.66,7.3
1285,7/6/2025 23:45,20.53,-25.3,7.27
1286,7/7/2025 0:45,20.34,-24.95,7.27
1287,7/7/2025 1:45,20.17,-24.17,7.25
1288,7/7/2025 2:45,20.03,-23.92,7.25
1289,7/7/2025 3:45,19.89,-22.95,7.23
1290,7/7/2025 4:45,19.77,-23,7.23
1291,7/7/2025 5:45,19.63,-23.14,7.23
1292,7/7/2025 6:45,19.51,-27.28,7.31
1293,7/7/2025 7:45,19.44,-31.5,7.38
1294,7/7/2025 8:45,19.51,-36.13,7.46
1295,7/7/2025 9:45,19.77,-45.11,7.62
1296,7/7/2025 10:45,20.25,-57.41,7.84
1297,7/7/2025 11:45,20.98,-97.89,8.55
1298,7/7/2025 12:45,21.77,-103.18,8.64
1299,7/7/2025 13:45,22.47,-137.07,9.23
1300,7/7/2025 14:45,23.06,-136.43,9.21
1301,7/7/2025 15:45,23.33,-138.46,9.24
1302,7/7/2025 16:45,23.26,-99.77,8.57
1303,7/7/2025 17:45,22.99,-85.21,8.32
1304,7/7/2025 18:45,22.66,-75.35,8.15
1305,7/7/2025 19:45,22.27,-58.35,7.85
1306,7/7/2025 20:45,21.89,-42.63,7.57
1307,7/7/2025 21:45,21.46,-32.94,7.41
1308,7/7/2025 22:45,21.13,-28.89,7.33
1309,7/7/2025 23:45,20.84,-26.28,7.29
1310,7/8/2025 0:45,20.63,-26.66,7.3
1311,7/8/2025 1:45,20.48,-25.45,7.27
1312,7/8/2025 2:45,20.36,-25.75,7.28
1313,7/8/2025 3:45,20.29,-24.44,7.26
1314,7/8/2025 4:45,20.22,-23.24,7.24
1315,7/8/2025 5:45,20.15,-24.88,7.26
1316,7/8/2025 6:45,20.1,-29.94,7.35
1317,7/8/2025 7:45,20.15,-51.58,7.74
1318,7/8/2025 8:45,20.36,-78.58,8.21
1319,7/8/2025 9:45,20.65,-91.41,8.44
1320,7/8/2025 10:45,21.06,-115.1,8.85
1321,7/8/2025 11:45,21.44,-131.13,9.13
1322,7/8/2025 12:45,21.84,-132.25,9.15
1323,7/8/2025 13:45,22.2,-136.54,9.22
1324,7/8/2025 14:45,22.39,-140.5,9.29
1325,7/8/2025 15:45,22.03,-111.36,8.78
1326,7/8/2025 16:45,21.84,-120.22,8.94
1327,7/8/2025 17:45,21.7,-93.53,8.47
1328,7/8/2025 18:45,21.49,-82.53,8.28
1329,7/8/2025 19:45,21.29,-48.72,7.68
1330,7/8/2025 20:45,21.1,-39.24,7.52
1331,7/8/2025 21:45,20.91,-32.88,7.4
1332,7/8/2025 22:45,20.77,-28.14,7.32
1333,7/8/2025 23:45,20.63,-26.77,7.3
1334,7/9/2025 0:45,20.51,-26.45,7.29
1335,7/9/2025 1:45,20.39,-24.95,7.27
1336,7/9/2025 2:45,20.32,-22.78,7.23
1337,7/9/2025 3:45,20.25,-24.05,7.25
1338,7/9/2025 4:45,20.15,-22.03,7.21
1339,7/9/2025 5:45,20.1,-22.64,7.23
1340,7/9/2025 6:45,20.1,-26.05,7.29
1341,7/9/2025 7:45,20.15,-39.11,7.52
1342,7/9/2025 8:45,20.22,-49.1,7.69
1343,7/9/2025 9:45,20.34,-87.16,8.36
1344,7/9/2025 10:45,20.44,-83.07,8.29
1345,7/9/2025 11:45,20.48,-101.96,8.62
1346,7/9/2025 12:45,20.7,-120.53,8.95
1347,7/9/2025 13:45,20.7,-120.3,8.94
1348,7/9/2025 14:45,20.96,-127.35,9.07
1349,7/9/2025 15:45,21.2,-119.88,8.93
1350,7/9/2025 16:45,21.13,-117.57,8.89
1351,7/9/2025 17:45,21.1,-109.82,8.76
1352,7/9/2025 18:45,20.89,-98.38,8.56
1353,7/9/2025 19:45,20.7,-64.13,7.96
1354,7/9/2025 20:45,20.41,-44.64,7.61
1355,7/9/2025 21:45,20.17,-32.34,7.4
1356,7/9/2025 22:45,20.03,-28.61,7.33
1357,7/9/2025 23:45,19.86,-25.25,7.27
1358,7/10/2025 0:45,19.67,-25.44,7.28
1359,7/10/2025 1:45,19.51,-23.39,7.24
1360,7/10/2025 2:45,19.41,-22.61,7.23
1361,7/10/2025 3:45,19.32,-22.2,7.22
1362,7/10/2025 4:45,19.25,-21.11,7.2
1363,7/10/2025 5:45,19.17,-21.91,7.21
1364,7/10/2025 6:45,19.15,-27.67,7.32
1365,7/10/2025 7:45,19.17,-42.31,7.57
1366,7/10/2025 8:45,19.29,-58.33,7.86
1367,7/10/2025 9:45,19.51,-82.8,8.29
1368,7/10/2025 10:45,19.86,-65.56,7.98
1369,7/10/2025 11:45,20.34,-122.49,8.99
1370,7/10/2025 12:45,20.96,-123.35,9
1371,7/10/2025 13:45,21.39,-127.47,9.07
1372,7/10/2025 14:45,21.56,-135.33,9.2
1373,7/10/2025 15:45,21.39,-130.85,9.13
1374,7/10/2025 16:45,21.39,-126.88,9.06
1375,7/10/2025 17:45,21.25,-104.05,8.66
1376,7/10/2025 18:45,21.08,-76.56,8.17
1377,7/10/2025 19:45,20.86,-54.78,7.79
1378,7/10/2025 20:45,20.63,-40.81,7.55
1379,7/10/2025 21:45,20.39,-31.75,7.39
1380,7/10/2025 22:45,20.13,-28.34,7.33
1381,7/10/2025 23:45,19.91,-26.59,7.3
1382,7/11/2025 0:45,19.75,-26.89,7.3
1383,7/11/2025 1:45,19.58,-26.27,7.29
1384,7/11/2025 2:45,19.46,-26.86,7.3
1385,7/11/2025 3:45,19.34,-26.49,7.29
1386,7/11/2025 4:45,19.22,-25.7,7.28
1387,7/11/2025 5:45,19.13,-25.92,7.28
1388,7/11/2025 6:45,19.03,-30.25,7.36
1389,7/11/2025 7:45,18.98,-33.66,7.42
1390,7/11/2025 8:45,19.08,-38.36,7.5
1391,7/11/2025 9:45,19.34,-42.41,7.58
1392,7/11/2025 10:45,19.86,-53.11,7.76
1393,7/11/2025 11:45,20.63,-81.69,8.26
1394,7/11/2025 12:45,21.51,-82.1,8.27
1395,7/11/2025 13:45,22.47,-128.58,9.08
1396,7/11/2025 14:45,23.02,-129.8,9.1
1397,7/11/2025 15:45,23.3,-128.64,9.07
1398,7/11/2025 16:45,23.23,-105.16,8.66
1399,7/11/2025 17:45,22.94,-108.39,8.72
1400,7/11/2025 18:45,22.47,-79.8,8.22
1401,7/11/2025 19:45,22.03,-54.08,7.77
1402,7/11/2025 20:45,21.6,-39.42,7.52
1403,7/11/2025 21:45,21.29,-31.64,7.38
1404,7/11/2025 22:45,21.03,-27.66,7.31
1405,7/11/2025 23:45,20.79,-25.05,7.27
1406,7/12/2025 0:45,20.6,-24.34,7.26
1407,7/12/2025 1:45,20.41,-24.2,7.25
1408,7/12/2025 2:45,20.27,-23.52,7.24
1409,7/12/2025 3:45,20.15,-24.06,7.25
1410,7/12/2025 4:45,20.03,-23.41,7.24
1411,7/12/2025 5:45,19.91,-24.2,7.25
1412,7/12/2025 6:45,19.84,-26.63,7.3
1413,7/12/2025 7:45,19.79,-30.13,7.36
1414,7/12/2025 8:45,19.84,-36.99,7.48
1415,7/12/2025 9:45,20.06,-43.55,7.59
1416,7/12/2025 10:45,20.53,-48.17,7.67
1417,7/12/2025 11:45,21.25,-70.17,8.06
1418,7/12/2025 12:45,22.08,-70.64,8.07
1419,7/12/2025 13:45,22.99,-111.72,8.78
1420,7/12/2025 14:45,23.71,-115.47,8.84
1421,7/12/2025 15:45,24.1,-117.83,8.88
1422,7/12/2025 16:45,24.03,-84.64,8.3
1423,7/12/2025 17:45,23.74,-66.02,7.98
1424,7/12/2025 18:45,23.4,-53.02,7.75
1425,7/12/2025 19:45,23.02,-42.97,7.58
1426,7/12/2025 20:45,22.7,-38.22,7.5
1427,7/12/2025 21:45,22.39,-33.44,7.41
1428,7/12/2025 22:45,22.03,-26.28,7.29
1429,7/12/2025 23:45,21.72,-27.14,7.3
1430,7/13/2025 0:45,21.49,-24.75,7.26
1431,7/13/2025 1:45,21.29,-24.56,7.26
1432,7/13/2025 2:45,21.15,-27.78,7.32
1433,7/13/2025 3:45,21.03,-27.58,7.31
1434,7/13/2025 4:45,20.89,-28.3,7.32
1435,7/13/2025 5:45,20.75,-27.09,7.3
1436,7/13/2025 6:45,20.63,-30.61,7.37
1437,7/13/2025 7:45,20.53,-33.72,7.42
1438,7/13/2025 8:45,20.53,-35.61,7.45
1439,7/13/2025 9:45,20.77,-43.41,7.59
1440,7/13/2025 10:45,21.27,-48.2,7.67
1441,7/13/2025 11:45,21.87,-70.02,8.05
1442,7/13/2025 12:45,22.7,-72.02,8.09
1443,7/13/2025 13:45,23.69,-113.25,8.8
1444,7/13/2025 14:45,24.41,-118.77,8.89
1445,7/13/2025 15:45,24.8,-114.8,8.82
1446,7/13/2025 16:45,24.68,-89.78,8.39
1447,7/13/2025 17:45,24.39,-69.39,8.04
1448,7/13/2025 18:45,24.05,-59.45,7.86
1449,7/13/2025 19:45,23.64,-46.03,7.63
1450,7/13/2025 20:45,23.18,-38.86,7.51
1451,7/13/2025 21:45,22.78,-33.27,7.41
1452,7/13/2025 22:45,22.42,-28.56,7.33
1453,7/13/2025 23:45,22.08,-26.42,7.29
1454,7/14/2025 0:45,21.82,-25.45,7.27
1455,7/14/2025 1:45,21.63,-25.55,7.28
1456,7/14/2025 2:45,21.49,-25.83,7.28
1457,7/14/2025 3:45,21.32,-24.39,7.26
1458,7/14/2025 4:45,21.17,-24.67,7.26
1459,7/14/2025 5:45,21.01,-25.08,7.27
1460,7/14/2025 6:45,20.86,-27.34,7.31
1461,7/14/2025 7:45,20.79,-31.75,7.39
1462,7/14/2025 8:45,20.84,-35.44,7.45
1463,7/14/2025 9:45,21.08,-61.85,7.91
1464,7/14/2025 10:45,21.44,-70.36,8.06
1465,7/14/2025 11:45,21.77,-100.33,8.59
1466,7/14/2025 12:45,22.39,-86.46,8.34
1467,7/14/2025 13:45,23.28,-121.77,8.95
1468,7/14/2025 14:45,24.07,-122.86,8.97
1469,7/14/2025 15:45,24.51,-123.77,8.98
1470,7/14/2025 16:45,24.24,-93.57,8.46
1471,7/14/2025 17:45,24.03,-75.31,8.14
1472,7/14/2025 18:45,23.66,-60.06,7.88
1473,7/14/2025 19:45,23.33,-45.69,7.63
1474,7/14/2025 20:45,23.02,-37.25,7.48
1475,7/14/2025 21:45,22.68,-29.78,7.35
1476,7/14/2025 22:45,22.32,-26.7,7.29
1477,7/14/2025 23:45,21.99,-25.06,7.27
1478,7/15/2025 0:45,21.72,-23.84,7.25
1479,7/15/2025 1:45,21.49,-23.95,7.25
1480,7/15/2025 2:45,21.27,-22.77,7.23
1481,7/15/2025 3:45,21.1,-22.24,7.22
1482,7/15/2025 4:45,20.91,-22.49,7.22
1483,7/15/2025 5:45,20.72,-22.44,7.22
1484,7/15/2025 6:45,20.58,-26.34,7.29
1485,7/15/2025 7:45,20.46,-28.19,7.32
1486,7/15/2025 8:45,20.48,-32.17,7.39
1487,7/15/2025 9:45,20.67,-38.31,7.5
1488,7/15/2025 10:45,21.15,-47.85,7.67
1489,7/15/2025 11:45,21.84,-66.88,8
1490,7/15/2025 12:45,22.66,-75.89,8.15
1491,7/15/2025 13:45,23.57,-121.38,8.94
