,Cowichan River Skutz Falls,Cowichan River Skutz Falls,Cowichan River Skutz Falls
,X2-I-QK-01422,X2-I-QK-01422,X2-I-QK-01422
Parameter / Timestamp,Temperature (C),pH,ODO (mg/L)
6/18/2025 16:00,19.46,7.65,9.44
6/18/2025 17:00,19.35,7.64,9.4
6/18/2025 18:00,19.13,7.63,9.35
6/18/2025 19:00,18.8,7.59,9.31
6/18/2025 20:00,18.39,7.55,9.26
6/18/2025 21:00,18,7.48,9.15
6/18/2025 22:00,17.68,7.44,9.09
6/18/2025 23:00,17.35,7.39,8.98
6/19/2025 0:00,17.05,7.38,9.1
6/19/2025 1:00,16.77,7.38,9.13
6/19/2025 2:00,16.53,7.34,9.11
6/19/2025 3:00,16.32,7.34,9.19
6/19/2025 4:00,16.14,7.36,9.24
6/19/2025 5:00,15.99,7.34,9.27
6/19/2025 6:00,15.88,7.36,9.31
6/19/2025 7:00,15.81,7.39,9.45
6/19/2025 8:00,15.89,7.44,9.65
6/19/2025 9:00,16.28,7.51,9.82
6/19/2025 10:00,16.77,7.52,9.82
6/19/2025 11:00,17.39,7.59,9.85
6/19/2025 12:00,17.85,7.62,9.78
6/19/2025 13:00,18.11,7.64,9.73
6/19/2025 14:00,18.36,7.67,9.69
6/19/2025 15:00,18.63,7.68,9.61
6/19/2025 16:00,18.75,7.66,9.47
6/19/2025 17:00,18.72,7.62,9.39
6/19/2025 18:00,18.79,7.61,9.35
6/19/2025 19:00,18.96,7.62,9.31
6/19/2025 20:00,18.94,7.56,9.09
6/19/2025 21:00,18.64,7.5,8.99
6/19/2025 22:00,18.25,7.46,8.95
6/19/2025 23:00,17.97,7.41,8.9
6/20/2025 0:00,17.71,7.4,8.9
6/20/2025 1:00,17.4,7.38,8.96
6/20/2025 2:00,17.1,7.38,9
6/20/2025 3:00,16.86,7.38,9.04
6/20/2025 4:00,16.65,7.36,9.06
6/20/2025 5:00,16.51,7.36,9.12
6/20/2025 6:00,16.41,7.37,9.17
6/20/2025 7:00,16.36,7.39,9.28
6/20/2025 8:00,16.38,7.45,9.48
6/20/2025 9:00,16.56,7.51,9.65
6/20/2025 10:00,16.93,7.58,9.8
6/20/2025 11:00,17.58,7.64,9.81
6/20/2025 12:00,17.79,7.68,9.79
6/20/2025 13:00,17.89,7.68,9.72
6/20/2025 14:00,18.06,7.7,9.73
6/20/2025 15:00,18.35,7.73,9.7
6/20/2025 16:00,18.67,7.71,9.55
6/20/2025 17:00,18.67,7.68,9.42
6/20/2025 18:00,18.67,7.65,9.35
6/20/2025 19:00,18.65,7.65,9.36
6/20/2025 20:00,18.56,7.62,9.29
6/20/2025 21:00,18.35,7.53,9.1
6/20/2025 22:00,18.09,7.47,9
6/20/2025 23:00,17.81,7.44,8.97
6/21/2025 0:00,17.58,7.41,8.94
6/21/2025 1:00,17.38,7.39,8.97
6/21/2025 2:00,17.18,7.39,9
6/21/2025 3:00,17.01,7.38,9.03
6/21/2025 4:00,16.89,7.38,9.05
6/21/2025 5:00,16.78,7.37,9.08
6/21/2025 6:00,16.68,7.37,9.12
6/21/2025 7:00,16.63,7.38,9.18
6/21/2025 8:00,16.63,7.41,9.29
6/21/2025 9:00,16.65,7.44,9.35
6/21/2025 10:00,16.71,7.48,9.51
6/21/2025 11:00,16.82,7.52,9.62
6/21/2025 12:00,16.97,7.57,9.72
6/21/2025 13:00,17.13,7.61,9.76
6/21/2025 14:00,17.23,7.62,9.74
6/21/2025 15:00,17.47,7.66,9.81
6/21/2025 16:00,17.75,7.66,9.78
6/21/2025 17:00,17.89,7.57,9.44
6/21/2025 18:00,18.04,7.54,9.38
6/21/2025 19:00,18.05,7.65,9.26
6/21/2025 20:00,17.96,7.59,9.2
6/21/2025 21:00,17.83,7.55,9.31
6/21/2025 22:00,17.68,7.28,8.35
6/21/2025 23:00,17.51,7.43,9.11
6/22/2025 0:00,17.34,7.41,9.06
6/22/2025 1:00,17.2,7.37,9.07
6/22/2025 2:00,17.1,7.32,8.73
6/22/2025 3:00,17.01,7.36,9.08
6/22/2025 4:00,16.93,7.35,8.99
6/22/2025 5:00,16.87,7.32,8.79
6/22/2025 6:00,16.82,7.29,8.83
6/22/2025 7:00,16.81,7.36,8.88
6/22/2025 8:00,16.85,7.38,9.29
6/22/2025 9:00,16.94,7.4,9.33
6/22/2025 10:00,17.04,7.44,9.28
6/22/2025 11:00,17.15,7.43,9.11
6/22/2025 12:00,17.3,7.18,8
6/22/2025 13:00,17.43,7.45,9.21
6/22/2025 14:00,17.52,7.5,9.51
6/22/2025 15:00,17.6,7.4,8.76
6/22/2025 16:00,17.78,7.46,9.17
6/22/2025 17:00,17.95,7.48,9.22
6/22/2025 18:00,18.08,7.4,8.56
6/22/2025 19:00,17.96,7.58,9.44
6/22/2025 20:00,17.83,7.58,9.27
6/22/2025 21:00,17.66,7.23,8.11
6/22/2025 22:00,17.49,7.31,8.6
6/22/2025 23:00,17.32,7.27,8.56
6/23/2025 0:00,17.11,7.34,8.86
6/23/2025 1:00,16.9,7.33,8.9
6/23/2025 2:00,16.69,7.36,9.11
6/23/2025 3:00,16.52,7.3,9.11
6/23/2025 4:00,16.38,7.36,9.2
6/23/2025 5:00,16.28,7.33,9.23
6/23/2025 6:00,16.22,7.31,9.12
6/23/2025 7:00,16.2,7.36,8.94
6/23/2025 8:00,16.29,7.42,9.52
6/23/2025 9:00,16.51,7.44,9
6/23/2025 10:00,16.91,7.23,8.51
6/23/2025 11:00,17.53,7.27,8.28
6/23/2025 12:00,18.24,7.28,7.41
6/23/2025 13:00,18.91,7.19,7.56
6/23/2025 14:00,19.57,7.29,7.94
6/23/2025 15:00,19.97,7.09,6.93
6/23/2025 16:00,20.35,7.01,5.87
6/23/2025 17:00,20.67,7.24,7.16
6/23/2025 18:00,20.74,7.31,8.09
6/23/2025 19:00,20.57,7.38,7.24
6/23/2025 20:00,20.27,7.52,8.76
6/23/2025 21:00,19.76,7.39,8.57
6/23/2025 22:00,19.33,7.38,8.54
6/23/2025 23:00,18.96,7.28,8.11
6/24/2025 0:00,18.61,7.32,8.43
6/24/2025 1:00,18.27,7.32,8.59
6/24/2025 2:00,17.97,7.3,8.53
6/24/2025 3:00,17.68,7.32,8.71
6/24/2025 4:00,17.42,7.27,8.6
6/24/2025 5:00,17.2,7.24,8.62
6/24/2025 6:00,17,7.16,8.53
6/24/2025 7:00,16.87,7.28,8.95
6/24/2025 8:00,16.85,7.33,9.15
6/24/2025 9:00,17.02,7.09,7.63
6/24/2025 10:00,17.45,7.32,8.96
6/24/2025 11:00,17.9,7.23,8.35
6/24/2025 12:00,18.44,7.4,9.02
6/24/2025 13:00,18.93,7.3,8.41
6/24/2025 14:00,19.34,7.37,8.35
6/24/2025 15:00,19.46,7.2,7.79
6/24/2025 16:00,19.71,7.21,7.9
6/24/2025 17:00,19.8,7.3,7.75
6/24/2025 18:00,19.73,7.41,7.92
6/24/2025 19:00,19.59,7.48,7.72
6/24/2025 20:00,19.32,7.33,8.36
6/24/2025 21:00,19,7.27,8.31
6/24/2025 22:00,18.73,7.43,8.9
6/24/2025 23:00,18.46,7.39,8.81
6/25/2025 0:00,18.22,7.36,8.81
6/25/2025 1:00,17.98,7.35,8.84
6/25/2025 2:00,17.78,7.33,8.85
6/25/2025 3:00,17.59,7.36,8.97
6/25/2025 4:00,17.42,7.26,8.39
6/25/2025 5:00,17.27,7.28,8.68
6/25/2025 6:00,17.15,7.36,9.03
6/25/2025 7:00,17.08,7.38,9.14
6/25/2025 8:00,17.09,7.35,9.16
6/25/2025 9:00,17.15,7.44,9.3
6/25/2025 10:00,17.24,7.5,9.54
6/25/2025 11:00,17.44,7.52,9.58
6/25/2025 12:00,17.61,7.59,9.63
6/25/2025 13:00,17.84,7.59,9.6
6/25/2025 14:00,16.63,7.59,9.93
6/25/2025 15:00,18.38,7.83,9.89
6/25/2025 16:00,18.95,7.88,9.83
6/25/2025 17:00,19.43,7.88,9.68
6/25/2025 18:00,19.16,7.86,9.63
6/25/2025 19:00,19.09,7.83,9.54
6/25/2025 20:00,18.93,7.75,9.41
6/25/2025 21:00,18.54,7.66,9.3
6/25/2025 22:00,18.13,7.58,9.2
6/25/2025 23:00,17.75,7.52,9.16
6/26/2025 0:00,17.44,7.49,9.17
6/26/2025 1:00,17.2,7.47,9.19
6/26/2025 2:00,17.03,7.46,9.21
6/26/2025 3:00,16.88,7.45,9.24
6/26/2025 4:00,16.74,7.45,9.26
6/26/2025 5:00,16.61,7.45,9.29
6/26/2025 6:00,16.52,7.45,9.34
6/26/2025 7:00,16.51,7.48,9.46
6/26/2025 8:00,16.53,7.52,9.61
6/26/2025 9:00,16.65,7.58,9.78
6/26/2025 10:00,16.82,7.65,9.89
6/26/2025 11:00,17.02,7.7,9.96
6/26/2025 12:00,17.57,7.78,10.04
6/26/2025 13:00,17.91,7.82,9.99
6/26/2025 14:00,17.98,7.84,9.92
6/26/2025 15:00,18.05,7.82,9.81
6/26/2025 16:00,18.05,7.8,9.74
6/26/2025 17:00,18.06,7.78,9.69
6/26/2025 18:00,18.04,7.77,9.65
6/26/2025 19:00,17.95,7.72,9.57
6/26/2025 20:00,17.82,7.65,9.47
6/26/2025 21:00,17.65,7.59,9.35
6/26/2025 22:00,17.49,7.53,9.27
6/26/2025 23:00,17.33,7.5,9.22
6/27/2025 0:00,17.18,7.48,9.22
6/27/2025 1:00,17.04,7.47,9.22
6/27/2025 2:00,16.9,7.46,9.24
6/27/2025 3:00,16.79,7.46,9.26
6/27/2025 4:00,16.64,7.45,9.29
6/27/2025 5:00,16.52,7.45,9.32
6/27/2025 6:00,16.44,7.46,9.38
6/27/2025 7:00,16.4,7.49,9.53
6/27/2025 8:00,16.47,7.54,9.7
6/27/2025 9:00,16.61,7.6,9.84
6/27/2025 10:00,16.71,7.64,9.88
6/27/2025 11:00,16.8,7.66,9.88
6/27/2025 12:00,16.85,7.67,9.87
6/27/2025 13:00,17.03,7.72,9.97
6/27/2025 14:00,17.2,7.77,10.01
6/27/2025 15:00,17.4,7.82,10.04
6/27/2025 16:00,17.62,7.85,10.03
6/27/2025 17:00,17.69,7.82,9.93
6/27/2025 18:00,17.81,7.84,9.92
6/27/2025 19:00,17.85,7.82,9.84
6/27/2025 20:00,17.78,7.76,9.72
6/27/2025 21:00,17.59,7.65,9.54
6/27/2025 22:00,17.41,7.57,9.41
6/27/2025 23:00,17.26,7.52,9.34
6/28/2025 0:00,17.12,7.48,9.31
6/28/2025 1:00,16.99,7.46,9.3
6/28/2025 2:00,16.89,7.46,9.3
6/28/2025 3:00,16.79,7.45,9.32
6/28/2025 4:00,16.69,7.44,9.34
6/28/2025 5:00,16.57,7.44,9.35
6/28/2025 6:00,16.47,7.45,9.42
6/28/2025 7:00,16.42,7.46,9.54
6/28/2025 8:00,16.51,7.52,9.72
6/28/2025 9:00,16.84,7.58,9.87
6/28/2025 10:00,17.38,7.66,9.97
6/28/2025 11:00,18.06,7.72,10
6/28/2025 12:00,18.74,7.77,9.99
6/28/2025 13:00,19.27,7.81,9.87
6/28/2025 14:00,19.65,7.87,9.87
6/28/2025 15:00,20.21,7.89,9.78
6/28/2025 16:00,20.5,7.92,9.64
6/28/2025 17:00,20.65,7.92,9.53
6/28/2025 18:00,20.63,7.88,9.43
6/28/2025 19:00,20.29,7.81,9.35
6/28/2025 20:00,20.01,7.72,9.26
6/28/2025 21:00,19.81,7.65,9.14
6/28/2025 22:00,19.5,7.57,9.01
6/28/2025 23:00,19.12,7.52,8.98
6/29/2025 0:00,18.75,7.49,8.98
6/29/2025 1:00,18.4,7.46,9.02
6/29/2025 2:00,18.07,7.45,9.06
6/29/2025 3:00,17.78,7.44,9.12
6/29/2025 4:00,17.53,7.44,9.17
6/29/2025 5:00,17.31,7.42,9.21
6/29/2025 6:00,17.13,7.43,9.29
6/29/2025 7:00,17,7.46,9.43
6/29/2025 8:00,16.99,7.5,9.59
6/29/2025 9:00,17.26,7.57,9.78
6/29/2025 10:00,17.81,7.65,9.9
6/29/2025 11:00,18.49,7.72,9.94
6/29/2025 12:00,19.25,7.78,9.91
6/29/2025 13:00,19.98,7.83,9.87
6/29/2025 14:00,20.64,7.88,9.75
6/29/2025 15:00,21.2,7.91,9.64
6/29/2025 16:00,21.64,7.93,9.48
6/29/2025 17:00,21.87,7.9,9.28
6/29/2025 18:00,21.94,7.86,9.15
6/29/2025 20:00,21.45,7.71,8.95
6/29/2025 21:00,20.94,7.62,8.85
6/29/2025 22:00,20.38,7.55,8.78
6/29/2025 23:00,19.88,7.49,8.76
6/30/2025 0:00,19.45,7.46,8.79
6/30/2025 1:00,19.07,7.45,8.83
6/30/2025 2:00,18.72,7.43,8.89
6/30/2025 3:00,18.4,7.43,8.95
6/30/2025 4:00,18.11,7.42,9
6/30/2025 5:00,17.87,7.41,9.04
6/30/2025 6:00,17.66,7.42,9.12
6/30/2025 7:00,17.53,7.44,9.24
6/30/2025 8:00,17.5,7.48,9.42
6/30/2025 9:00,17.76,7.53,9.59
6/30/2025 10:00,18.29,7.61,9.71
6/30/2025 11:00,19,7.68,9.76
6/30/2025 12:00,19.76,7.74,9.74
6/30/2025 13:00,20.52,7.8,9.69
6/30/2025 14:00,21.2,7.85,9.6
6/30/2025 15:00,21.77,7.89,9.46
6/30/2025 16:00,22.15,7.9,9.3
6/30/2025 17:00,22.17,7.87,9.15
6/30/2025 18:00,22.27,7.82,9.03
6/30/2025 19:00,22.18,7.75,8.9
6/30/2025 20:00,21.81,7.67,8.83
6/30/2025 21:00,21.39,7.59,8.74
6/30/2025 22:00,20.85,7.53,8.65
6/30/2025 23:00,20.34,7.49,8.65
7/1/2025 0:00,19.9,7.46,8.68
7/1/2025 1:00,19.51,7.44,8.72
7/1/2025 2:00,19.17,7.44,8.78
7/1/2025 3:00,18.85,7.42,8.83
7/1/2025 4:00,18.58,7.42,8.88
7/1/2025 5:00,18.33,7.4,8.94
7/1/2025 6:00,18.12,7.41,9.02
7/1/2025 7:00,17.98,7.44,9.15
7/1/2025 8:00,17.95,7.47,9.29
7/1/2025 9:00,18.2,7.53,9.48
7/1/2025 10:00,18.72,7.61,9.59
7/1/2025 11:00,19.39,7.68,9.64
7/1/2025 12:00,20.15,7.73,9.61
7/1/2025 13:00,20.92,7.79,9.56
7/1/2025 14:00,21.62,7.84,9.46
7/1/2025 15:00,22.21,7.86,9.31
7/1/2025 16:00,22.66,7.87,9.17
7/1/2025 17:00,22.93,7.84,8.97
7/1/2025 18:00,22.99,7.81,8.83
7/1/2025 19:00,22.79,7.76,8.73
7/1/2025 20:00,22.33,7.69,8.67
7/1/2025 21:00,21.79,7.6,8.6
7/1/2025 22:00,21.23,7.54,8.54
7/1/2025 23:00,20.71,7.5,8.52
7/2/2025 0:00,20.27,7.48,8.57
7/2/2025 1:00,19.9,7.46,8.62
7/2/2025 2:00,19.54,7.46,8.66
7/2/2025 3:00,19.17,7.45,8.73
7/2/2025 4:00,18.87,7.45,8.79
7/2/2025 5:00,18.64,7.44,8.84
7/2/2025 6:00,18.4,7.45,8.92
7/2/2025 7:00,18.27,7.47,9.07
7/2/2025 8:00,18.26,7.53,9.23
7/2/2025 9:00,18.56,7.61,9.46
7/2/2025 10:00,18.86,7.7,9.56
7/2/2025 11:00,19.33,7.78,9.63
7/2/2025 12:00,20,7.83,9.63
7/2/2025 13:00,20.65,7.83,9.57
7/2/2025 14:00,21.37,7.89,9.46
7/2/2025 15:00,21.83,7.89,9.31
7/2/2025 16:00,22.17,7.88,9.2
7/2/2025 17:00,22.25,7.84,9.01
7/2/2025 18:00,22.24,7.81,8.92
7/2/2025 19:00,21.95,7.74,8.84
7/2/2025 20:00,21.51,7.7,8.8
7/2/2025 21:00,20.93,7.61,8.71
7/2/2025 22:00,20.38,7.57,8.69
7/2/2025 23:00,19.9,7.52,8.69
7/3/2025 0:00,19.48,7.49,8.73
7/3/2025 1:00,19.09,7.47,8.78
7/3/2025 2:00,18.76,7.46,8.84
7/3/2025 3:00,18.47,7.46,8.9
7/3/2025 4:00,18.22,7.44,8.95
7/3/2025 5:00,18,7.45,8.99
7/3/2025 6:00,17.84,7.45,9.06
7/3/2025 7:00,17.75,7.48,9.17
7/3/2025 8:00,17.74,7.52,9.32
7/3/2025 9:00,17.97,7.59,9.49
7/3/2025 10:00,18.42,7.65,9.6
7/3/2025 11:00,19.04,7.71,9.64
7/3/2025 12:00,19.76,7.77,9.63
7/3/2025 13:00,20.26,7.83,9.62
7/3/2025 14:00,20.75,7.82,9.55
7/3/2025 15:00,21.24,7.87,9.39
7/3/2025 16:00,21.21,7.86,9.29
7/3/2025 17:00,21.17,7.84,9.19
7/3/2025 18:00,21.4,7.82,9.11
7/3/2025 19:00,21.49,7.77,9
7/3/2025 20:00,21.35,7.72,8.9
7/3/2025 21:00,21.03,7.64,8.78
7/3/2025 22:00,20.55,7.56,8.71
7/3/2025 23:00,20.08,7.5,8.67
7/4/2025 0:00,19.69,7.49,8.73
7/4/2025 1:00,19.37,7.47,8.76
7/4/2025 2:00,19.09,7.46,8.8
7/4/2025 3:00,18.83,7.46,8.86
7/4/2025 4:00,18.58,7.45,8.91
7/4/2025 5:00,18.37,7.45,8.94
7/4/2025 6:00,18.19,7.45,9.01
7/4/2025 7:00,18.08,7.47,9.12
7/4/2025 8:00,18.07,7.51,9.26
7/4/2025 9:00,18.27,7.54,9.41
7/4/2025 10:00,18.78,7.62,9.5
7/4/2025 11:00,19.45,7.71,9.58
7/4/2025 12:00,20.2,7.77,9.58
7/4/2025 13:00,20.61,7.8,9.48
7/4/2025 14:00,21.05,7.83,9.41
7/4/2025 15:00,21.29,7.88,9.37
7/4/2025 16:00,21.24,7.86,9.31
7/4/2025 17:00,21.94,7.9,9.24
7/4/2025 18:00,22.24,7.87,9.1
7/4/2025 19:00,22.26,7.83,8.98
7/4/2025 20:00,22.03,7.77,8.89
7/4/2025 21:00,21.52,7.67,8.79
7/4/2025 22:00,20.94,7.58,8.7
7/4/2025 23:00,20.47,7.53,8.69
7/5/2025 0:00,20.02,7.51,8.74
7/5/2025 1:00,19.6,7.49,8.79
7/5/2025 2:00,19.18,7.48,8.84
7/5/2025 3:00,18.85,7.46,8.91
7/5/2025 4:00,18.57,7.46,8.98
7/5/2025 5:00,18.34,7.45,9.03
7/5/2025 6:00,18.17,7.46,9.1
7/5/2025 7:00,18.08,7.5,9.27
7/5/2025 8:00,18.03,7.55,9.46
7/5/2025 9:00,18.16,7.61,9.61
7/5/2025 10:00,18.58,7.68,9.72
7/5/2025 11:00,19.06,7.76,9.79
7/5/2025 12:00,19.52,7.83,9.83
7/5/2025 13:00,20.01,7.88,9.8
7/5/2025 14:00,20.24,7.92,9.76
7/5/2025 15:00,20.58,7.96,9.71
7/5/2025 16:00,20.76,7.98,9.63
7/5/2025 17:00,20.85,7.99,9.57
7/5/2025 18:00,20.97,7.94,9.41
7/5/2025 19:00,20.95,7.86,9.28
7/5/2025 20:00,20.78,7.77,9.17
7/5/2025 21:00,20.46,7.67,9.06
7/5/2025 22:00,20.06,7.58,8.96
7/5/2025 23:00,19.69,7.54,8.92
7/6/2025 0:00,19.41,7.51,8.92
7/6/2025 1:00,19.17,7.49,8.94
7/6/2025 2:00,18.93,7.47,8.97
7/6/2025 3:00,18.71,7.48,9.01
7/6/2025 4:00,18.51,7.46,9.05
7/6/2025 5:00,18.32,7.45,9.08
7/6/2025 6:00,18.16,7.46,9.15
7/6/2025 7:00,18.07,7.49,9.27
7/6/2025 8:00,18.09,7.53,9.43
7/6/2025 9:00,18.4,7.61,9.64
7/6/2025 10:00,18.71,7.7,9.76
7/6/2025 11:00,19.27,7.78,9.83
7/6/2025 12:00,20.08,7.83,9.8
7/6/2025 13:00,20.86,7.88,9.7
7/6/2025 14:00,21.61,7.91,9.59
7/6/2025 15:00,22.1,7.93,9.44
7/6/2025 16:00,22.39,7.96,9.35
7/6/2025 17:00,22.47,7.95,9.22
7/6/2025 18:00,22.28,7.91,9.17
7/6/2025 19:00,22.09,7.84,9.07
7/6/2025 20:00,21.94,7.75,8.95
7/6/2025 21:00,21.66,7.65,8.8
7/6/2025 22:00,21.29,7.57,8.69
7/6/2025 23:00,20.86,7.52,8.66
7/7/2025 0:00,20.44,7.49,8.69
7/7/2025 1:00,20.08,7.47,8.72
7/7/2025 2:00,19.77,7.46,8.77
7/7/2025 3:00,19.5,7.46,8.81
7/7/2025 4:00,19.25,7.45,8.86
7/7/2025 5:00,19.03,7.44,8.9
7/7/2025 6:00,18.86,7.45,8.96
7/7/2025 7:00,18.73,7.47,9.09
7/7/2025 8:00,18.72,7.51,9.24
7/7/2025 9:00,18.97,7.57,9.41
7/7/2025 10:00,19.5,7.65,9.53
7/7/2025 11:00,20.18,7.73,9.58
7/7/2025 12:00,20.94,7.79,9.57
7/7/2025 13:00,21.65,7.85,9.53
7/7/2025 14:00,22.13,7.91,9.47
7/7/2025 15:00,22.53,7.96,9.37
7/7/2025 16:00,22.94,7.96,9.24
7/7/2025 17:00,23.23,7.92,9.05
7/7/2025 18:00,23.35,7.86,8.9
7/7/2025 19:00,23.21,7.78,8.77
7/7/2025 20:00,22.92,7.71,8.73
7/7/2025 21:00,22.44,7.62,8.6
7/7/2025 22:00,21.9,7.55,8.53
7/7/2025 23:00,21.44,7.51,8.51
7/8/2025 0:00,20.99,7.49,8.53
7/8/2025 1:00,20.58,7.47,8.59
7/8/2025 2:00,20.2,7.47,8.65
7/8/2025 3:00,19.89,7.45,8.71
7/8/2025 4:00,19.65,7.46,8.75
7/8/2025 5:00,19.5,7.45,8.79
7/8/2025 6:00,19.34,7.45,8.85
7/8/2025 7:00,19.23,7.49,8.98
7/8/2025 8:00,19.31,7.55,9.21
7/8/2025 9:00,19.56,7.65,9.41
7/8/2025 10:00,20.08,7.74,9.53
7/8/2025 11:00,20.57,7.82,9.58
7/8/2025 12:00,21.14,7.91,9.59
7/8/2025 13:00,21.51,7.95,9.52
7/8/2025 14:00,21.78,8,9.49
7/8/2025 15:00,22.27,8.06,9.44
7/8/2025 16:00,22.25,7.97,9.22
7/8/2025 17:00,22.1,7.94,9.18
7/8/2025 18:00,21.93,7.89,9.11
7/8/2025 19:00,21.64,7.82,9.06
7/8/2025 20:00,21.31,7.74,8.97
7/8/2025 21:00,21,7.64,8.85
7/8/2025 22:00,20.73,7.57,8.76
7/8/2025 23:00,20.5,7.53,8.73
7/9/2025 0:00,20.26,7.51,8.73
7/9/2025 1:00,20.08,7.49,8.74
7/9/2025 2:00,19.91,7.48,8.77
7/9/2025 3:00,19.75,7.48,8.8
7/9/2025 4:00,19.63,7.46,8.82
7/9/2025 5:00,19.51,7.46,8.84
7/9/2025 6:00,19.42,7.47,8.87
7/9/2025 7:00,19.37,7.49,8.98
7/9/2025 8:00,19.38,7.53,9.1
7/9/2025 9:00,19.4,7.55,9.18
7/9/2025 10:00,19.55,7.62,9.4
7/9/2025 11:00,19.79,7.72,9.55
7/9/2025 12:00,20.03,7.8,9.65
7/9/2025 13:00,20.14,7.83,9.64
7/9/2025 14:00,20.27,7.88,9.65
7/9/2025 15:00,20.73,7.98,9.69
7/9/2025 16:00,21.34,8.04,9.62
7/9/2025 17:00,21.48,8.02,9.51
7/9/2025 18:00,21.39,7.96,9.39
7/9/2025 19:00,21.37,7.89,9.28
7/9/2025 20:00,20.92,7.82,9.21
7/9/2025 21:00,20.48,7.71,9.09
7/9/2025 22:00,20.14,7.61,8.97
7/9/2025 23:00,19.82,7.55,8.93
7/10/2025 0:00,19.51,7.52,8.93
7/10/2025 1:00,19.21,7.5,8.96
7/10/2025 2:00,18.93,7.48,8.99
7/10/2025 3:00,18.72,7.47,9.03
7/10/2025 4:00,18.51,7.47,9.07
7/10/2025 5:00,18.35,7.46,9.1
7/10/2025 6:00,18.25,7.47,9.16
7/10/2025 7:00,18.17,7.5,9.31
7/10/2025 8:00,18.19,7.56,9.47
7/10/2025 9:00,18.41,7.62,9.66
7/10/2025 10:00,18.87,7.71,9.81
7/10/2025 11:00,19.46,7.8,9.87
7/10/2025 12:00,19.95,7.89,9.9
7/10/2025 13:00,20.6,7.98,9.85
7/10/2025 14:00,20.79,8.02,9.8
7/10/2025 15:00,20.95,8.06,9.76
7/10/2025 16:00,21.21,8.11,9.69
7/10/2025 17:00,21.34,8.09,9.57
7/10/2025 18:00,21.34,8.01,9.43
7/10/2025 19:00,21.28,7.91,9.31
7/10/2025 20:00,21.02,7.79,9.19
7/10/2025 21:00,20.66,7.68,9.05
7/10/2025 22:00,20.27,7.58,8.95
7/10/2025 23:00,19.9,7.53,8.92
7/11/2025 0:00,19.58,7.49,8.93
7/11/2025 1:00,19.3,7.47,8.95
7/11/2025 2:00,19.06,7.46,8.99
7/11/2025 3:00,18.83,7.45,9.03
7/11/2025 4:00,18.62,7.45,9.07
7/11/2025 5:00,18.44,7.45,9.1
7/11/2025 6:00,18.28,7.45,9.15
7/11/2025 7:00,18.17,7.47,9.28
7/11/2025 8:00,18.18,7.51,9.43
7/11/2025 9:00,18.44,7.57,9.59
7/11/2025 10:00,19.02,7.66,9.71
7/11/2025 11:00,19.74,7.73,9.75
7/11/2025 12:00,20.54,7.79,9.72
7/11/2025 13:00,21.32,7.84,9.66
7/11/2025 14:00,21.99,7.89,9.57
7/11/2025 15:00,22.56,7.92,9.43
7/11/2025 16:00,22.93,7.92,9.28
7/11/2025 17:00,23.18,7.94,9.17
7/11/2025 18:00,23.2,7.92,9.09
7/11/2025 19:00,23.04,7.86,8.96
7/11/2025 20:00,22.72,7.75,8.81
7/11/2025 21:00,22.24,7.65,8.69
7/11/2025 22:00,21.8,7.57,8.6
7/11/2025 23:00,21.38,7.51,8.59
7/12/2025 0:00,21.01,7.49,8.61
7/12/2025 1:00,20.68,7.47,8.65
7/12/2025 2:00,20.39,7.47,8.69
7/12/2025 3:00,20.13,7.46,8.74
7/12/2025 4:00,19.88,7.46,8.78
7/12/2025 5:00,19.65,7.45,8.82
7/12/2025 6:00,19.46,7.45,8.89
7/12/2025 7:00,19.32,7.48,9.01
7/12/2025 8:00,19.28,7.52,9.17
7/12/2025 9:00,19.47,7.58,9.34
7/12/2025 10:00,19.97,7.66,9.48
7/12/2025 11:00,20.64,7.74,9.54
7/12/2025 12:00,21.39,7.8,9.53
7/12/2025 13:00,22.13,7.85,9.48
7/12/2025 14:00,22.78,7.88,9.39
7/12/2025 15:00,23.31,7.9,9.26
7/12/2025 16:00,23.67,7.9,9.13
7/12/2025 17:00,23.88,7.85,8.94
7/12/2025 18:00,23.96,7.8,8.8
7/12/2025 19:00,23.88,7.74,8.69
7/12/2025 20:00,23.62,7.67,8.58
7/12/2025 21:00,23.23,7.6,8.51
7/12/2025 22:00,22.77,7.53,8.43
7/12/2025 23:00,22.33,7.49,8.41
7/13/2025 0:00,21.95,7.46,8.43
7/13/2025 1:00,21.62,7.45,8.47
7/13/2025 2:00,21.32,7.44,8.51
7/13/2025 3:00,21.02,7.45,8.55
7/13/2025 4:00,20.73,7.44,8.6
7/13/2025 5:00,20.46,7.43,8.65
7/13/2025 6:00,20.23,7.44,8.73
7/13/2025 7:00,20.07,7.45,8.85
7/13/2025 8:00,20.04,7.49,9.01
7/13/2025 9:00,20.24,7.54,9.18
7/13/2025 10:00,20.78,7.62,9.33
7/13/2025 11:00,21.46,7.71,9.39
7/13/2025 12:00,22.24,7.78,9.41
7/13/2025 13:00,22.95,7.84,9.36
7/13/2025 14:00,23.58,7.87,9.28
7/13/2025 15:00,23.91,7.87,9.13
7/13/2025 16:00,23.96,7.83,8.96
7/13/2025 17:00,23.92,7.79,8.84
7/13/2025 18:00,24.09,7.76,8.74
7/13/2025 19:00,24.3,7.73,8.61
7/13/2025 20:00,24.24,7.67,8.49
7/13/2025 21:00,23.86,7.59,8.37
7/13/2025 22:00,23.38,7.52,8.28
7/13/2025 23:00,22.9,7.49,8.28
7/14/2025 0:00,22.47,7.47,8.32
7/14/2025 1:00,22.09,7.46,8.37
7/14/2025 2:00,21.75,7.46,8.41
7/14/2025 3:00,21.43,7.45,8.47
7/14/2025 4:00,21.1,7.45,8.53
7/14/2025 5:00,20.8,7.44,8.57
7/14/2025 6:00,20.54,7.45,8.64
7/14/2025 7:00,20.34,7.47,8.78
7/14/2025 8:00,20.27,7.51,8.94
7/14/2025 9:00,20.43,7.57,9.12
7/14/2025 10:00,20.79,7.66,9.28
7/14/2025 11:00,21.23,7.76,9.44
7/14/2025 12:00,21.72,7.84,9.46
7/14/2025 13:00,22.01,7.89,9.44
7/14/2025 14:00,22.52,7.95,9.45
7/14/2025 15:00,22.92,7.94,9.35
7/14/2025 16:00,23.33,7.94,9.22
7/14/2025 17:00,23.57,7.9,9.03
7/14/2025 18:00,23.69,7.84,8.87
7/14/2025 19:00,23.64,7.78,8.73
7/14/2025 20:00,23.47,7.71,8.62
7/14/2025 21:00,23.06,7.62,8.51
7/14/2025 22:00,22.57,7.56,8.43
7/14/2025 23:00,22.13,7.51,8.42
7/15/2025 0:00,21.74,7.49,8.45
7/15/2025 1:00,21.4,7.47,8.49
7/15/2025 2:00,21.09,7.46,8.53
7/15/2025 3:00,20.79,7.46,8.58
7/15/2025 4:00,20.5,7.44,8.63
7/15/2025 5:00,20.24,7.44,8.67
7/15/2025 6:00,20.01,7.44,8.73
7/15/2025 7:00,19.83,7.46,8.88
7/15/2025 8:00,19.78,7.51,9.05
7/15/2025 9:00,19.97,7.56,9.23
7/15/2025 10:00,20.52,7.65,9.38
7/15/2025 11:00,21.22,7.73,9.44
7/15/2025 12:00,21.98,7.81,9.45
7/15/2025 13:00,22.68,7.87,9.41
7/15/2025 14:00,23.27,7.93,9.33
7/15/2025 15:00,23.71,7.95,9.22
7/15/2025 16:00,24.03,7.94,9.1
7/15/2025 17:00,24.17,7.9,8.91
7/15/2025 18:00,24.21,7.84,8.77
7/15/2025 19:00,24.09,7.77,8.64
7/15/2025 20:00,23.82,7.69,8.54
7/15/2025 21:00,23.36,7.61,8.44
7/15/2025 22:00,22.8,7.55,8.37
7/15/2025 23:00,22.22,7.51,8.38
7/16/2025 0:00,21.71,7.48,8.42
7/16/2025 1:00,21.29,7.47,8.47
7/16/2025 2:00,20.91,7.46,8.52
7/16/2025 3:00,20.54,7.44,8.59
7/16/2025 4:00,20.18,7.43,8.65
7/16/2025 5:00,19.86,7.42,8.71
7/16/2025 6:00,19.58,7.42,8.79
7/16/2025 7:00,19.36,7.44,8.93
7/16/2025 8:00,19.29,7.49,9.11
7/16/2025 9:00,19.45,7.54,9.29
7/16/2025 10:00,19.98,7.64,9.44
7/16/2025 11:00,20.64,7.72,9.5
7/16/2025 12:00,21.41,7.8,9.51
7/16/2025 13:00,22.16,7.88,9.48
7/16/2025 14:00,22.79,7.93,9.4
7/16/2025 15:00,23.32,7.97,9.28
7/16/2025 16:00,23.72,7.97,9.13
7/16/2025 17:00,23.95,7.93,8.95
7/16/2025 18:00,24.02,7.87,8.78
7/16/2025 19:00,23.94,7.81,8.64
7/16/2025 20:00,23.71,7.73,8.54
7/16/2025 21:00,23.29,7.64,8.42
7/16/2025 22:00,22.75,7.56,8.34
7/16/2025 23:00,22.24,7.52,8.34
7/17/2025 0:00,21.79,7.49,8.38
7/17/2025 1:00,21.4,7.47,8.41
7/17/2025 2:00,21.05,7.46,8.47
7/17/2025 3:00,20.71,7.46,8.53
7/17/2025 4:00,20.37,7.44,8.59
7/17/2025 5:00,20.05,7.43,8.65
7/17/2025 6:00,19.76,7.42,8.73
7/17/2025 7:00,19.55,7.45,8.88
7/17/2025 8:00,19.48,7.49,9.07
7/17/2025 9:00,19.63,7.56,9.25
7/17/2025 10:00,20.14,7.66,9.44
7/17/2025 11:00,20.78,7.74,9.51
7/17/2025 12:00,21.52,7.83,9.52
7/17/2025 13:00,22.23,7.9,9.5
7/17/2025 14:00,22.87,7.95,9.42
7/17/2025 15:00,23.37,7.99,9.32
7/17/2025 16:00,23.73,8,9.17
7/17/2025 17:00,23.92,7.95,9
7/17/2025 18:00,23.94,7.89,8.82
7/17/2025 19:00,23.84,7.81,8.7
7/17/2025 20:00,23.67,7.73,8.58
7/17/2025 21:00,23.3,7.63,8.44
7/17/2025 22:00,22.8,7.56,8.36
7/17/2025 23:00,22.27,7.51,8.37
7/18/2025 0:00,21.77,7.49,8.42
7/18/2025 1:00,21.32,7.48,8.48
7/18/2025 2:00,20.95,7.48,8.53
7/18/2025 3:00,20.62,7.46,8.59
7/18/2025 4:00,20.3,7.45,8.65
7/18/2025 5:00,20.01,7.44,8.69
7/18/2025 6:00,19.76,7.45,8.76
7/18/2025 7:00,19.58,7.48,8.91
7/18/2025 8:00,19.51,7.55,9.15
7/18/2025 9:00,19.55,7.63,9.35
7/18/2025 10:00,19.56,7.66,9.38
7/18/2025 11:00,19.62,7.71,9.5
7/18/2025 12:00,19.91,7.81,9.66
7/18/2025 13:00,20.4,7.91,9.71
7/18/2025 14:00,20.91,8.01,9.75
7/18/2025 15:00,21.46,8.06,9.68
7/18/2025 16:00,22.05,8.04,9.49
7/18/2025 17:00,22.38,8.01,9.33
7/18/2025 18:00,22.68,8.05,9.27
7/18/2025 19:00,22.57,7.94,9.04
7/18/2025 20:00,22.28,7.81,8.87
7/18/2025 21:00,21.84,7.69,8.74
7/18/2025 22:00,21.36,7.6,8.65
7/18/2025 23:00,20.85,7.55,8.64
7/19/2025 0:00,20.4,7.52,8.67
7/19/2025 1:00,20.01,7.5,8.73
7/19/2025 2:00,19.66,7.48,8.79
7/19/2025 3:00,19.31,7.47,8.85
7/19/2025 4:00,19.03,7.46,8.92
7/19/2025 5:00,18.78,7.47,8.97
7/19/2025 6:00,18.63,7.47,9.03
7/19/2025 7:00,18.54,7.5,9.15
7/19/2025 8:00,18.6,7.57,9.36
7/19/2025 9:00,18.78,7.63,9.51
7/19/2025 10:00,19.26,7.71,9.65
7/19/2025 11:00,19.91,7.8,9.71
7/19/2025 12:00,20.65,7.86,9.7
7/19/2025 13:00,21.37,7.94,9.67
7/19/2025 14:00,21.68,7.97,9.57
7/19/2025 15:00,22.18,8.05,9.56
7/19/2025 16:00,22.55,8.05,9.41
7/19/2025 17:00,22.77,8.03,9.27
7/19/2025 18:00,23.23,8.07,9.15
7/19/2025 19:00,23.1,7.93,8.92
7/19/2025 20:00,22.65,7.8,8.79
7/19/2025 21:00,22.14,7.69,8.7
7/19/2025 22:00,21.65,7.6,8.61
7/19/2025 23:00,21.17,7.55,8.61
7/20/2025 0:00,20.73,7.52,8.64
7/20/2025 1:00,20.35,7.5,8.68
7/20/2025 2:00,20.03,7.49,8.74
7/20/2025 3:00,19.73,7.48,8.8
7/20/2025 4:00,19.45,7.48,8.85
7/20/2025 5:00,19.23,7.46,8.89
7/20/2025 6:00,19.08,7.47,8.94
7/20/2025 7:00,19,7.5,9.08
7/20/2025 8:00,19.02,7.57,9.29
7/20/2025 9:00,19.16,7.64,9.46
7/20/2025 10:00,19.67,7.72,9.6
7/20/2025 11:00,20.3,7.81,9.65
7/20/2025 12:00,20.88,7.89,9.64
7/20/2025 13:00,21.59,7.96,9.63
7/20/2025 14:00,22.23,8.02,9.56
7/20/2025 15:00,22.67,8.05,9.45
7/20/2025 16:00,22.94,8.05,9.32
7/20/2025 17:00,23.13,8,9.15
7/20/2025 18:00,23.18,7.95,8.99
7/20/2025 19:00,22.88,7.86,8.86
7/20/2025 20:00,22.53,7.76,8.77
7/20/2025 21:00,22.33,7.67,8.64
7/20/2025 22:00,22.03,7.59,8.53
7/20/2025 23:00,21.7,7.55,8.5
7/21/2025 0:00,21.3,7.51,8.53
7/21/2025 1:00,20.89,7.5,8.58
7/21/2025 2:00,20.54,7.48,8.63
7/21/2025 3:00,20.26,7.48,8.68
7/21/2025 4:00,20.01,7.47,8.73
7/21/2025 5:00,19.79,7.46,8.77
7/21/2025 6:00,19.59,7.47,8.82
7/21/2025 7:00,19.43,7.48,8.95
7/21/2025 8:00,19.38,7.53,9.12
7/21/2025 9:00,19.55,7.6,9.32
7/21/2025 10:00,20.05,7.69,9.48
7/21/2025 11:00,20.7,7.78,9.55
7/21/2025 12:00,21.45,7.87,9.58
7/21/2025 13:00,22.19,7.94,9.54
7/21/2025 14:00,22.85,7.99,9.45
7/21/2025 15:00,23.4,8.03,9.32
7/21/2025 16:00,23.68,8.01,9.12
7/21/2025 17:00,23.75,7.95,8.93
7/21/2025 18:00,23.69,7.89,8.85
7/21/2025 19:00,23.54,7.82,8.71
7/21/2025 20:00,23.34,7.76,8.59
7/21/2025 21:00,23.05,7.68,8.47
7/21/2025 22:00,22.61,7.6,8.38
7/21/2025 23:00,22.1,7.55,8.38
7/22/2025 0:00,21.6,7.52,8.42
7/22/2025 1:00,21.18,7.5,8.46
7/22/2025 2:00,20.82,7.5,8.52
7/22/2025 3:00,20.51,7.47,8.58
7/22/2025 4:00,20.24,7.48,8.64
7/22/2025 5:00,19.95,7.46,8.69
7/22/2025 6:00,19.73,7.47,8.75
7/22/2025 7:00,19.63,7.5,8.91
7/22/2025 8:00,19.61,7.58,9.15
7/22/2025 9:00,19.62,7.63,9.29
7/22/2025 10:00,20.14,7.74,9.48
7/22/2025 11:00,20.8,7.84,9.54
7/22/2025 12:00,21.55,7.92,9.55
7/22/2025 13:00,22.29,7.99,9.5
7/22/2025 14:00,22.89,8.04,9.42
7/22/2025 15:00,23.36,8.07,9.29
7/22/2025 16:00,23.71,8.07,9.16
7/22/2025 17:00,23.86,8.02,8.98
7/22/2025 18:00,23.95,7.95,8.82
7/22/2025 19:00,23.78,7.86,8.69
7/22/2025 20:00,23.53,7.76,8.58
7/22/2025 21:00,23.21,7.66,8.45
7/22/2025 22:00,22.77,7.58,8.37
7/22/2025 23:00,22.32,7.54,8.35
7/23/2025 0:00,21.93,7.51,8.38
7/23/2025 1:00,21.59,7.49,8.41
7/23/2025 2:00,21.25,7.49,8.47
7/23/2025 3:00,20.93,7.49,8.53
7/23/2025 4:00,20.63,7.48,8.58
7/23/2025 5:00,20.36,7.46,8.63
7/23/2025 6:00,20.14,7.46,8.69
7/23/2025 7:00,20,7.49,8.82
7/23/2025 8:00,19.98,7.55,9.04
7/23/2025 9:00,20.08,7.62,9.23
7/23/2025 10:00,20.54,7.71,9.38
7/23/2025 11:00,21.15,7.8,9.47
7/23/2025 12:00,21.89,7.89,9.47
7/23/2025 13:00,22.62,7.96,9.44
7/23/2025 14:00,23.22,8.01,9.38
7/23/2025 15:00,23.73,8.05,9.25
7/23/2025 16:00,24.05,8.04,9.11
7/23/2025 17:00,24.25,7.97,8.92
7/23/2025 18:00,24.32,7.93,8.76
7/23/2025 19:00,24.21,7.85,8.62
7/23/2025 20:00,23.94,7.75,8.51
7/23/2025 21:00,23.51,7.64,8.41
7/23/2025 22:00,23.02,7.56,8.33
7/23/2025 23:00,22.55,7.52,8.33
7/24/2025 0:00,22.12,7.5,8.37
7/24/2025 1:00,21.75,7.48,8.41
7/24/2025 2:00,21.41,7.48,8.46
7/24/2025 3:00,21.1,7.47,8.52
7/24/2025 4:00,20.79,7.48,8.57
7/24/2025 5:00,20.54,7.45,8.62
7/24/2025 6:00,20.32,7.46,8.67
7/24/2025 7:00,20.12,7.48,8.8
7/24/2025 8:00,20.04,7.53,8.98
7/24/2025 9:00,20.14,7.58,9.17
7/24/2025 10:00,20.6,7.69,9.34
7/24/2025 12:00,21.94,7.87,9.46
7/24/2025 13:00,22.67,7.94,9.43
7/24/2025 14:00,23.26,7.98,9.35
7/24/2025 15:00,23.74,8.03,9.25
7/24/2025 16:00,24.08,8.01,9.09
7/24/2025 17:00,24.22,7.98,8.89
7/24/2025 18:00,24.17,7.93,8.76
7/24/2025 19:00,24.03,7.85,8.63
7/24/2025 20:00,23.62,7.76,8.52
7/24/2025 21:00,23.1,7.66,8.44
7/24/2025 22:00,22.53,7.58,8.38
7/24/2025 23:00,21.95,7.54,8.41
7/25/2025 0:00,21.43,7.51,8.46
7/25/2025 1:00,21.03,7.49,8.51
7/25/2025 2:00,20.67,7.5,8.58
7/25/2025 3:00,20.34,7.46,8.6
7/25/2025 4:00,20.02,7.45,8.68
7/25/2025 5:00,19.73,7.46,8.74
7/25/2025 6:00,19.49,7.46,8.8
7/25/2025 7:00,19.31,7.49,8.92
7/25/2025 8:00,19.27,7.54,9.13
7/25/2025 9:00,19.43,7.63,9.35
7/25/2025 10:00,19.83,7.72,9.49
7/25/2025 11:00,20.42,7.8,9.56
7/25/2025 12:00,21.05,7.91,9.61
7/25/2025 13:00,21.59,8.02,9.63
7/25/2025 14:00,22.06,8.1,9.61
7/25/2025 15:00,22.41,8.16,9.52
7/25/2025 16:00,22.67,8.22,9.43
7/25/2025 17:00,22.83,8.26,9.33
7/25/2025 18:00,22.68,8.25,9.21
7/25/2025 19:00,22.5,8.21,9.1
7/25/2025 20:00,22.18,8.04,8.94
7/25/2025 21:00,21.83,7.83,8.75
7/25/2025 22:00,21.42,7.68,8.62
7/25/2025 23:00,21.01,7.6,8.59
7/26/2025 0:00,20.63,7.55,8.62
7/26/2025 1:00,20.3,7.51,8.65
7/26/2025 2:00,20.01,7.51,8.69
7/26/2025 3:00,19.74,7.49,8.74
7/26/2025 4:00,19.5,7.47,8.78
7/26/2025 5:00,19.28,7.46,8.83
7/26/2025 6:00,19.1,7.47,8.87
7/26/2025 7:00,18.99,7.49,9
7/26/2025 8:00,18.99,7.54,9.19
7/26/2025 9:00,19.14,7.6,9.36
7/26/2025 10:00,19.61,7.72,9.52
7/26/2025 11:00,20.23,7.82,9.6
7/26/2025 12:00,21.01,7.9,9.59
7/26/2025 13:00,21.74,7.97,9.56
7/26/2025 14:00,22.35,8.03,9.48
7/26/2025 15:00,22.79,8.08,9.38
7/26/2025 16:00,22.95,8.09,9.29
7/26/2025 17:00,22.69,7.94,9.07
7/26/2025 18:00,22.35,7.93,9.05
7/26/2025 19:00,22.01,7.84,8.95
7/26/2025 20:00,21.67,7.75,8.87
7/26/2025 21:00,21.42,7.67,8.75
7/26/2025 22:00,21.17,7.57,8.63
7/26/2025 23:00,20.83,7.55,8.63
7/27/2025 0:00,20.49,7.5,8.63
7/27/2025 1:00,20.15,7.49,8.68
7/27/2025 2:00,19.85,7.5,8.74
7/27/2025 3:00,19.58,7.49,8.79
7/27/2025 4:00,19.34,7.47,8.84
7/27/2025 5:00,19.14,7.47,8.89
7/27/2025 6:00,18.96,7.46,8.93
7/27/2025 7:00,18.82,7.5,9.07
7/27/2025 8:00,18.77,7.55,9.25
7/27/2025 9:00,18.89,7.62,9.43
7/27/2025 10:00,19.36,7.7,9.57
7/27/2025 11:00,20,7.78,9.63
7/27/2025 12:00,20.72,7.85,9.64
7/27/2025 13:00,21.42,7.9,9.58
7/27/2025 14:00,22,7.96,9.52
7/27/2025 15:00,22.47,7.99,9.41
7/27/2025 16:00,22.78,7.99,9.27
7/27/2025 17:00,22.98,7.93,9.06
7/27/2025 18:00,23.05,7.89,8.94
7/27/2025 19:00,22.83,7.81,8.79
7/27/2025 20:00,22.5,7.73,8.72
7/27/2025 21:00,22.12,7.63,8.61
7/27/2025 22:00,21.71,7.57,8.56
7/27/2025 23:00,21.3,7.54,8.56
7/28/2025 0:00,20.92,7.52,8.6
7/28/2025 1:00,20.58,7.5,8.65
7/28/2025 2:00,20.25,7.49,8.7
7/28/2025 3:00,19.94,7.49,8.76
7/28/2025 4:00,19.68,7.48,8.8
7/28/2025 5:00,19.45,7.47,8.87
7/28/2025 6:00,19.25,7.47,8.91
7/28/2025 7:00,19.09,7.5,9.03
7/28/2025 8:00,19.02,7.53,9.21
7/28/2025 9:00,19.14,7.59,9.38
7/28/2025 10:00,19.59,7.69,9.55
7/28/2025 11:00,20.22,7.77,9.62
7/28/2025 12:00,20.92,7.84,9.64
7/28/2025 13:00,21.63,7.91,9.6
7/28/2025 14:00,22.25,7.97,9.53
7/28/2025 15:00,22.75,8,9.42
7/28/2025 16:00,23.1,8,9.27
7/28/2025 17:00,23.29,7.93,9.08
7/28/2025 18:00,23.33,7.89,8.93
7/28/2025 19:00,23.25,7.82,8.79
7/28/2025 20:00,23.01,7.73,8.7
7/28/2025 21:00,22.6,7.64,8.6
7/28/2025 22:00,22.12,7.56,8.52
7/28/2025 23:00,21.66,7.53,8.54
7/29/2025 0:00,21.27,7.51,8.57
7/29/2025 1:00,20.93,7.49,8.62
7/29/2025 2:00,20.61,7.49,8.67
7/29/2025 3:00,20.3,7.47,8.72
7/29/2025 4:00,19.99,7.47,8.78
7/29/2025 5:00,19.72,7.47,8.84
7/29/2025 6:00,19.49,7.45,8.89
7/29/2025 7:00,19.31,7.48,9
7/29/2025 8:00,19.25,7.53,9.18
7/29/2025 9:00,19.39,7.58,9.36
7/29/2025 10:00,19.92,7.67,9.52
7/29/2025 11:00,20.56,7.76,9.59
7/29/2025 12:00,21.3,7.84,9.6
7/29/2025 13:00,22,7.9,9.56
7/29/2025 14:00,22.65,7.95,9.47
7/29/2025 15:00,23.16,7.97,9.34
7/29/2025 16:00,23.52,7.97,9.19
7/29/2025 17:00,23.75,7.94,9.01
7/29/2025 18:00,23.88,7.88,8.84
7/29/2025 19:00,23.82,7.79,8.69
7/29/2025 20:00,23.59,7.71,8.59
7/29/2025 21:00,23.2,7.63,8.49
7/29/2025 23:00,22.27,7.52,8.43
7/30/2025 0:00,21.89,7.49,8.45
7/30/2025 1:00,21.58,7.48,8.49
7/30/2025 2:00,21.29,7.47,8.54
7/30/2025 3:00,21,7.47,8.58
7/30/2025 4:00,20.71,7.48,8.64
7/30/2025 5:00,20.43,7.47,8.68
7/30/2025 6:00,20.18,7.47,8.74
7/30/2025 7:00,19.98,7.47,8.86
7/30/2025 8:00,19.9,7.52,9.04
7/30/2025 9:00,20.02,7.59,9.23
7/30/2025 10:00,20.51,7.67,9.4
7/30/2025 11:00,21.12,7.77,9.49
7/30/2025 12:00,21.85,7.86,9.52
7/30/2025 13:00,22.54,7.93,9.48
7/30/2025 14:00,23.17,7.98,9.39
7/30/2025 15:00,23.66,8,9.27
7/30/2025 16:00,24.01,8.01,9.14
7/30/2025 17:00,24.25,7.96,8.97
7/30/2025 18:00,24.38,7.93,8.84
7/30/2025 19:00,24.31,7.87,8.73
7/30/2025 20:00,24.07,7.77,8.59
7/30/2025 21:00,23.65,7.66,8.44
7/30/2025 22:00,23.17,7.57,8.36
7/30/2025 23:00,22.7,7.53,8.34
7/31/2025 0:00,22.28,7.51,8.38
7/31/2025 1:00,21.9,7.49,8.42
7/31/2025 2:00,21.57,7.49,8.48
7/31/2025 3:00,21.27,7.48,8.52
7/31/2025 4:00,20.97,7.48,8.57
7/31/2025 5:00,20.73,7.47,8.61
7/31/2025 6:00,20.52,7.47,8.66
7/31/2025 7:00,20.37,7.49,8.77
7/31/2025 8:00,20.27,7.52,8.95
7/31/2025 9:00,20.33,7.61,9.19
7/31/2025 10:00,20.67,7.69,9.34
7/31/2025 11:00,21.3,7.78,9.42
7/31/2025 12:00,22.05,7.86,9.43
7/31/2025 13:00,22.81,7.93,9.4
7/31/2025 14:00,23.43,7.97,9.3
7/31/2025 14:00,23.43,7.97,9.3
7/31/2025 15:00,23.91,8,9.21
7/31/2025 16:00,24.25,8,9.07
7/31/2025 17:00,24.45,7.97,8.93
7/31/2025 18:00,24.49,7.9,8.75
7/31/2025 19:00,24.39,7.81,8.6
7/31/2025 20:00,24.17,7.72,8.51
7/31/2025 21:00,23.78,7.64,8.39
7/31/2025 22:00,23.3,7.57,8.32
7/31/2025 23:00,22.81,7.53,8.33
8/1/2025 0:00,22.37,7.52,8.37
8/1/2025 1:00,21.93,7.51,8.43
8/1/2025 2:00,21.56,7.5,8.48
8/1/2025 3:00,21.16,7.49,8.55
8/1/2025 4:00,20.82,7.49,8.61
8/1/2025 6:00,20.34,7.47,8.71
8/1/2025 7:00,20.16,7.49,8.82
8/1/2025 8:00,20.06,7.54,9.01
8/1/2025 9:00,20.12,7.6,9.2
8/1/2025 10:00,20.55,7.69,9.38
8/1/2025 11:00,21.07,7.78,9.49
8/1/2025 12:00,21.75,7.87,9.52
8/1/2025 13:00,22.41,7.94,9.49
8/1/2025 14:00,22.99,7.99,9.43
8/1/2025 15:00,23.46,8.01,9.32
8/1/2025 16:00,23.8,7.99,9.17
8/1/2025 17:00,24,7.93,8.98
8/1/2025 18:00,24,7.87,8.82
8/1/2025 19:00,23.88,7.8,8.7
8/1/2025 20:00,23.55,7.73,8.61
8/1/2025 21:00,23.13,7.64,8.52
8/1/2025 22:00,22.64,7.57,8.46
8/1/2025 23:00,22.19,7.54,8.49
8/2/2025 0:00,21.77,7.52,8.51
8/2/2025 1:00,21.4,7.5,8.57
8/2/2025 2:00,21.08,7.49,8.62
8/2/2025 3:00,20.74,7.49,8.67
8/2/2025 4:00,20.44,7.49,8.73
8/2/2025 5:00,20.21,7.48,8.77
8/2/2025 6:00,20.03,7.47,8.81
8/2/2025 7:00,19.92,7.49,8.93
8/2/2025 8:00,19.89,7.55,9.15
8/2/2025 9:00,19.94,7.6,9.29
8/2/2025 10:00,20.38,7.69,9.44
8/2/2025 11:00,20.97,7.77,9.51
8/2/2025 12:00,21.7,7.84,9.52
8/2/2025 13:00,22.45,7.89,9.48
8/2/2025 14:00,23.1,7.96,9.43
8/2/2025 15:00,23.53,8,9.34
8/2/2025 16:00,23.34,7.97,9.22
8/2/2025 17:00,23.42,7.93,9.09
8/2/2025 18:00,23.61,7.87,8.91
8/2/2025 19:00,23.48,7.8,8.78
8/2/2025 20:00,23.18,7.73,8.68
8/2/2025 21:00,22.8,7.64,8.58
8/2/2025 22:00,22.33,7.58,8.53
8/2/2025 23:00,21.88,7.54,8.53
8/3/2025 0:00,21.47,7.52,8.56
8/3/2025 1:00,21.12,7.5,8.61
8/3/2025 2:00,20.81,7.5,8.66
8/3/2025 3:00,20.53,7.49,8.71
8/3/2025 4:00,20.29,7.49,8.76
8/3/2025 5:00,20.09,7.48,8.8
8/3/2025 6:00,19.97,7.47,8.82
8/3/2025 7:00,19.93,7.5,8.94
8/3/2025 8:00,19.94,7.55,9.09
8/3/2025 9:00,20.12,7.64,9.35
8/3/2025 10:00,20.41,7.76,9.55
8/3/2025 11:00,20.6,7.85,9.62
8/3/2025 12:00,20.73,7.9,9.64
8/3/2025 13:00,20.93,7.95,9.67
8/3/2025 14:00,21.2,8.05,9.72
8/3/2025 15:00,21.61,8.11,9.69
8/3/2025 16:00,21.99,8.09,9.57
8/3/2025 17:00,22.25,8.05,9.38
8/3/2025 18:00,22.29,7.97,9.2
8/3/2025 19:00,22.1,7.88,9.11
8/3/2025 20:00,21.91,7.76,8.92
8/3/2025 21:00,21.79,7.66,8.76
8/3/2025 22:00,21.65,7.59,8.64
8/3/2025 23:00,21.42,7.55,8.61
8/4/2025 0:00,21.14,7.52,8.61
8/4/2025 1:00,20.83,7.51,8.65
8/4/2025 2:00,20.5,7.51,8.7
8/4/2025 3:00,20.23,7.5,8.76
8/4/2025 4:00,20.04,7.49,8.79
8/4/2025 5:00,19.86,7.49,8.83
8/4/2025 6:00,19.73,7.49,8.86
8/4/2025 7:00,19.64,7.5,8.99
8/4/2025 8:00,19.64,7.57,9.2
8/4/2025 9:00,19.75,7.64,9.38
8/4/2025 10:00,20.1,7.73,9.53
8/4/2025 11:00,20.62,7.82,9.63
8/4/2025 12:00,21.03,7.9,9.62
8/4/2025 13:00,21.29,7.98,9.65
8/4/2025 14:00,21.64,8.03,9.6
8/4/2025 15:00,21.89,8.08,9.56
8/4/2025 16:00,22.41,8.13,9.49
8/4/2025 17:00,22.37,8.08,9.32
8/4/2025 18:00,22.32,8.03,9.23
8/4/2025 19:00,22.31,8,9.12
8/4/2025 20:00,22.15,7.87,8.95
8/4/2025 21:00,21.78,7.73,8.8
8/4/2025 22:00,21.42,7.63,8.7
8/4/2025 23:00,21.06,7.58,8.68
8/5/2025 0:00,20.74,7.55,8.68
8/5/2025 1:00,20.44,7.51,8.7
8/5/2025 2:00,20.16,7.51,8.76
8/5/2025 3:00,19.93,7.5,8.81
8/5/2025 4:00,19.77,7.49,8.84
8/5/2025 5:00,19.62,7.49,8.87
8/5/2025 6:00,19.49,7.48,8.9
8/5/2025 7:00,19.41,7.5,8.96
8/5/2025 8:00,19.41,7.53,9.11
8/5/2025 9:00,19.56,7.63,9.39
8/5/2025 10:00,19.71,7.73,9.53
8/5/2025 11:00,19.94,7.8,9.67
8/5/2025 12:00,20.25,7.89,9.72
8/5/2025 13:00,20.55,7.97,9.76
8/5/2025 14:00,20.79,8.04,9.74
8/5/2025 15:00,20.92,8.01,9.63
8/5/2025 16:00,20.92,7.95,9.48
8/5/2025 17:00,20.93,7.91,9.4
8/5/2025 18:00,20.88,7.86,9.29
8/5/2025 19:00,20.79,7.77,9.15
8/5/2025 20:00,20.66,7.68,9.02
8/5/2025 21:00,20.53,7.61,8.92
8/5/2025 22:00,20.38,7.57,8.86
8/5/2025 23:00,20.25,7.53,8.85
8/6/2025 0:00,20.12,7.52,8.85
8/6/2025 1:00,19.99,7.5,8.86
8/6/2025 2:00,19.89,7.49,8.87
8/6/2025 3:00,19.79,7.48,8.88
8/6/2025 4:00,19.69,7.47,8.89
8/6/2025 5:00,19.61,7.47,8.89
8/6/2025 6:00,19.53,7.47,8.91
8/6/2025 7:00,19.48,7.47,8.93
8/6/2025 8:00,19.47,7.48,8.98
8/6/2025 9:00,19.5,7.51,9.09
8/6/2025 10:00,19.79,7.62,9.42
8/6/2025 11:00,20.35,7.75,9.57
8/6/2025 12:00,20.55,7.83,9.65
8/6/2025 13:00,20.66,7.89,9.65
8/6/2025 14:00,20.83,7.92,9.63
8/6/2025 15:00,21.61,8.03,9.67
8/6/2025 16:00,22.65,8.14,9.58
8/6/2025 17:00,22.83,8.12,9.38
8/6/2025 18:00,22.66,8.03,9.24
8/6/2025 19:00,22.23,7.92,9.1
8/6/2025 20:00,21.53,7.77,8.98
8/6/2025 21:00,21.03,7.66,8.91
8/6/2025 22:00,20.71,7.59,8.84
8/6/2025 23:00,20.47,7.55,8.82
8/7/2025 0:00,20.26,7.52,8.83
8/7/2025 1:00,20.01,7.51,8.86
8/7/2025 2:00,19.82,7.5,8.89
8/7/2025 3:00,19.62,7.5,8.92
8/7/2025 4:00,19.4,7.49,8.96
8/7/2025 5:00,19.23,7.48,9
8/7/2025 6:00,19.09,7.48,9.03
8/7/2025 7:00,18.93,7.5,9.12
8/7/2025 8:00,18.88,7.54,9.31
8/7/2025 9:00,19,7.62,9.51
8/7/2025 10:00,19.42,7.68,9.64
8/7/2025 11:00,20,7.77,9.71
8/7/2025 12:00,20.52,7.82,9.7
8/7/2025 13:00,20.61,7.87,9.66
8/7/2025 14:00,20.76,7.88,9.6
8/7/2025 15:00,21.02,7.88,9.56
